1.0,0.43636475095129196,0.06659238387043058,0.026269212793151735,-0.07616516533559697,-0.11075099951448968,-0.5249553352706967,-0.11658491605470558,0.10936014849380396,-0.07990003398791223,0.1468365220186659,0.04143972942776158,0.14281558116361248,0.21387892440109657,-0.15754834794858089,0.21493899441598424,-0.16317386927064845,0.2125138686914868,-0.5423339357256046,-0.12869212194662757,0.44644398985212735,0.10650347086346865,-0.06798905339773723,0.3279601899265372,-0.08700200935982469,0.18801783252999657,0.14198095412950124,0.24350282860724487,-0.315636687948096,-0.3981777907697535,0.11262831236182826,-0.27741145834818964,0.2012455833689009,0.02674199806789143,-0.23936198940756556,0.45935951734090097,0.21709291478251536,-0.07329854914862738,0.015892329811134413,-0.3310629399491683,0.568669405908433,0.23150402970580827,0.23666686122629582,-0.044977940412884186,-0.3073882833272876,0.24465096213685436,0.01411332489486571,-0.3515536288023233,-0.0410213531445542,-0.39734447923815835,-0.2100590692272092,0.17017853625624527,0.09881795533914335,-0.45242245596471276,0.277339873777335,0.2309813748959576,-0.05177036121056766,0.7947745289561817,0.009565977759665934,-0.4931609335109583,-0.2465549281356621,0.2364203283441451,-0.09514526716517302,-0.44170447482638053,0.02283515183003578,-0.1636145050117116,0.06897123602497814,-0.09425530317256733
0.43636475095129196,1.0,0.5486622266584862,0.0269382511934318,0.0072777170349340925,-0.019411448813086,-0.26099916707043,0.34149256179320053,-0.0501583807061812,0.02340992330399904,0.1658983267085261,0.0031818397832841477,0.03465555735490229,-0.2178114969564936,-0.21848386341586915,-0.33645971270087094,0.07521278184919007,0.2619833949705063,0.36381070035906304,-0.2117604365702798,0.07760532792006812,-0.13961823127297085,0.2133325742035151,-0.19966248724075833,-0.0401553142281562,-0.2719996261447074,0.2498761036124525,-0.2327100365367489,0.07813623464620811,-0.30581498159099246,0.039864159572818615,-0.11375006683206586,0.20839799887042457,-0.2455743892028703,-0.004699004673525564,-0.2682978631550595,-0.11299033211798802,-0.002108444047399007,-0.24810281868256642,0.0012722912075386111,0.18349503584725835,-0.21166728325886783,-0.04421793241578322,0.3059618428425919,0.11546677131596661,0.2684585615157184,0.04909498459928787,-0.3253832419868166,-0.3197087070053168,0.04698803740732714,0.17274489902748155,0.39743583117425785,0.2888126702182487,0.08593372742494165,-0.08447024127835653,0.25426199676840233,0.13254860948457062,0.22697997174030982,0.2882353435546939,-0.3315828628105608,-0.06978079593213353,-0.1663416157409429,-0.535490518132113,0.3818681934495903,-0.12003562870784604,-0.22315569294035445,-0.17131261794892272,0.17859467769506954
0.06659238387043058,0.5486622266584862,1.0,0.10118929197285573,-0.37913724580462316,0.01492501094352833,-0.40553277688492795,0.3472779756799857,0.20377923268885578,0.38607304853862223,-0.06139814504338078,0.2927134492282637,-0.21118909771794392,-0.33360537694044495,-0.42920091323311244,-0.2651980005855309,0.12228986815751404,-0.013681397443011353,0.05556294431522552,-0.013644736556563855,0.30362306218755236,0.049806410535397534,0.29928518814060484,-0.52464189273054,-0.08679123234299767,-0.056685092403092927,-0.27266152111471853,0.49117061422100244,0.08601279687067731,-0.44094331995560504,-0.13648136025667984,-0.09664416924190491,0.07591263814806591,-0.1226951886535826,0.1029929159210757,0.39097165477871315,-0.22292654626138586,0.01034517413118911,0.28851235329809055,0.15549530396514682,0.018763353688221403,0.48154100606689976,0.23391603661057953,0.24061394196851382,-0.06616999681708713,0.3467977545585109,-0.5379102287391815,0.17658185025417267,-0.4386409000322518,0.15556415834756815,-0.08956720093484247,-0.42595843642686043,0.5794217841808762,-0.3170612640336096,0.20448064567398683,-0.4827994893453215,0.08733370332041625,-0.17102950695689362,-0.09551943937104401,-0.21056528489921755,-0.18477341859919497,-0.10324016868800781,0.3616697276638299,-0.0696715221338391,0.09207299691159827,0.06862298709245965,0.2788100545622661,-0.3539969711996657
0.026269212793151735,0.0269382511934318,0.10118929197285573,1.0,-0.20258656028800334,0.23588238480324772,0.09377619246971401,0.021675328406300664,0.24696618897541545,-0.28936860284769994,-0.10706089637149432,-0.18080860665336634,0.1905109917904634,-0.17823990446500376,-0.041321471372374956,-0.33937908556835034,0.2977902988812423,0.48472504923926313,-0.32994332575728214,0.2746785661391804,-0.27395976989635734,0.30556141240825857,-0.07474279018883305,-0.11351770608431662,0.3073097352627991,0.42086584979923325,0.37701299899217405,0.3195237189654612,0.2217267023632102,-0.27494132403666366,-0.3881432849246458,-0.2902989659907139,0.45230025401453455,0.19228086601210068,0.3048524192913067,-0.13154795396140656,-0.0933237275467493,0.4336233960172473,-0.6191389866527283,-0.1011109200392603,0.32331402003560766,0.23534999574051602,-0.3455791837108291,0.17101313386225597,-0.4448655346302273,-0.4906698979376644,-0.055869790679236656,0.19710268959992447,0.12001353787686274,0.33092398421931046,0.27271302388370444,-0.10237544438985674,-0.0424616892528187,0.22632570125707607,-0.08714312776653417,0.36479826512457847,-0.17738073516756095,0.0927598144563871,-0.13482242910279324,0.1136466002291686,0.062215077855092824,0.16769755275551712,0.07693014718284248,-0.04915920149909165,-0.0815157826418691,-0.34840148886076056,-0.09235201392711088,-0.1618281855129773
-0.07616516533559697,0.0072777170349340925,-0.37913724580462316,-0.20258656028800334,1.0,0.16087150225964597,0.2660601476587204,0.008722590513836325,-0.3267356453200462,0.2195987575971882,-0.2085660224409957,-0.026888317886718787,0.5604304658843008,-0.0245589104887032,0.12340733226111242,-0.1588014033144803,-0.6356585680280072,-0.061143828691440014,-0.0033394600952981637,0.077565678627591,0.2283081301220822,0.2524285442700291,0.10003060873845686,0.3178554801643118,-0.029852442577655177,0.0032734004394404403,-0.05157118084110083,0.10693368236053227,0.38149584077333804,-0.1551748234956767,0.15713763096418873,-0.25295969012982944,0.014290773072558426,0.1487088223465509,-0.007790600547517471,0.2953459711924374,0.5718203012363156,-0.10841299867073949,0.30865373498977067,0.1631737720164745,0.2480126986207367,0.28948338059273926,-0.11186295965613373,0.07372337466791407,-0.19076330345154674,-0.041572552994681225,-0.36718916855891326,-0.1918658548620625,0.19662708642561558,0.44423801663545903,0.2829096304190275,-0.3529211406839445,-0.11525363323580838,0.4661965085864251,0.3714439034998993,0.1916341963335992,-0.15054152853608913,0.06564469222006529,-0.07762138760446573,-0.2565589646401339,0.18943753778700845,-0.6252372708332593,-0.08843407154340252,0.26297472623557794,0.40230107375348123,-0.02999119425582835,0.2256714670845138,0.3788848701823517
-0.11075099951448968,-0.019411448813086,0.01492501094352833,0.23588238480324772,0.16087150225964597,1.0,-0.10077791910066212,-0.10636156629694644,0.0009788745767192984,-0.19090134281200202,-0.28059850404596726,0.4255506587628201,0.08342674066002441,0.0076877608109922405,-0.29214652244799644,-0.33843907779945237,0.4182189465610931,-0.13083855285009902,0.16914603544578685,-0.38044056008297544,-0.35870897902707516,0.0919232320636673,-0.02606775909547785,-0.1842698404622928,0.2589755052792328,-0.2919048421922274,0.35542601266148677,-0.5272154681912335,-0.040233649886064024,-0.33211698975998005,0.10654650775748838,0.3394040717202609,0.05638709050550618,-0.09263456224539154,-0.19927705395639927,-0.09930118252837788,-0.22694302464355448,-0.4976552331827414,-0.19885379657987307,-0.2090214157464738,0.29107132718759066,-0.08553215994721218,0.35051275225826767,-0.4645212631580558,-0.02647461675117191,0.18998419166446545,0.4639747606086602,-0.0856556456413769,-0.08367670958378993,0.06186206693226642,0.15947411596871258,-0.5422965760868128,0.38490318450210687,-0.134037123910146,-0.5969485518876748,-0.3250177038476777,0.29879709591435816,-0.02829785353685089,0.13736026236622806,0.27595013852001576,0.13783476528308078,-0.16199170696582654,-0.11486390215943876,-0.2935636684771499,-0.015324824448260657,0.15942437581930624,-0.15950141940891568,0.14225577170616055
-0.5249553352706967,-0.26099916707043,-0.40553277688492795,0.09377619246971401,0.2660601476587204,-0.10077791910066212,1.0,0.3373314037451394,0.36648817986244775,-0.30929618176247337,-0.1475424293158923,0.284042996565433,-0.3657012884169407,-0.2140388899496829,-0.5766099799601121,0.09999757976721928,-0.45056137046814876,0.03153611944732267,-0.38918356415892874,-0.2027926853425467,0.24894628390732967,-0.05963794065417712,0.04850132770522216,-0.37892743006538027,-0.1588940231921877,0.22565012199550957,0.12332450186299083,-0.5491472596971784,0.2934193021115215,0.26712631831186606,0.19936766939968564,0.35990660247731493,-0.21320157975680942,-0.01153162065882747,-0.15189683284580133,-0.010598756621648222,-0.21175694719747662,0.1637666104907776,0.48928320238373346,-0.5258602586548433,-0.1522510129874148,-0.3515557648082543,0.0351754036264309,0.25188919106004826,-0.12821922450348017,0.0953612911821424,-0.29864959775963823,0.7452046644510659,-0.06296988133539512,-0.03679067581144296,0.018350108388727405,0.02130324871896247,0.05322746043356787,0.14705736465370006,0.18052784917475292,0.06179681045201859,0.05471000228907549,-0.671151755195968,-0.21987530962519222,-0.2708588485179107,-0.11265804825557309,0.45643223283445966,0.40843320939103145,-0.08401567298568517,0.14132553180172144,-0.06274738581871088,-0.005563077351940961,-0.3743038934749524
-0.11658491605470558,0.34149256179320053,0.3472779756799857,0.021675328406300664,0.008722590513836325,-0.10636156629694644,0.3373314037451394,1.0,-0.12432355574498022,-0.06846509109702442,-0.11999041843445532,0.11152831017891056,0.04542066900574322,-0.06281532197505271,0.6598986707382678,0.6712128395535158,0.02222206135397186,-0.07122146731789002,-0.12361908538918921,0.10334610133100267,0.2445865692694816,0.09206237973961294,-0.12349511025663179,0.34194565162582663,-0.04936096301480068,-0.3511680173938337,9.656900000540088e-07,-0.01749383449953616,-0.043149039889902076,0.32040044097466,-0.6617092085273045,0.006711999545917423,-0.14582299202199672,-0.5246131882076653,0.062258231864582236,0.19547443296344041,-0.19468617351669526,-0.24859922077809632,0.23672690264085147,0.33877621008192843,-0.06521227265976819,-0.34709018506597217,0.02271063957817031,0.3448348082990992,0.6143516054121865,-0.2977838610408871,0.15747065542109379,0.1959679953952587,0.22734217922786895,0.019143998823342376,-0.07577277006253107,0.12692040291385184,0.017737715244139064,-0.35018966600919627,-0.46470263349258184,0.32464165543113876,-0.087711569524832,0.027416247987824174,0.19296472184788355,-0.5890429369928212,-0.21863660406408106,-0.06355057569439866,0.5234538714209749,0.10238543855303266,0.20134999109746365,-0.13402389660340308,0.1054464899503319,0.10531376749484533
0.10936014849380396,-0.0501583807061812,0.20377923268885578,0.24696618897541545,-0.3267356453200462,0.0009788745767192984,0.36648817986244775,-0.12432355574498022,1.0,-0.02633443408533303,0.5148231639703015,-0.09528241463490791,-0.32259884679152356,0.2701856024736619,0.36921510165484767,0.255336979749759,0.4033586949404275,0.022218131340729554,0.0744541932947115,0.15454516332482873,0.33100888458004857,0.16708968766960733,0.11493400873858439,-0.3200445483642047,-0.3594141667237127,0.4155661777682964,-0.09714444890487149,0.05368451592666464,-0.3181483952966969,0.12659221558151926,0.19783834337977022,-0.3118585689655749,-0.04791311335373557,-0.08442900445985342,-0.17312359192435045,0.09147594660144581,0.20805683067107528,-0.014528869855738931,0.036233494502291574,0.06848649106398116,0.19859546145604237,0.11545569060220338,0.18899251813398824,0.3155752651354079,-0.19115833190032738,-0.03024709941335555,-0.029329234042200083,0.27402195113671285,0.45833548314572303,-0.3138185203337131,-0.11250477143508288,0.049636398859986434,0.18929889798052646,-0.06462712848221751,0.37605549135263133,-0.3312058828780642,-0.3774882627653775,-0.14003616670789562,-0.4000449309023516,0.058827469135323184,0.02759559823601788,0.10699308827538978,0.010622492218147834,0.10630893345637549,-0.29166962579499434,-0.3243955511939039,0.08467656646380753,0.17497569783087188
-0.07990003398791223,0.02340992330399904,0.38607304853862223,-0.28936860284769994,0.2195987575971882,-0.19090134281200202,-0.30929618176247337,-0.06846509109702442,-0.02633443408533303,1.0,0.2344581961848283,-0.443684839333619,0.12407004700884083,0.312313811268203,0.472797467621934,-0.35706860690609066,0.26687169607121153,-0.1412303103259932,-0.584042044207225,-0.24200206577395378,-0.24827761358458672,0.21826310254193923,-0.22506205884319128,0.05172599057892869,-0.0986750905661652,0.18254764760905728,0.34053119116079744,-0.05316540195115704,-0.186877480796918,-0.4072022300232413,0.17990654273997986,0.06544984819834682,0.4936860003672644,-0.2694444000512132,-0.06721954708616842,-0.29616805691416037,0.21121363628142423,-0.04727055503434745,-0.055148126739283834,0.008850881026939728,-0.4505851199584354,0.09111876974553486,-0.013236748881236224,-0.41132239296705286,0.3852848606321852,-0.15209893742603878,-0.03726687742650864,0.04847016943632605,0.2140712584276089,-0.12777587139740376,-0.4774372886621518,0.19318997041619038,-0.5182651424836725,-0.17868658570056933,-0.24369002872293877,-0.1245436215685085,-0.34303899796998877,-0.05453389756911419,-0.45497211233978335,-0.17991894928681681,-0.3685599933239739,-0.18669680490112014,0.34198772599540844,-0.3631446800745212,0.26127246824087014,-0.3616038678526002,-0.11697511225585099,-0.20713288072846717
0.1468365220186659,0.1658983267085261,-0.06139814504338078,-0.10706089637149432,-0.2085660224409957,-0.28059850404596726,-0.1475424293158923,-0.11999041843445532,0.5148231639703015,0.2344581961848283,1.0,0.1904764508475592,0.024842831512249215,-0.20069066350912695,-0.20942222408834593,0.17119314386144527,0.5036453068393261,0.11539784273013211,-0.1451235020581584,0.4806714928135075,0.31842832280430716,0.00010148788433918862,-0.02838260678311705,0.1167082284220581,-0.06076733629505562,-0.527206344365707,-0.10590256127633252,-0.0002990541760310126,-0.359260734409765,0.051568415966841384,-0.4805940755935078,0.16186902570896358,-0.4074976650744556,-0.18052295968908988,0.2570435559365834,0.2775304129596712,0.08682409655283614,0.4250829450466763,-0.22256652834349752,-0.32030929574209166,-0.10627266132914998,-0.32734986225783796,0.1344900304772623,-0.37288425280106013,-0.16344576379731193,0.4330074770858391,0.3447479307240738,-0.03808861116104082,0.47678199549644446,1.573893936618269e-05,0.5761587271716282,0.010470607767454723,-0.22447104671865095,0.08040937958712031,0.5581865174725044,0.037734793234250524,0.23972822878524974,-0.006803723192867079,0.0188781038108543,-0.1790790441568959,0.21609613504555614,-0.544668224038705,-0.3977814360146694,-0.5228322549724453,0.398072546675332,0.2621483556974791,0.2887232843125857,0.09565051513994852
0.04143972942776158,0.0031818397832841477,0.2927134492282637,-0.18080860665336634,-0.026888317886718787,0.4255506587628201,0.284042996565433,0.11152831017891056,-0.09528241463490791,-0.443684839333619,0.1904764508475592,1.0,0.2762508771026116,0.1611217625645489,0.1679231308914537,0.19950271870077033,0.12340848326733708,-0.10708034899000801,-0.2897090981098105,0.23733283484398016,-0.3757693351493068,0.033369264230051036,0.11653060679280944,0.2945650241100845,0.19356969668865634,-0.08359589849947013,-0.13330802281372417,-0.11183835012393484,-0.3827604183014399,-0.38639465635582587,-0.019455399278367116,0.29976973868048257,-0.17858165804647122,0.02315332692094094,0.2008108693251133,0.23652637847117047,-0.3596272828165049,-0.03479676421007496,0.03918123984500748,-0.06703736992470397,0.07331710523749875,-0.014563320001147052,-0.45608283560132035,-0.14487233425135407,-0.15742106568463868,-0.2973664593568032,-0.03150933867204998,-0.3424656624731104,0.11711266398856245,-0.21120959412528864,-0.2646241113258856,0.054421082327265974,-0.23682559027416844,0.361123706424586,0.03377137431025235,-0.2360851464765347,0.07884312569674697,0.2967411967167901,0.04288654930875026,0.24807294694748336,-0.28457752418533694,0.5647456543847361,0.28016628433713575,0.09602858095854967,-0.43341810528115216,0.1469643210554766,0.03757797071888016,-0.6357754014021538
0.14281558116361248,0.03465555735490229,-0.21118909771794392,0.1905109917904634,0.5604304658843008,0.08342674066002441,-0.3657012884169407,0.04542066900574322,-0.32259884679152356,0.12407004700884083,0.024842831512249215,0.2762508771026116,1.0,0.02894442448442954,-0.13543656461111145,0.23492363474697928,-0.3973029761824678,0.2927875698447167,-0.1331324778266076,-0.23218671072745248,0.27363208109839465,-0.0534791494376646,-0.14366471319822613,0.1814809639885012,-0.21514138110929967,0.3999599696059102,0.0007678750826659221,0.047177912443595156,-0.12342765270515554,-0.23228025457732226,0.14415449876456368,-0.014661233440123243,0.06558118040968819,0.3909896321588819,0.0431780123827094,-0.2660048196875359,0.33856721981244586,-0.0003093268318955876,0.1119438671042292,-0.10230658768484512,-0.2127995893896797,0.09213219753225987,0.5094861050452356,0.027252483269695257,-0.3851913076991958,0.014883025857973114,0.016257116132484737,-0.3379186298807769,-0.06793432101810605,0.06539189069953999,0.09989567012328085,-0.6191628908693101,0.1206278141217582,-0.09594323562220806,-0.24917434541465294,-0.1214409720110189,0.40351583789629386,-0.06788788299048581,0.091553419323832,0.46839443567380734,0.20646191160767485,0.37884352354147727,-0.32791619921018567,-0.20893331380855656,-0.1723228098132025,0.012611807982569292,0.3254987833176246,-0.13030318554972428
0.21387892440109657,-0.2178114969564936,-0.33360537694044495,-0.17823990446500376,-0.0245589104887032,0.0076877608109922405,-0.2140388899496829,-0.06281532197505271,0.2701856024736619,0.312313811268203,-0.20069066350912695,0.1611217625645489,0.02894442448442954,1.0,-0.33593579966448706,0.10966365211902618,0.008214329524468062,0.2880090023475978,-0.20693728699242472,0.11822851340016144,0.19028301860546057,0.3207319323496394,0.29922631129126537,0.08737028389950485,0.20614601234380156,-0.2814087297853517,-0.2186589584711849,0.018514143246257893,-0.09323400005485118,-0.002384801175727952,-0.10595662060377144,0.07338656581489762,-0.1582626079862698,0.08323170780528542,0.30845731878905547,0.12970976424622882,0.07701234962670757,0.42025738615259656,-0.05674136727092924,-0.18949547829924224,0.369846651264825,0.028627879815385747,0.46744486001889834,0.2304998518774938,-0.11413751262498864,0.5810110466433765,-0.22307641235789136,-0.19795730641070766,-0.23203662116515336,-0.13302336521667482,-0.11005842969998846,0.1363024549912057,0.1265841100168719,0.2708388354645707,-0.1614984304904174,-0.5267486521196114,-0.21167061040690696,-0.09041508362417121,-0.19966770243224088,0.015256497435990222,0.16611800711639807,-0.1206876135699979,-0.0031475272053896773,-0.26948394083070154,0.12141951980860895,-0.30699343277703656,0.21020388072796076,0.186345724663279
-0.15754834794858089,-0.21848386341586915,-0.42920091323311244,-0.041321471372374956,0.12340733226111242,-0.29214652244799644,-0.5766099799601121,0.6598986707382678,0.36921510165484767,0.472797467621934,-0.20942222408834593,0.1679231308914537,-0.13543656461111145,-0.33593579966448706,1.0,-0.20774961993317087,-0.36396180982940574,0.4018512373933993,0.0470466770201074,-0.38381401651026037,-0.24835346411712558,-0.29199019873858467,-0.0707843788089834,-0.25908703957998175,0.12852986903732924,0.4617047352642978,-0.40172728767097526,-0.08645956941606264,-0.015921275621196204,-0.2816114554494309,0.193266693228803,-0.4153194607767787,0.21379378397161047,-0.33686211994588977,0.3697948852227881,0.2578908444712359,0.1135087945848546,-0.10619551966652979,0.2001538908544115,0.24031322164046623,0.3038345394710544,-0.34702555498216947,-0.2615383581669242,-0.08394244863685747,0.06299432477620037,-0.2941613300282101,-0.0952985301082829,0.5108050068966592,-0.1521251764334713,0.46444835056349226,-0.12019048132633178,-0.46134916596590875,0.2560615061176388,-0.4088823610001271,0.10578043374725234,0.2042519478330017,-0.13850882530592526,-0.5900344373369177,-0.022235194378182027,-0.1851666479287883,0.30530790392879875,0.14336725066423034,0.11228012201080459,-0.24072517969689436,-0.20321236022370953,0.32515138074327066,-0.1607906474123288,-0.25399435639155754
0.21493899441598424,-0.33645971270087094,-0.2651980005855309,-0.33937908556835034,-0.1588014033144803,-0.33843907779945237,0.09999757976721928,0.6712128395535158,0.255336979749759,-0.35706860690609066,0.17119314386144527,0.19950271870077033,0.23492363474697928,0.10966365211902618,-0.20774961993317087,1.0,0.4980296306981603,0.19582202295634052,-0.3715977781005889,0.077243272291068,0.1250783767597393,0.18904698692600472,0.41821041576949075,0.1182430329428829,0.25057731662503396,-0.048160385325095,-0.06017122176367309,0.46225717655912524,0.1291166642490154,0.0004675924215461091,0.2946935795053223,-0.5375750339584922,0.06560321560326952,-0.25347546789462544,0.018710712879806475,0.05762567269289139,-0.4080897703316694,0.23999952178305242,0.03791952116996315,0.2085693698349686,0.1146362622684264,0.014496171410486145,-0.15976457320510282,0.16239368629775353,-0.10798228666563629,0.2568628047046576,-0.4220118200330685,0.10900477575059853,0.3775542932941617,0.6753307833223554,0.2095898696006281,0.09823705576937583,0.13060404164411188,0.052445320403394405,-0.03397720327918666,-0.06516616098587946,-0.022807427331579228,-0.1462383204415252,0.4310758723077161,0.26486030110582987,0.5264898021967985,0.0674006422243553,-0.48154870377704034,-0.1289819241425521,0.07902037264007777,-0.15003577230662662,0.2037145539907946,-0.4295542365244771
-0.16317386927064845,0.07521278184919007,0.12228986815751404,0.2977902988812423,-0.6356585680280072,0.4182189465610931,-0.45056137046814876,0.02222206135397186,0.4033586949404275,0.26687169607121153,0.5036453068393261,0.12340848326733708,-0.3973029761824678,0.008214329524468062,-0.36396180982940574,0.4980296306981603,1.0,-0.13818091569099197,0.17660397864762423,-0.3151174153980751,0.3258120512158299,0.0023336638770580153,0.21177152180409212,0.10427579039421107,0.36598137403090636,0.3363066375800139,-0.09102814973869926,-0.1273478693967029,-0.21652401206296285,-0.016783730915456003,0.24396141347827888,0.08087585245148901,0.06078285507480974,0.24324733714177235,0.0885415639488541,-0.1123161502048632,0.3862715117669498,-0.06506476243981915,-0.2258905559236199,-0.08615838573217288,-0.25707670165821384,0.18896581134362408,0.2657719408453412,0.6366165640809048,0.6426750659187467,-0.0746556975451278,0.19904012581492653,-0.1772762438337309,-0.227840128099477,0.12863339636508775,-0.5069143094533037,0.36380220272352054,0.06971472914447192,-0.2024822722819026,0.15956469237001059,0.022802875524130135,0.21492761739200783,-0.0785007888763007,0.08883621478265684,-0.04731311453757868,-0.17619099695546922,-0.3935823961680558,-0.0170237617944101,0.17379539507376635,-0.017113688513737086,0.35072975368864284,-0.047598238686807265,-0.2243951527814457
0.2125138686914868,0.2619833949705063,-0.013681397443011353,0.48472504923926313,-0.061143828691440014,-0.13083855285009902,0.03153611944732267,-0.07122146731789002,0.022218131340729554,-0.1412303103259932,0.11539784273013211,-0.10708034899000801,0.2927875698447167,0.2880090023475978,0.4018512373933993,0.19582202295634052,-0.13818091569099197,1.0,0.383100245167175,0.13494782511519002,0.012920884024404373,0.02967626675108723,0.5276638520262034,-0.009909899418356275,0.1980762564009876,0.3160569629027058,0.0774563083142352,0.4795333556859742,0.5978688689259295,-0.16657953561195973,-0.07632002418504583,-0.27893715547191383,-0.23767168515340595,0.24489639890549256,-0.05196745023270176,0.02019068034072597,0.21421510209968037,-0.06796717078114574,0.14272062131781016,-0.20360789780131827,-0.1335112571765256,0.0003770621293754747,-0.2762132153299484,-0.5936030398345015,0.22213374411815465,0.10396496738288931,-0.10005559229290664,-0.34823609326768984,-0.0235180344129635,-0.344430091569407,-0.29867362779076895,0.3011075692739784,0.451241514004903,0.027546497782895068,0.3108374346368297,0.10176535182968778,0.15981392614536266,-0.5569835672843437,0.09698071980905008,0.10434310618807785,0.02108383365084495,0.17705769419270262,0.17472034029342604,-0.7315313616854769,-0.3037622265033398,-0.09085664536117062,0.30028683882803053,-0.3901791443209576
-0.5423339357256046,0.36381070035906304,0.05556294431522552,-0.32994332575728214,-0.0033394600952981637,0.16914603544578685,-0.38918356415892874,-0.12361908538918921,0.0744541932947115,-0.584042044207225,-0.1451235020581584,-0.2897090981098105,-0.1331324778266076,-0.20693728699242472,0.0470466770201074,-0.3715977781005889,0.17660397864762423,0.383100245167175,1.0,-0.06818937042806163,-0.03806067458113302,-0.33920619035810584,0.15588239006290375,-0.3110599793343108,-0.1654645468378204,-0.21150776189374193,-0.1045135738629443,-0.1406245989563092,-0.1964912073594158,-0.4215806918541246,-0.09222324384716298,0.03905675036298465,0.003253445945249637,0.3645914577891206,-0.32522023928564137,-0.24262893768135055,-0.2047577883956596,-0.330974489388526,0.1952310246146383,-0.38696082107115604,0.19961539259515013,-0.1238760990858737,-0.14248982448930167,0.5073978054101129,-0.4206000666397649,0.024261448172580052,0.0751196466734687,0.0358061490092107,-0.018813859335782956,0.2383362482622656,0.2789140038603797,0.4778363063826283,-0.5539202949686488,-0.14476472055270376,0.2518942864577487,0.08491379150917472,0.22630530696003165,0.24595365666836014,0.11625095239088645,0.4717059449919994,-0.0073231168431913355,0.267936631890363,-0.04965604515992649,-0.01827929617970439,-0.42437926583781915,0.23398423790621986,0.15487661610965586,0.15493349619603136
-0.12869212194662757,-0.2117604365702798,-0.013644736556563855,0.2746785661391804,0.077565678627591,-0.38044056008297544,-0.2027926853425467,0.10334610133100267,0.15454516332482873,-0.24200206577395378,0.4806714928135075,0.23733283484398016,-0.23218671072745248,0.11822851340016144,-0.38381401651026037,0.077243272291068,-0.3151174153980751,0.13494782511519002,-0.06818937042806163,1.0,-0.003925165562397056,0.2312089511561334,0.013015008638588723,-0.07995268900844922,-0.1007022053387203,-0.011695044802003155,0.16292139798732586,-0.15099952846013082,0.04490483307917881,-0.17265926779213467,0.03611960180574008,-0.038022302831313096,0.26497245587317736,0.04623258494306045,0.1575027469582944,-0.05372000655420688,-0.22329621486846285,0.04639024938785672,-0.10998910490729993,0.20906424556143788,0.014882246667464375,0.2396195781796733,-0.0012373350154162197,0.018403742495068737,0.03021273339528974,-0.04274440281051996,0.32149408477753183,-0.1459897293577921,-0.14824833230797818,-0.27902617880359765,0.20842471008147545,-0.23354521045605164,-0.06899626380846313,0.3004018691146708,-0.03773908650440046,0.1751390304543053,-0.19151507618975208,0.41101147934010046,0.09028007161800958,-0.1311124642633491,-0.05493934312123685,-0.1359717608351905,-0.22298707213088537,0.20012060760119874,-0.2305915521045734,0.046672754442494975,-0.05411227620113454,0.2805616928913499
0.44644398985212735,0.07760532792006812,0.30362306218755236,-0.27395976989635734,0.2283081301220822,-0.35870897902707516,0.24894628390732967,0.2445865692694816,0.33100888458004857,-0.24827761358458672,0.31842832280430716,-0.3757693351493068,0.27363208109839465,0.19028301860546057,-0.24835346411712558,0.1250783767597393,0.3258120512158299,0.012920884024404373,-0.03806067458113302,-0.003925165562397056,1.0,-0.12754814551013663,0.13029884893115964,0.15748487901796887,-0.4372837393756254,0.17458313377761772,0.00401130147543111,0.12904616191410045,-0.162052849765758,-0.044877985744705876,-0.496723568692617,0.07243854906392605,-0.33244208731061553,0.015128570300849192,-0.31126990747198396,0.3770504421054554,-0.14893209561012744,-0.16556610822019496,-0.1293835016250831,0.3200828021534215,-0.15426090078422508,-0.08871237390648982,-0.010921752858947167,-0.1581020984165812,-0.1293667017424255,0.14795062635574183,0.4014875011669447,-0.05284146363977837,-0.1534135984062012,0.35804545209675787,-0.558479661326167,0.40315476681622125,-0.12830456113618746,-0.12698764545907937,-0.03861359741172092,-0.006776367343028772,-0.20604029769035742,-0.04579543829112205,-0.4640324958994218,-0.3352435689270027,0.10147971153072294,-0.007798297077395647,0.09746760421228894,-0.2749241919182752,0.2793840546604207,0.08558145430925765,-0.5064266045942339,-0.2964222000703326
0.10650347086346865,-0.13961823127297085,0.049806410535397534,0.30556141240825857,0.2524285442700291,0.0919232320636673,-0.05963794065417712,0.09206237973961294,0.16708968766960733,0.21826310254193923,0.00010148788433918862,0.033369264230051036,-0.0534791494376646,0.3207319323496394,-0.29199019873858467,0.18904698692600472,0.0023336638770580153,0.02967626675108723,-0.33920619035810584,0.2312089511561334,-0.12754814551013663,1.0,0.060478374420957555,0.24603519221028688,-0.2980653575179684,0.35089379132273174,0.5739233522556982,-0.08441875260012643,0.4589098771982524,0.08203151286086874,0.3592631107787009,0.24477699879969053,0.38357300643324777,-0.19088850285994535,-0.12682025074582812,-0.5596011610541549,0.12794398718352548,0.3287270384644647,-0.03573523882706193,0.1164924654650919,-0.10668397979629368,-0.11090831136458776,-0.24704843777277827,-0.304974487546798,0.05651840575014698,-0.5513074900909478,0.04186292090297776,-0.17266622143635585,-0.04757083655535132,-0.1749318308378083,-0.11094925364093512,0.20119887993912336,-0.216478748571719,-0.3703415425337201,-0.197972820423843,0.34457337854237996,-0.08179957523766795,0.20627335682280018,0.6822982419737071,-0.33275351283483223,0.42495558414379153,-0.12263209893211403,0.326371323719032,0.06609698474642066,-0.06993687169945757,0.1611543539471121,-0.1906170213593165,-0.2062624948561085
-0.06798905339773723,0.2133325742035151,0.29928518814060484,-0.07474279018883305,0.10003060873845686,-0.02606775909547785,0.04850132770522216,-0.12349511025663179,0.11493400873858439,-0.22506205884319128,-0.02838260678311705,0.11653060679280944,-0.14366471319822613,0.29922631129126537,-0.0707843788089834,0.41821041576949075,0.21177152180409212,0.5276638520262034,0.15588239006290375,0.013015008638588723,0.13029884893115964,0.060478374420957555,1.0,0.294913643195847,0.1775799015812009,0.5013799110759588,0.11084735575747798,0.19192144680857945,-0.22528434100051173,0.0638248892547952,0.3310211558175142,-0.16696302006993913,0.20333037905541693,0.1437996344816319,-0.2737071363739805,0.2594443236241165,-0.06431195969652874,0.07486821572649673,0.20614549283368155,-0.21352327790096334,0.1473712127549365,0.1830854300245359,-0.22369610516086538,-0.2645393542788236,-0.061584178192743935,0.2715995560077161,0.21531717957464433,-0.2511061807255403,0.21231797382364248,0.7903056098068387,0.18213934667744905,0.07745069609925252,0.4280613406294696,0.2609037038583955,-0.4021332491138715,-0.280314098058237,-0.2137038766611446,0.2426947174233629,0.2711603834324593,0.41501403835497236,0.19785601319590357,0.44261999602345503,-0.1671592710598873,0.1319940272938359,0.12940368178805267,-0.274589194464802,0.22651962377743995,0.008102956569923627
0.3279601899265372,-0.19966248724075833,-0.52464189273054,-0.11351770608431662,0.3178554801643118,-0.1842698404622928,-0.37892743006538027,0.34194565162582663,-0.3200445483642047,0.05172599057892869,0.1167082284220581,0.2945650241100845,0.1814809639885012,0.08737028389950485,-0.25908703957998175,0.1182430329428829,0.10427579039421107,-0.009909899418356275,-0.3110599793343108,-0.07995268900844922,0.15748487901796887,0.24603519221028688,0.294913643195847,1.0,0.11335694653816991,0.19250936068442212,0.1309405968710679,0.2974761482452951,-0.12092820025804676,0.18003276789923997,0.283012116382919,-0.15469187513057037,-0.40351877723755014,0.2689332182765918,-0.18664553167553827,-0.5778067007771079,0.005977925236418536,0.387848951923885,0.07105690479751553,-0.18294804157637057,-0.24208467684926097,0.35776747881315846,-0.2665341917867408,0.15727063495257662,0.20005979453057032,-0.00622046865929268,-0.04284296489453467,0.2814992453353124,0.1505427262444826,0.05038577717814376,-0.040723135058015836,-0.27334747736441445,0.41307993609109817,0.12304107571442266,0.0873286266922864,0.14983383094041045,0.13581420074154746,-0.3081000266040535,-0.09738198918326874,-0.15184784634920603,-0.30399357263426774,-0.14092816402156752,0.05765512804895159,-0.5268962919480454,-0.14196750060242047,0.2277396736516323,0.5393019601372655,-0.08163593081939707
-0.08700200935982469,-0.0401553142281562,-0.08679123234299767,0.3073097352627991,-0.029852442577655177,0.2589755052792328,-0.1588940231921877,-0.04936096301480068,-0.3594141667237127,-0.0986750905661652,-0.06076733629505562,0.19356969668865634,-0.21514138110929967,0.20614601234380156,0.12852986903732924,0.25057731662503396,0.36598137403090636,0.1980762564009876,-0.1654645468378204,-0.1007022053387203,-0.4372837393756254,-0.2980653575179684,0.1775799015812009,0.11335694653816991,1.0,-0.020790274960060764,0.09941108801707943,-0.2836166165742211,-0.12131255369466988,-0.3431617478875494,-0.03455306430074866,0.16612274260201454,-0.013525694286922497,-0.45566868666288435,0.12142801069580077,0.25497725906422036,-0.20695534144373356,0.16283246073234142,0.05720008542048797,-0.31895746743065084,0.19052482500106216,0.13394299987388222,-0.06190062533693133,-0.21546789084702117,-0.010488053206677402,-0.013023140363204982,-0.4145991835270892,0.4426925468050038,0.31745297154680563,0.06132137320038909,0.3021989566695701,0.14843508296587699,-0.24795125199285362,0.490196298526785,0.14379435552985972,0.16874876089193522,0.36316816517749473,-0.19770459789738798,0.197662048537103,0.4138411574165237,0.30445368914428916,0.10060129963239098,-0.003415113775310109,0.49644643040681274,0.29328148502168655,0.011309875107198268,-0.22711619707231398,0.2325812620085337
0.18801783252999657,-0.2719996261447074,-0.056685092403092927,0.42086584979923325,0.0032734004394404403,-0.2919048421922274,0.22565012199550957,-0.3511680173938337,0.4155661777682964,0.18254764760905728,-0.527206344365707,-0.08359589849947013,0.3999599696059102,-0.2814087297853517,0.4617047352642978,-0.048160385325095,0.3363066375800139,0.3160569629027058,-0.21150776189374193,-0.011695044802003155,0.17458313377761772,0.35089379132273174,0.5013799110759588,0.19250936068442212,-0.020790274960060764,1.0,0.3454306898872652,-0.144838004866255,0.15252653780250852,0.03160018100377904,-0.3867255155029928,-0.5105147937564926,-0.19248914283366847,0.02130026182711665,-0.006703608223047028,0.3756686334838163,0.11061593330410457,0.21443411664292253,-0.5350805684348228,-0.05723088375677613,0.09155152773028799,-0.22845942191493446,-0.04401449861841318,0.03255902950555801,0.26246194582408483,0.20243349752120923,0.13731903750772223,0.39434984736235323,-0.06072584432563116,-0.5118817225816268,-0.27796680311927385,-0.08163738797460199,0.23511690809015673,0.24236445191000236,-0.05579746163670323,0.41863693302787364,0.30743818352843777,0.1732946990850577,-0.23549228951225315,0.35999623645550166,-0.048039518167778995,0.33495189379904994,0.14096617478729173,0.028264308662318716,-0.4256236838372124,0.26664870437130483,0.21320576070104175,0.41934918902687995
0.14198095412950124,0.2498761036124525,-0.27266152111471853,0.37701299899217405,-0.05157118084110083,0.35542601266148677,0.12332450186299083,9.656900000540088e-07,-0.09714444890487149,0.34053119116079744,-0.10590256127633252,-0.13330802281372417,0.0007678750826659221,-0.2186589584711849,-0.40172728767097526,-0.06017122176367309,-0.09102814973869926,0.0774563083142352,-0.1045135738629443,0.16292139798732586,0.00401130147543111,0.5739233522556982,0.11084735575747798,0.1309405968710679,0.09941108801707943,0.3454306898872652,1.0,-0.11445853392265001,0.46990580193950077,-0.2986061198862926,0.03751233470682095,0.23226495261600352,-0.19153210204607543,-0.2855429590336866,-0.4805207788371134,-0.10045261035495914,-0.0710283029263919,-0.14995474576569498,0.2932926248200334,-0.1662453391865435,0.008500359346599873,-0.06036560797955904,0.4168947868739749,0.152546783123065,0.03541389369453797,0.043945569569516264,-0.2191923653229888,-0.09802625848613192,-0.2828956161512894,-0.13432115636757883,0.32275533697222436,0.04407487817800721,0.5324369628697079,-0.12004483396770783,0.1260320625490595,0.46498415804236687,-0.20685056210800232,-0.37753155857931564,-0.13373952890031077,0.12254217450113358,0.12776879698331198,-0.03666669375658193,-0.18877589074677867,0.40095719383356127,-0.2734222622304522,-0.6271631659302763,-0.31067614376895225,-0.2943981366383449
0.24350282860724487,-0.2327100365367489,0.49117061422100244,0.3195237189654612,0.10693368236053227,-0.5272154681912335,-0.5491472596971784,-0.01749383449953616,0.05368451592666464,-0.05316540195115704,-0.0002990541760310126,-0.11183835012393484,0.047177912443595156,0.018514143246257893,-0.08645956941606264,0.46225717655912524,-0.1273478693967029,0.4795333556859742,-0.1406245989563092,-0.15099952846013082,0.12904616191410045,-0.08441875260012643,0.19192144680857945,0.2974761482452951,-0.2836166165742211,-0.144838004866255,-0.11445853392265001,1.0,-0.025908436151595313,-0.1436031279295443,-0.1548044899764224,-0.27243640848832396,-0.39583803382268296,0.22866608449102713,-0.335641905288651,0.2292616977093022,-0.3519227428199666,0.07090129090665685,0.34913545812132146,0.13218289804773678,-0.030290019810838557,0.2973699866210096,0.08775571565016055,0.5172835528572104,-0.13105413839844574,-0.19587350873982243,0.01787796986880558,0.05045898027576125,-0.37736524257078075,-0.1811400243431756,-0.025488705458328095,-0.04695406137517911,-0.09153624393467463,-0.5403844812880808,0.19557299030278913,0.028797788364644025,-0.2740299726514022,-0.3394275549071656,0.5425044270557524,-0.1403227282683437,-0.20111354865350678,0.012250990643398036,-0.1160826085792161,-0.3495435557131307,-0.1045505402570564,-0.23749517495327643,-0.3075780926117108,-0.13399033163725485
-0.315636687948096,0.07813623464620811,0.08601279687067731,0.2217267023632102,0.38149584077333804,-0.040233649886064024,0.2934193021115215,-0.043149039889902076,-0.3181483952966969,-0.186877480796918,-0.359260734409765,-0.3827604183014399,-0.12342765270515554,-0.09323400005485118,-0.015921275621196204,0.1291166642490154,-0.21652401206296285,0.5978688689259295,-0.1964912073594158,0.04490483307917881,-0.162052849765758,0.4589098771982524,-0.22528434100051173,-0.12092820025804676,-0.12131255369466988,0.15252653780250852,0.46990580193950077,-0.025908436151595313,1.0,-0.28373113360585933,-0.06327640903188471,0.1338031679173379,-0.016644856799761115,0.23964868431790212,-0.1765396049910488,0.12431675180013801,0.05339110884982834,-0.31186401939494984,0.16141994019414208,-0.18657690990931627,0.00546202704898548,-0.5526039926702899,0.18738153422925352,-0.13100299114637798,-0.35740821604351564,-0.12998017514427668,-0.05798678363905281,-0.23079905701009315,-0.054363441207018894,-0.5258667894645362,-0.18224519944912107,-0.42685080491035005,0.12486347611671678,-0.2208314351874054,0.6246088013330909,-0.24037841564178675,-0.4480724645858346,-0.24295768111886892,-0.13226146636716998,0.0142432339374891,-0.2557888980396037,0.27422454262481716,-0.24498441838336124,-0.11690242351263404,-0.1877104045476539,-0.16067906411253535,0.028382186465849127,-0.003777155244732215
-0.3981777907697535,-0.30581498159099246,-0.44094331995560504,-0.27494132403666366,-0.1551748234956767,-0.33211698975998005,0.26712631831186606,0.32040044097466,0.12659221558151926,-0.4072022300232413,0.051568415966841384,-0.38639465635582587,-0.23228025457732226,-0.002384801175727952,-0.2816114554494309,0.0004675924215461091,-0.016783730915456003,-0.16657953561195973,-0.4215806918541246,-0.17265926779213467,-0.044877985744705876,0.08203151286086874,0.0638248892547952,0.18003276789923997,-0.3431617478875494,0.03160018100377904,-0.2986061198862926,-0.1436031279295443,-0.28373113360585933,1.0,0.007141465633347634,-0.05245809471440391,-0.08498141679817034,0.40662173633232374,-0.40187755739802394,-0.5672673486297195,0.16944428612533788,-0.16610310422752902,0.14366626504926308,-0.04702754703052894,0.043108720677179156,0.19553380613400415,-0.16042075822709506,-0.47567136356085765,-0.46432355122451524,-0.03441503981305691,-0.5840632534529061,-0.2645994087779406,-0.2964505795243898,-0.11135387479557736,-0.2522717802377201,-0.3171074413282484,0.5067054936078551,0.33125092220346813,-0.46497389641842574,0.11063863329543117,0.12787135064919236,0.040088297170102,-0.42541819853020113,0.707045335057905,-0.571691865389683,-0.18433058410735187,0.26870540207417287,0.11299108784586878,0.03962937675534009,-0.2958256276780321,0.27582012126209343,-0.14274316045840563
0.11262831236182826,0.039864159572818615,-0.13648136025667984,-0.3881432849246458,0.15713763096418873,0.10654650775748838,0.19936766939968564,-0.6617092085273045,0.19783834337977022,0.17990654273997986,-0.4805940755935078,-0.019455399278367116,0.14415449876456368,-0.10595662060377144,0.193266693228803,0.2946935795053223,0.24396141347827888,-0.07632002418504583,-0.09222324384716298,0.03611960180574008,-0.496723568692617,0.3592631107787009,0.3310211558175142,0.283012116382919,-0.03455306430074866,-0.3867255155029928,0.03751233470682095,-0.1548044899764224,-0.06327640903188471,0.007141465633347634,1.0,0.5202152896672423,0.16680497534057945,0.1141840388135699,0.4094457392641736,0.10526726228577468,0.31054931496147825,0.13583253686511818,-0.09452249494910231,-0.12394501713333737,-0.09792009381195081,-0.16354310002403313,-0.13849574193547723,-0.0018268450918491248,-0.3928399559844715,-0.14993538899839823,-0.2055328899104332,-0.09008160299304727,-0.09557735286856314,-0.2544786277006068,0.31411165042791184,0.2699420549510105,0.263874979048913,0.36760447629363,-0.2244002677561533,0.03140436394669771,-0.06810127954040603,0.14618938761951752,0.2955186197356481,-0.43484497401758265,0.27937251007885777,-0.035704055442662516,-0.0034135757716096163,-0.09794022133762734,0.14097975461514903,0.180941284179651,-0.6024726736300589,-0.2442955980238216
-0.27741145834818964,-0.11375006683206586,-0.09664416924190491,-0.2902989659907139,-0.25295969012982944,0.3394040717202609,0.35990660247731493,0.006711999545917423,-0.3118585689655749,0.06544984819834682,0.16186902570896358,0.29976973868048257,-0.014661233440123243,0.07338656581489762,-0.4153194607767787,-0.5375750339584922,0.08087585245148901,-0.27893715547191383,0.03905675036298465,-0.038022302831313096,0.07243854906392605,0.24477699879969053,-0.16696302006993913,-0.15469187513057037,0.16612274260201454,-0.5105147937564926,0.23226495261600352,-0.27243640848832396,0.1338031679173379,-0.05245809471440391,0.5202152896672423,1.0,-0.017232473974265188,0.40279441399651467,-0.3176326450697206,0.03389603444197948,0.013763726055321075,0.09917523904837061,0.13166177741912477,0.033110685879758836,-0.1274115657425827,-0.0325919070632793,-0.17011069840261703,0.014468512598133235,-0.4339958910583477,0.09228992325229207,-0.034521186671766305,0.5242475493896088,0.07224666862084597,0.22013876587467843,0.07898479588313932,0.11498740424738359,-0.11651732532570351,0.2797895742481991,0.19137174211708458,-0.2505230201884789,0.0979040488783199,-0.19617259783739185,-0.48834636475881926,0.589738323646978,-0.6182174235690528,-0.04891731945712458,-0.0027744481606471728,-0.4847771286794714,0.009942586209202508,0.20277628499185235,-0.016433928255285217,0.3624308280137969
0.2012455833689009,0.20839799887042457,0.07591263814806591,0.45230025401453455,0.014290773072558426,0.05638709050550618,-0.21320157975680942,-0.14582299202199672,-0.04791311335373557,0.4936860003672644,-0.4074976650744556,-0.17858165804647122,0.06558118040968819,-0.1582626079862698,0.21379378397161047,0.06560321560326952,0.06078285507480974,-0.23767168515340595,0.003253445945249637,0.26497245587317736,-0.33244208731061553,0.38357300643324777,0.20333037905541693,-0.40351877723755014,-0.013525694286922497,-0.19248914283366847,-0.19153210204607543,-0.39583803382268296,-0.016644856799761115,-0.08498141679817034,0.16680497534057945,-0.017232473974265188,1.0,-0.18986078174398568,0.24746857610414225,0.6734323452254455,-0.3379038262931861,-0.25691362961299524,-0.4253858886594068,0.2217443235701155,0.007405165583596753,0.00906347867495372,0.1913510046794635,-0.4744498372771304,-0.17983591221280082,0.1014400363818132,-0.3263595895093933,0.08754747847593441,-0.35937009227750955,-0.5600219398781541,0.7158288469802421,0.19416040650597768,-0.07549756350933594,-0.28673966156103575,-0.26603421296162544,0.24722881930941418,-0.2942033806860169,0.05207045683662054,0.37800640632903465,-0.2730035674276585,0.001225399830246396,-0.07608671635913178,-0.13858145005982186,-0.09184132778401029,-0.08914941404482456,0.3262746513242183,-0.25803347830581297,0.26476488389508424
0.02674199806789143,-0.2455743892028703,-0.1226951886535826,0.19228086601210068,0.1487088223465509,-0.09263456224539154,-0.01153162065882747,-0.5246131882076653,-0.08442900445985342,-0.2694444000512132,-0.18052295968908988,0.02315332692094094,0.3909896321588819,0.08323170780528542,-0.33686211994588977,-0.25347546789462544,0.24324733714177235,0.24489639890549256,0.3645914577891206,0.04623258494306045,0.015128570300849192,-0.19088850285994535,0.1437996344816319,0.2689332182765918,-0.45566868666288435,0.02130026182711665,-0.2855429590336866,0.22866608449102713,0.23964868431790212,0.40662173633232374,0.1141840388135699,0.40279441399651467,-0.18986078174398568,1.0,-0.3738900921535866,0.3472036788312153,-0.17101022659894233,-0.1832271762189956,0.32025059330091205,0.04633973849682483,-0.11891230639405351,-0.317134086234542,-0.09086925180928578,0.231585584581882,-0.004283695914167938,-0.044957783059422454,-0.45023519788434574,-0.3661412277351295,0.12257771236350141,0.41089568139772703,-0.17351179219985222,0.25233219297345266,-0.03668603723903859,-0.54057074068805,-0.05010547523851243,-0.25155063998856614,0.13950100630729634,0.3161587284128443,0.029833922559777976,-0.38215373992583357,0.10423924847944545,0.1651192266890617,0.0608974153795742,0.17969854645100275,0.5478851913438813,0.7329397343560569,0.47254896451379597,0.10117892735759287
-0.23936198940756556,-0.004699004673525564,0.1029929159210757,0.3048524192913067,-0.007790600547517471,-0.19927705395639927,-0.15189683284580133,0.062258231864582236,-0.17312359192435045,-0.06721954708616842,0.2570435559365834,0.2008108693251133,0.0431780123827094,0.30845731878905547,0.3697948852227881,0.018710712879806475,0.0885415639488541,-0.05196745023270176,-0.32522023928564137,0.1575027469582944,-0.31126990747198396,-0.12682025074582812,-0.2737071363739805,-0.18664553167553827,0.12142801069580077,-0.006703608223047028,-0.4805207788371134,-0.335641905288651,-0.1765396049910488,-0.40187755739802394,0.4094457392641736,-0.3176326450697206,0.24746857610414225,-0.3738900921535866,1.0,-0.27763573972947625,0.09817821341214367,-0.19852186347219117,0.16177852254464503,0.13525311978652177,-0.24442499481845997,-0.37227364807620705,0.39159060985597316,-0.2418130425453641,-0.09662584341098514,-0.08326612290315143,0.4694594280730276,0.17384328043780659,0.05321689794162416,0.352186809287005,-0.20308365781890025,0.2443939753100573,0.3676191263750099,0.11981475737668003,-0.06957770447657434,-0.29750405441641914,-0.0021297495872465975,-0.5012433558816611,-0.21777605466935296,-0.03905212726016271,-0.331038304400858,-0.33336730312183205,0.35223172549952514,0.23772802260075435,-0.3177939260692293,-0.3116347095698125,0.07450260275958216,-0.09169782234784081
0.45935951734090097,-0.2682978631550595,0.39097165477871315,-0.13154795396140656,0.2953459711924374,-0.09930118252837788,-0.010598756621648222,0.19547443296344041,0.09147594660144581,-0.29616805691416037,0.2775304129596712,0.23652637847117047,-0.2660048196875359,0.12970976424622882,0.2578908444712359,0.05762567269289139,-0.1123161502048632,0.02019068034072597,-0.24262893768135055,-0.05372000655420688,0.3770504421054554,-0.5596011610541549,0.2594443236241165,-0.5778067007771079,0.25497725906422036,0.3756686334838163,-0.10045261035495914,0.2292616977093022,0.12431675180013801,-0.5672673486297195,0.10526726228577468,0.03389603444197948,0.6734323452254455,0.3472036788312153,-0.27763573972947625,1.0,-0.005681548962379345,0.10882142770112897,0.11777517800897148,-0.5256414336628219,-0.04350047334896486,0.062606542677858,-0.35677147967741407,0.11176106201365106,-0.2810686575584431,-0.34660262638822903,0.014636251562582005,-0.12115061809059684,0.4540040402463117,0.2606502624480798,-0.15426024023309307,0.09073932784856217,-0.24926499460437845,-0.04443576996172117,0.1287959489267982,-0.44840679502119357,0.37345632925388567,-0.02983800178841785,-0.047714412936884845,-0.008994106398242177,-0.460154134224013,0.4075544523011469,-0.1506162988321269,-0.12952697853254547,0.3091201289088992,0.21458346157429523,0.13915411433794747,-0.5321240976519724
0.21709291478251536,-0.11299033211798802,-0.22292654626138586,-0.0933237275467493,0.5718203012363156,-0.22694302464355448,-0.21175694719747662,-0.19468617351669526,0.20805683067107528,0.21121363628142423,0.08682409655283614,-0.3596272828165049,0.33856721981244586,0.07701234962670757,0.1135087945848546,-0.4080897703316694,0.3862715117669498,0.21421510209968037,-0.2047577883956596,-0.22329621486846285,-0.14893209561012744,0.12794398718352548,-0.06431195969652874,0.005977925236418536,-0.20695534144373356,0.11061593330410457,-0.0710283029263919,-0.3519227428199666,0.05339110884982834,0.16944428612533788,0.31054931496147825,0.013763726055321075,-0.3379038262931861,-0.17101022659894233,0.09817821341214367,-0.005681548962379345,1.0,0.4142454698150852,-0.05919133042277376,-0.5062614952762781,-0.027371743051635082,0.12323096095004107,-0.1411003415713688,0.13344318735108696,-0.054965156916571,-0.1676711055074089,-0.10108987909334147,-0.3374747551319879,0.04466167192751545,0.09088029795817462,0.37038881282395403,0.17357967365379498,-0.030934526310630685,0.2564394866585417,-0.3027814091887292,-0.03275407426953767,-0.05640235410681501,-0.18775753006350143,0.15320156270324967,0.12121696639531328,-0.13436264235435852,0.048706755932674754,-0.04760822440123837,-0.06803103922129394,-0.23232306783432474,-0.18323635419484652,0.18654688663344277,0.004889123421364199
-0.07329854914862738,-0.002108444047399007,0.01034517413118911,0.4336233960172473,-0.10841299867073949,-0.4976552331827414,0.1637666104907776,-0.24859922077809632,-0.014528869855738931,-0.04727055503434745,0.4250829450466763,-0.03479676421007496,-0.0003093268318955876,0.42025738615259656,-0.10619551966652979,0.23999952178305242,-0.06506476243981915,-0.06796717078114574,-0.330974489388526,0.04639024938785672,-0.16556610822019496,0.3287270384644647,0.07486821572649673,0.387848951923885,0.16283246073234142,0.21443411664292253,-0.14995474576569498,0.07090129090665685,-0.31186401939494984,-0.16610310422752902,0.13583253686511818,0.09917523904837061,-0.25691362961299524,-0.1832271762189956,-0.19852186347219117,0.10882142770112897,0.4142454698150852,1.0,0.217494054605669,0.4174261487693184,0.4686560361190243,0.10638662321422819,0.20898099914791848,-0.1959644303743872,0.4208647659921209,0.24951429770313738,-0.0766585844699951,0.13830207274758616,0.39453252424473867,0.23069688570566826,0.08701784095329736,0.33020525706077514,0.0815670496916897,-0.0758244481593439,0.11215963394641502,0.19101769218836656,0.015543187230462595,-0.06701490397108392,0.15700254518036236,0.011522094806502955,-0.1351170124636062,0.4609875791824632,-0.06538377541181618,-0.2463500771839388,-0.32466322179498963,0.12158406894128983,0.03652064162948229,0.3654429706729005
0.015892329811134413,-0.24810281868256642,0.28851235329809055,-0.6191389866527283,0.30865373498977067,-0.19885379657987307,0.48928320238373346,0.23672690264085147,0.036233494502291574,-0.055148126739283834,-0.22256652834349752,0.03918123984500748,0.1119438671042292,-0.05674136727092924,0.2001538908544115,0.03791952116996315,-0.2258905559236199,0.14272062131781016,0.1952310246146383,-0.10998910490729993,-0.1293835016250831,-0.03573523882706193,0.20614549283368155,0.07105690479751553,0.05720008542048797,-0.5350805684348228,0.2932926248200334,0.34913545812132146,0.16141994019414208,0.14366626504926308,-0.09452249494910231,0.13166177741912477,-0.4253858886594068,0.32025059330091205,0.16177852254464503,0.11777517800897148,-0.05919133042277376,0.217494054605669,1.0,0.18629311711662402,-0.0768458107928935,-0.08587897754247036,-0.3266426052268337,-0.5791169329261023,-0.2974261246146753,0.2822676364574189,-0.0019243211391765359,0.232111154807274,-0.48595615273575005,-0.30817435318253916,0.06637104792565811,-0.6596729416495017,0.17956878621549358,0.6067455574026291,0.0358867053866087,-0.29992331501365876,0.1226754418498581,-0.11227692858476973,0.08868882529941301,0.1822596274141011,0.13932721253842043,-0.0718555795384584,-0.31546187894763567,0.10148685269648791,-0.17789746371748813,0.025465035181661648,0.1209597929036678,-0.11971987154526899
-0.3310629399491683,0.0012722912075386111,0.15549530396514682,-0.1011109200392603,0.1631737720164745,-0.2090214157464738,-0.5258602586548433,0.33877621008192843,0.06848649106398116,0.008850881026939728,-0.32030929574209166,-0.06703736992470397,-0.10230658768484512,-0.18949547829924224,0.24031322164046623,0.2085693698349686,-0.08615838573217288,-0.20360789780131827,-0.38696082107115604,0.20906424556143788,0.3200828021534215,0.1164924654650919,-0.21352327790096334,-0.18294804157637057,-0.31895746743065084,-0.05723088375677613,-0.1662453391865435,0.13218289804773678,-0.18657690990931627,-0.04702754703052894,-0.12394501713333737,0.033110685879758836,0.2217443235701155,0.04633973849682483,0.13525311978652177,-0.5256414336628219,-0.5062614952762781,0.4174261487693184,0.18629311711662402,1.0,0.15021439295169656,-0.05249409471528731,0.003882333262553748,-0.11719955884990745,-0.3736729935119554,-0.10644410996901493,-0.19148742138561511,0.12134468842548414,-0.18480277810630727,-0.03572496243651304,-0.13872023591548374,-0.551882175093039,0.38640227252166776,0.3700095554709231,0.36635315910141475,0.06410730232530755,0.3433545726571663,0.4418223821346423,0.10326796098418774,0.4098883465786409,0.028730595572154242,0.3606537150935232,0.19528519003784284,-0.29919841201019187,-0.03174790228526466,-0.40327306845620614,-0.17655516356663234,0.08008012168703625
0.568669405908433,0.18349503584725835,0.018763353688221403,0.32331402003560766,0.2480126986207367,0.29107132718759066,-0.1522510129874148,-0.06521227265976819,0.19859546145604237,-0.4505851199584354,-0.10627266132914998,0.07331710523749875,-0.2127995893896797,0.369846651264825,0.3038345394710544,0.1146362622684264,-0.25707670165821384,-0.1335112571765256,0.19961539259515013,0.014882246667464375,-0.15426090078422508,-0.10668397979629368,0.1473712127549365,-0.24208467684926097,0.19052482500106216,0.09155152773028799,0.008500359346599873,-0.030290019810838557,0.00546202704898548,0.043108720677179156,-0.09792009381195081,-0.1274115657425827,0.007405165583596753,-0.11891230639405351,-0.24442499481845997,-0.04350047334896486,-0.027371743051635082,0.4686560361190243,-0.0768458107928935,0.15021439295169656,1.0,-0.4221326394347547,-0.42641425868161487,0.009532826083758567,-0.22492180956354063,-0.27044266064825595,0.28522997919452325,-0.27244369283889186,-0.024991872072549014,-0.1640438921512128,0.12168552928094561,-0.19277125375932516,-0.23928238707541707,0.42206911013811105,0.06456842611227324,-0.3099279129645316,-0.2333370653967162,-0.33881942250672537,-0.5651958839784562,-0.06625026286950109,0.05941608980288913,0.04002410267352924,0.21918769966143745,-0.35719632860558587,0.1078742140774377,0.3027252805914324,-0.18727388899544362,-0.30589296021821727
0.23150402970580827,-0.21166728325886783,0.48154100606689976,0.23534999574051602,0.28948338059273926,-0.08553215994721218,-0.3515557648082543,-0.34709018506597217,0.11545569060220338,0.09111876974553486,-0.32734986225783796,-0.014563320001147052,0.09213219753225987,0.028627879815385747,-0.34702555498216947,0.014496171410486145,0.18896581134362408,0.0003770621293754747,-0.1238760990858737,0.2396195781796733,-0.08871237390648982,-0.11090831136458776,0.1830854300245359,0.35776747881315846,0.13394299987388222,-0.22845942191493446,-0.06036560797955904,0.2973699866210096,-0.5526039926702899,0.19553380613400415,-0.16354310002403313,-0.0325919070632793,0.00906347867495372,-0.317134086234542,-0.37227364807620705,0.062606542677858,0.12323096095004107,0.10638662321422819,-0.08587897754247036,-0.05249409471528731,-0.4221326394347547,1.0,0.39075222595384373,0.08315456078495187,-0.23531682514978958,0.2540874632167391,0.1853974313975576,0.34653967513946027,0.46508825356683303,-0.12163493503188873,-0.0019368675047825492,-0.5501234963863535,-0.7905801256201288,-0.5530226827529486,-0.11764636629632025,-0.0820291299515742,0.1684583813489106,-0.08439852924922847,-0.21394633523600198,-0.38814403277288206,-0.5818410658070526,-0.0024732923987037985,-0.11701905906306445,0.03196364707511165,0.07746210935430792,0.2786651948870725,-0.09660048992512522,0.42092313088068006
0.23666686122629582,-0.04421793241578322,0.23391603661057953,-0.3455791837108291,-0.11186295965613373,0.35051275225826767,0.0351754036264309,0.02271063957817031,0.18899251813398824,-0.013236748881236224,0.1344900304772623,-0.45608283560132035,0.5094861050452356,0.46744486001889834,-0.2615383581669242,-0.15976457320510282,0.2657719408453412,-0.2762132153299484,-0.14248982448930167,-0.0012373350154162197,-0.010921752858947167,-0.24704843777277827,-0.22369610516086538,-0.2665341917867408,-0.06190062533693133,-0.04401449861841318,0.4168947868739749,0.08775571565016055,0.18738153422925352,-0.16042075822709506,-0.13849574193547723,-0.17011069840261703,0.1913510046794635,-0.09086925180928578,0.39159060985597316,-0.35677147967741407,-0.1411003415713688,0.20898099914791848,-0.3266426052268337,0.003882333262553748,-0.42641425868161487,0.39075222595384373,1.0,-0.04729631904263169,-0.6523194210224882,0.14843685287888042,0.34871122519562553,-0.2231576485432894,0.26043255404065513,-0.09491128941721377,0.41714027406119053,-0.25420349638174805,0.38988524184464124,0.1345885133100606,0.09628415143854159,-0.15679883905951447,-0.23559672900163733,0.06400012442089334,-0.25000855892449825,0.2615709982779997,-0.028976042966225666,0.3426798635365967,0.29708745555557475,-0.16888277897239376,-0.6056139884289133,0.23643496650817974,0.47307808205446295,-0.4376966143120829
-0.044977940412884186,0.3059618428425919,0.24061394196851382,0.17101313386225597,0.07372337466791407,-0.4645212631580558,0.25188919106004826,0.3448348082990992,0.3155752651354079,-0.41132239296705286,-0.37288425280106013,-0.14487233425135407,0.027252483269695257,0.2304998518774938,-0.08394244863685747,0.16239368629775353,0.6366165640809048,-0.5936030398345015,0.5073978054101129,0.018403742495068737,-0.1581020984165812,-0.304974487546798,-0.2645393542788236,0.15727063495257662,-0.21546789084702117,0.03255902950555801,0.152546783123065,0.5172835528572104,-0.13100299114637798,-0.47567136356085765,-0.0018268450918491248,0.014468512598133235,-0.4744498372771304,0.231585584581882,-0.2418130425453641,0.11176106201365106,0.13344318735108696,-0.1959644303743872,-0.5791169329261023,-0.11719955884990745,0.009532826083758567,0.08315456078495187,-0.04729631904263169,1.0,0.20008769709183905,0.1499677390561046,-0.15536897806428057,-0.3824201915676062,-0.13630299674835128,-0.290785941456495,0.18127505896975674,-0.31377753046898027,-0.07991246681041039,0.05719065165977709,-0.3733940949047842,-0.09017533789785859,-0.1891047682819039,0.36006920079754867,0.01710325318701826,0.14669755552891847,0.23873250836912574,-0.07783660258965923,0.21293446870124128,-0.4606661667322954,0.03337971150692378,-0.3388032003245663,-0.42591707128379996,-0.02372522123506057
-0.3073882833272876,0.11546677131596661,-0.06616999681708713,-0.4448655346302273,-0.19076330345154674,-0.02647461675117191,-0.12821922450348017,0.6143516054121865,-0.19115833190032738,0.3852848606321852,-0.16344576379731193,-0.15742106568463868,-0.3851913076991958,-0.11413751262498864,0.06299432477620037,-0.10798228666563629,0.6426750659187467,0.22213374411815465,-0.4206000666397649,0.03021273339528974,-0.1293667017424255,0.05651840575014698,-0.061584178192743935,0.20005979453057032,-0.010488053206677402,0.26246194582408483,0.03541389369453797,-0.13105413839844574,-0.35740821604351564,-0.46432355122451524,-0.3928399559844715,-0.4339958910583477,-0.17983591221280082,-0.004283695914167938,-0.09662584341098514,-0.2810686575584431,-0.054965156916571,0.4208647659921209,-0.2974261246146753,-0.3736729935119554,-0.22492180956354063,-0.23531682514978958,-0.6523194210224882,0.20008769709183905,1.0,-0.28895122777985144,-0.028066286729761688,0.45030786639524306,-0.005520056209643308,-0.08327758296627577,-0.3661896130006468,0.31729571986275784,0.07254498234404087,0.42053645924043653,-0.08562950306770374,-0.2761744928410127,0.28469403720828323,0.13801895916261678,0.487307048576901,0.4118895580870194,0.06078039710906235,0.3563368684608567,0.10150174685956928,-0.3675226354971763,0.37487276384657764,0.041762393427986245,0.5907555343951868,0.03279990971228569
0.24465096213685436,0.2684585615157184,0.3467977545585109,-0.4906698979376644,-0.041572552994681225,0.18998419166446545,0.0953612911821424,-0.2977838610408871,-0.03024709941335555,-0.15209893742603878,0.4330074770858391,-0.2973664593568032,0.014883025857973114,0.5810110466433765,-0.2941613300282101,0.2568628047046576,-0.0746556975451278,0.10396496738288931,0.024261448172580052,-0.04274440281051996,0.14795062635574183,-0.5513074900909478,0.2715995560077161,-0.00622046865929268,-0.013023140363204982,0.20243349752120923,0.043945569569516264,-0.19587350873982243,-0.12998017514427668,-0.03441503981305691,-0.14993538899839823,0.09228992325229207,0.1014400363818132,-0.044957783059422454,-0.08326612290315143,-0.34660262638822903,-0.1676711055074089,0.24951429770313738,0.2822676364574189,-0.10644410996901493,-0.27044266064825595,0.2540874632167391,0.14843685287888042,0.1499677390561046,-0.28895122777985144,1.0,0.1466926074419328,-0.540912542428912,0.16615306923434944,-0.30065099813683227,0.20249934877087014,-0.052225064300880704,-0.10077547454357207,0.038785780186072656,-0.042186505716020374,-0.20274964123165795,0.24135657211730988,-0.07675189011092329,0.001066695000777588,-0.08883572494838288,-0.17966459026721632,0.12557871306487242,-0.18716362339218237,-0.33074700219218106,-0.015226032482322084,0.3318436153903547,0.42823580238664416,-0.09418737548029626
0.01411332489486571,0.04909498459928787,-0.5379102287391815,-0.055869790679236656,-0.36718916855891326,0.4639747606086602,-0.29864959775963823,0.15747065542109379,-0.029329234042200083,-0.03726687742650864,0.3447479307240738,-0.03150933867204998,0.016257116132484737,-0.22307641235789136,-0.0952985301082829,-0.4220118200330685,0.19904012581492653,-0.10005559229290664,0.0751196466734687,0.32149408477753183,0.4014875011669447,0.04186292090297776,0.21531717957464433,-0.04284296489453467,-0.4145991835270892,0.13731903750772223,-0.2191923653229888,0.01787796986880558,-0.05798678363905281,-0.5840632534529061,-0.2055328899104332,-0.034521186671766305,-0.3263595895093933,-0.45023519788434574,0.4694594280730276,0.014636251562582005,-0.10108987909334147,-0.0766585844699951,-0.0019243211391765359,-0.19148742138561511,0.28522997919452325,0.1853974313975576,0.34871122519562553,-0.15536897806428057,-0.028066286729761688,0.1466926074419328,1.0,-0.26318836725434064,0.11775628775582066,-0.09123738934564402,0.03583029681549283,0.08152282797027752,0.053508453429927244,-0.29943795739715845,0.1774777624264262,0.11789018091572552,-0.01105932187616428,0.35802898222552304,0.35893752599218165,0.11120122922606837,-0.13814890583346603,0.1444456119626396,-0.2615879067590395,0.3927556984642543,0.01677642961812786,-0.10556597707723807,-0.21808855039580136,0.03254565221520248
-0.3515536288023233,-0.3253832419868166,0.17658185025417267,0.19710268959992447,-0.1918658548620625,-0.0856556456413769,0.7452046644510659,0.1959679953952587,0.27402195113671285,0.04847016943632605,-0.03808861116104082,-0.3424656624731104,-0.3379186298807769,-0.19795730641070766,0.5108050068966592,0.10900477575059853,-0.1772762438337309,-0.34823609326768984,0.0358061490092107,-0.1459897293577921,-0.05284146363977837,-0.17266622143635585,-0.2511061807255403,0.2814992453353124,0.4426925468050038,0.39434984736235323,-0.09802625848613192,0.05045898027576125,-0.23079905701009315,-0.2645994087779406,-0.09008160299304727,0.5242475493896088,0.08754747847593441,-0.3661412277351295,0.17384328043780659,-0.12115061809059684,-0.3374747551319879,0.13830207274758616,0.232111154807274,0.12134468842548414,-0.27244369283889186,0.34653967513946027,-0.2231576485432894,-0.3824201915676062,0.45030786639524306,-0.540912542428912,-0.26318836725434064,1.0,0.06668824891298247,-0.4839873469608087,-0.1328771612800374,0.22112225738983143,0.14987532568429537,-0.22796389628382135,-0.0722054030631382,-0.12276516904903818,0.28853120789488423,0.3465001748570868,-0.4302804156975274,-0.6066981504096582,0.11720980450592546,0.061762062965380025,-0.46303844662322313,0.19638099852863788,-0.01851931057190203,0.11387328901651261,0.05475367972435429,-0.02266316404245242
-0.0410213531445542,-0.3197087070053168,-0.4386409000322518,0.12001353787686274,0.19662708642561558,-0.08367670958378993,-0.06296988133539512,0.22734217922786895,0.45833548314572303,0.2140712584276089,0.47678199549644446,0.11711266398856245,-0.06793432101810605,-0.23203662116515336,-0.1521251764334713,0.3775542932941617,-0.227840128099477,-0.0235180344129635,-0.018813859335782956,-0.14824833230797818,-0.1534135984062012,-0.04757083655535132,0.21231797382364248,0.1505427262444826,0.31745297154680563,-0.06072584432563116,-0.2828956161512894,-0.37736524257078075,-0.054363441207018894,-0.2964505795243898,-0.09557735286856314,0.07224666862084597,-0.35937009227750955,0.12257771236350141,0.05321689794162416,0.4540040402463117,0.04466167192751545,0.39453252424473867,-0.48595615273575005,-0.18480277810630727,-0.024991872072549014,0.46508825356683303,0.26043255404065513,-0.13630299674835128,-0.005520056209643308,0.16615306923434944,0.11775628775582066,0.06668824891298247,1.0,0.2585624487159006,0.13406661213348822,0.14444079621487999,-0.08819290484260361,0.017055616019262095,0.1255685419194626,-0.6249243381505432,-0.12290248063104812,-0.1913677614133742,0.29656443216542644,0.18554024858818302,0.2559412517667751,-0.12265476113309434,0.0033240561028780747,-0.3690751413547742,-0.1255111248052266,-0.13734849400693605,0.11933765860634526,-0.6502259551052431
-0.39734447923815835,0.04698803740732714,0.15556415834756815,0.33092398421931046,0.44423801663545903,0.06186206693226642,-0.03679067581144296,0.019143998823342376,-0.3138185203337131,-0.12777587139740376,1.573893936618269e-05,-0.21120959412528864,0.06539189069953999,-0.13302336521667482,0.46444835056349226,0.6753307833223554,0.12863339636508775,-0.344430091569407,0.2383362482622656,-0.27902617880359765,0.35804545209675787,-0.1749318308378083,0.7903056098068387,0.05038577717814376,0.06132137320038909,-0.5118817225816268,-0.13432115636757883,-0.1811400243431756,-0.5258667894645362,-0.11135387479557736,-0.2544786277006068,0.22013876587467843,-0.5600219398781541,0.41089568139772703,0.352186809287005,0.2606502624480798,0.09088029795817462,0.23069688570566826,-0.30817435318253916,-0.03572496243651304,-0.1640438921512128,-0.12163493503188873,-0.09491128941721377,-0.290785941456495,-0.08327758296627577,-0.30065099813683227,-0.09123738934564402,-0.4839873469608087,0.2585624487159006,1.0,0.36554975838595727,-0.05544923825978724,0.06461870697871723,-0.21997353298981473,-0.31498737568454194,0.30677411946998145,-0.0028449431709247712,-0.4561602083698471,-0.13437587096782555,0.133397571858655,-0.17344326945298377,-0.002450422657645409,-0.36843993952851145,-0.07386149722565216,-0.25586961460987157,-0.07735902602904013,-0.1024071144090395,-0.24894023044508476
-0.2100590692272092,0.17274489902748155,-0.08956720093484247,0.27271302388370444,0.2829096304190275,0.15947411596871258,0.018350108388727405,-0.07577277006253107,-0.11250477143508288,-0.4774372886621518,0.5761587271716282,-0.2646241113258856,0.09989567012328085,-0.11005842969998846,-0.12019048132633178,0.2095898696006281,-0.5069143094533037,-0.29867362779076895,0.2789140038603797,0.20842471008147545,-0.558479661326167,-0.11094925364093512,0.18213934667744905,-0.040723135058015836,0.3021989566695701,-0.27796680311927385,0.32275533697222436,-0.025488705458328095,-0.18224519944912107,-0.2522717802377201,0.31411165042791184,0.07898479588313932,0.7158288469802421,-0.17351179219985222,-0.20308365781890025,-0.15426024023309307,0.37038881282395403,0.08701784095329736,0.06637104792565811,-0.13872023591548374,0.12168552928094561,-0.0019368675047825492,0.41714027406119053,0.18127505896975674,-0.3661896130006468,0.20249934877087014,0.03583029681549283,-0.1328771612800374,0.13406661213348822,0.36554975838595727,1.0,0.014896723654532668,-0.07790207583370912,0.1432897978243874,0.11065002662897855,0.4390164581588507,0.20209908817789718,-0.14654878194382043,-0.19543677295967374,-0.18352122117621408,0.21263823451313965,-0.0723388391213008,0.18153221010178727,-0.25930032078101717,-0.1798875916884735,0.2722944002319891,0.0814426025626279,-0.0973076452294043
0.17017853625624527,0.39743583117425785,-0.42595843642686043,-0.10237544438985674,-0.3529211406839445,-0.5422965760868128,0.02130324871896247,0.12692040291385184,0.049636398859986434,0.19318997041619038,0.010470607767454723,0.054421082327265974,-0.6191628908693101,0.1363024549912057,-0.46134916596590875,0.09823705576937583,0.36380220272352054,0.3011075692739784,0.4778363063826283,-0.23354521045605164,0.40315476681622125,0.20119887993912336,0.07745069609925252,-0.27334747736441445,0.14843508296587699,-0.08163738797460199,0.04407487817800721,-0.04695406137517911,-0.42685080491035005,-0.3171074413282484,0.2699420549510105,0.11498740424738359,0.19416040650597768,0.25233219297345266,0.2443939753100573,0.09073932784856217,0.17357967365379498,0.33020525706077514,-0.6596729416495017,-0.551882175093039,-0.19277125375932516,-0.5501234963863535,-0.25420349638174805,-0.31377753046898027,0.31729571986275784,-0.052225064300880704,0.08152282797027752,0.22112225738983143,0.14444079621487999,-0.05544923825978724,0.014896723654532668,1.0,0.04462415694988959,-0.247151157947032,0.323307065789431,-0.17471085110096055,-0.08899069376682604,0.15785174603603516,-0.2602279263435021,0.30366311482691727,-0.2347619296875296,0.25503701901343173,0.06334155725032356,0.0442251132094049,-0.08563673955481085,-0.08947893284457403,-0.054599992076053275,-0.07013775013116778
0.09881795533914335,0.2888126702182487,0.5794217841808762,-0.0424616892528187,-0.11525363323580838,0.38490318450210687,0.05322746043356787,0.017737715244139064,0.18929889798052646,-0.5182651424836725,-0.22447104671865095,-0.23682559027416844,0.1206278141217582,0.1265841100168719,0.2560615061176388,0.13060404164411188,0.06971472914447192,0.451241514004903,-0.5539202949686488,-0.06899626380846313,-0.12830456113618746,-0.216478748571719,0.4280613406294696,0.41307993609109817,-0.24795125199285362,0.23511690809015673,0.5324369628697079,-0.09153624393467463,0.12486347611671678,0.5067054936078551,0.263874979048913,-0.11651732532570351,-0.07549756350933594,-0.03668603723903859,0.3676191263750099,-0.24926499460437845,-0.030934526310630685,0.0815670496916897,0.17956878621549358,0.38640227252166776,-0.23928238707541707,-0.7905801256201288,0.38988524184464124,-0.07991246681041039,0.07254498234404087,-0.10077547454357207,0.053508453429927244,0.14987532568429537,-0.08819290484260361,0.06461870697871723,-0.07790207583370912,0.04462415694988959,1.0,0.24968919655643856,0.3941231322447921,0.30127369949559624,0.12137515318996231,-0.2695597905120058,-0.059216490007894515,-0.377932771536054,0.07810535030696064,0.02225196578674388,-0.06229933224962783,-0.2455547707439794,-0.09917619838266324,-0.5020384132767713,-0.060474808322969364,-0.3084357607942689
-0.45242245596471276,0.08593372742494165,-0.3170612640336096,0.22632570125707607,0.4661965085864251,-0.134037123910146,0.14705736465370006,-0.35018966600919627,-0.06462712848221751,-0.17868658570056933,0.08040937958712031,0.361123706424586,-0.09594323562220806,0.2708388354645707,-0.4088823610001271,0.052445320403394405,-0.2024822722819026,0.027546497782895068,-0.14476472055270376,0.3004018691146708,-0.12698764545907937,-0.3703415425337201,0.2609037038583955,0.12304107571442266,0.490196298526785,0.24236445191000236,-0.12004483396770783,-0.5403844812880808,-0.2208314351874054,0.33125092220346813,0.36760447629363,0.2797895742481991,-0.28673966156103575,-0.54057074068805,0.11981475737668003,-0.04443576996172117,0.2564394866585417,-0.0758244481593439,0.6067455574026291,0.3700095554709231,0.42206911013811105,-0.5530226827529486,0.1345885133100606,0.05719065165977709,0.42053645924043653,0.038785780186072656,-0.29943795739715845,-0.22796389628382135,0.017055616019262095,-0.21997353298981473,0.1432897978243874,-0.247151157947032,0.24968919655643856,1.0,-0.374133735247018,-0.06956828503564752,0.4981023427894589,0.431414396815787,-0.016622789400932567,0.22942260285151142,0.11130513182528676,0.10126924880546236,-0.2447787305702561,-0.05570690933441773,0.2831059760093187,-0.20449324997805868,0.2127147004578136,0.35997190162601234
0.277339873777335,-0.08447024127835653,0.20448064567398683,-0.08714312776653417,0.3714439034998993,-0.5969485518876748,0.18052784917475292,-0.46470263349258184,0.37605549135263133,-0.24369002872293877,0.5581865174725044,0.03377137431025235,-0.24917434541465294,-0.1614984304904174,0.10578043374725234,-0.03397720327918666,0.15956469237001059,0.3108374346368297,0.2518942864577487,-0.03773908650440046,-0.03861359741172092,-0.197972820423843,-0.4021332491138715,0.0873286266922864,0.14379435552985972,-0.05579746163670323,0.1260320625490595,0.19557299030278913,0.6246088013330909,-0.46497389641842574,-0.2244002677561533,0.19137174211708458,-0.26603421296162544,-0.05010547523851243,-0.06957770447657434,0.1287959489267982,-0.3027814091887292,0.11215963394641502,0.0358867053866087,0.36635315910141475,0.06456842611227324,-0.11764636629632025,0.09628415143854159,-0.3733940949047842,-0.08562950306770374,-0.042186505716020374,0.1774777624264262,-0.0722054030631382,0.1255685419194626,-0.31498737568454194,0.11065002662897855,0.323307065789431,0.3941231322447921,-0.374133735247018,1.0,-0.36536561393684525,-0.029321827181099987,-0.07581337473822751,0.032717398891540087,0.1044055605982995,0.005898694298763261,0.5162786519374218,0.06386221863090032,-0.7833157832234336,-0.4898046752119245,0.40739252355020533,-0.17387856529669785,0.29979151754666034
0.2309813748959576,0.25426199676840233,-0.4827994893453215,0.36479826512457847,0.1916341963335992,-0.3250177038476777,0.06179681045201859,0.32464165543113876,-0.3312058828780642,-0.1245436215685085,0.037734793234250524,-0.2360851464765347,-0.1214409720110189,-0.5267486521196114,0.2042519478330017,-0.06516616098587946,0.022802875524130135,0.10176535182968778,0.08491379150917472,0.1751390304543053,-0.006776367343028772,0.34457337854237996,-0.280314098058237,0.14983383094041045,0.16874876089193522,0.41863693302787364,0.46498415804236687,0.028797788364644025,-0.24037841564178675,0.11063863329543117,0.03140436394669771,-0.2505230201884789,0.24722881930941418,-0.25155063998856614,-0.29750405441641914,-0.44840679502119357,-0.03275407426953767,0.19101769218836656,-0.29992331501365876,0.06410730232530755,-0.3099279129645316,-0.0820291299515742,-0.15679883905951447,-0.09017533789785859,-0.2761744928410127,-0.20274964123165795,0.11789018091572552,-0.12276516904903818,-0.6249243381505432,0.30677411946998145,0.4390164581588507,-0.17471085110096055,0.30127369949559624,-0.06956828503564752,-0.36536561393684525,1.0,-0.2201293227244757,-0.5469165598708402,0.03968934106635171,-0.1286209842431879,-0.36579930976974334,-0.15597651285303962,0.6515320184986804,0.31152500444502634,-0.306894014246073,-0.032667582927479316,-0.4944475161033773,-0.09010901363039256
-0.05177036121056766,0.13254860948457062,0.08733370332041625,-0.17738073516756095,-0.15054152853608913,0.29879709591435816,0.05471000228907549,-0.087711569524832,-0.3774882627653775,-0.34303899796998877,0.23972822878524974,0.07884312569674697,0.40351583789629386,-0.21167061040690696,-0.13850882530592526,-0.022807427331579228,0.21492761739200783,0.15981392614536266,0.22630530696003165,-0.19151507618975208,-0.20604029769035742,-0.08179957523766795,-0.2137038766611446,0.13581420074154746,0.36316816517749473,0.30743818352843777,-0.20685056210800232,-0.2740299726514022,-0.4480724645858346,0.12787135064919236,-0.06810127954040603,0.0979040488783199,-0.2942033806860169,0.13950100630729634,-0.0021297495872465975,0.37345632925388567,-0.05640235410681501,0.015543187230462595,0.1226754418498581,0.3433545726571663,-0.2333370653967162,0.1684583813489106,-0.23559672900163733,-0.1891047682819039,0.28469403720828323,0.24135657211730988,-0.01105932187616428,0.28853120789488423,-0.12290248063104812,-0.0028449431709247712,0.20209908817789718,-0.08899069376682604,0.12137515318996231,0.4981023427894589,-0.029321827181099987,-0.2201293227244757,1.0,-0.04567781163205862,0.23979864849228688,-0.33261495580737727,-0.2972230725134862,0.36143485301182876,-0.11142017521500851,-0.20447108299364705,-0.16371568795588254,0.1209123168271356,-0.15695563638036358,0.24730995003019057
0.7947745289561817,0.22697997174030982,-0.17102950695689362,0.0927598144563871,0.06564469222006529,-0.02829785353685089,-0.671151755195968,0.027416247987824174,-0.14003616670789562,-0.05453389756911419,-0.006803723192867079,0.2967411967167901,-0.06788788299048581,-0.09041508362417121,-0.5900344373369177,-0.1462383204415252,-0.0785007888763007,-0.5569835672843437,0.24595365666836014,0.41101147934010046,-0.04579543829112205,0.20627335682280018,0.2426947174233629,-0.3081000266040535,-0.19770459789738798,0.1732946990850577,-0.37753155857931564,-0.3394275549071656,-0.24295768111886892,0.040088297170102,0.14618938761951752,-0.19617259783739185,0.05207045683662054,0.3161587284128443,-0.5012433558816611,-0.02983800178841785,-0.18775753006350143,-0.06701490397108392,-0.11227692858476973,0.4418223821346423,-0.33881942250672537,-0.08439852924922847,0.06400012442089334,0.36006920079754867,0.13801895916261678,-0.07675189011092329,0.35802898222552304,0.3465001748570868,-0.1913677614133742,-0.4561602083698471,-0.14654878194382043,0.15785174603603516,-0.2695597905120058,0.431414396815787,-0.07581337473822751,-0.5469165598708402,-0.04567781163205862,1.0,-0.349163524304549,0.07543717521587848,-0.14653286769082297,-0.42672894856879356,-0.07328060391327446,-0.11322011365949475,0.02135027905581491,-0.4339229163714024,-0.13123299322723891,0.31182183364322236
0.009565977759665934,0.2882353435546939,-0.09551943937104401,-0.13482242910279324,-0.07762138760446573,0.13736026236622806,-0.21987530962519222,0.19296472184788355,-0.4000449309023516,-0.45497211233978335,0.0188781038108543,0.04288654930875026,0.091553419323832,-0.19966770243224088,-0.022235194378182027,0.4310758723077161,0.08883621478265684,0.09698071980905008,0.11625095239088645,0.09028007161800958,-0.4640324958994218,0.6822982419737071,0.2711603834324593,-0.09738198918326874,0.197662048537103,-0.23549228951225315,-0.13373952890031077,0.5425044270557524,-0.13226146636716998,-0.42541819853020113,0.2955186197356481,-0.48834636475881926,0.37800640632903465,0.029833922559777976,-0.21777605466935296,-0.047714412936884845,0.15320156270324967,0.15700254518036236,0.08868882529941301,0.10326796098418774,-0.5651958839784562,-0.21394633523600198,-0.25000855892449825,0.01710325318701826,0.487307048576901,0.001066695000777588,0.35893752599218165,-0.4302804156975274,0.29656443216542644,-0.13437587096782555,-0.19543677295967374,-0.2602279263435021,-0.059216490007894515,-0.016622789400932567,0.032717398891540087,0.03968934106635171,0.23979864849228688,-0.349163524304549,1.0,-0.3545864076128376,0.00770508605574038,-0.35027687985131706,0.04233516319115931,0.2376197692596043,-0.7554720602796504,-0.38389503729790636,-0.04894104992234095,-0.10186467510755884
-0.4931609335109583,-0.3315828628105608,-0.21056528489921755,0.1136466002291686,-0.2565589646401339,0.27595013852001576,-0.2708588485179107,-0.5890429369928212,0.058827469135323184,-0.17991894928681681,-0.1790790441568959,0.24807294694748336,0.46839443567380734,0.015256497435990222,-0.1851666479287883,0.26486030110582987,-0.04731311453757868,0.10434310618807785,0.4717059449919994,-0.1311124642633491,-0.3352435689270027,-0.33275351283483223,0.41501403835497236,-0.15184784634920603,0.4138411574165237,0.35999623645550166,0.12254217450113358,-0.1403227282683437,0.0142432339374891,0.707045335057905,-0.43484497401758265,0.589738323646978,-0.2730035674276585,-0.38215373992583357,-0.03905212726016271,-0.008994106398242177,0.12121696639531328,0.011522094806502955,0.1822596274141011,0.4098883465786409,-0.06625026286950109,-0.38814403277288206,0.2615709982779997,0.14669755552891847,0.4118895580870194,-0.08883572494838288,0.11120122922606837,-0.6066981504096582,0.18554024858818302,0.133397571858655,-0.18352122117621408,0.30366311482691727,-0.377932771536054,0.22942260285151142,0.1044055605982995,-0.1286209842431879,-0.33261495580737727,0.07543717521587848,-0.3545864076128376,1.0,-0.27149121887269145,0.15073392268986968,0.11646951217733727,-0.19117743172668045,0.16147414961344198,-0.024789772558852872,-0.17384257443323747,-0.10166211475592249
-0.2465549281356621,-0.06978079593213353,-0.18477341859919497,0.062215077855092824,0.18943753778700845,0.13783476528308078,-0.11265804825557309,-0.21863660406408106,0.02759559823601788,-0.3685599933239739,0.21609613504555614,-0.28457752418533694,0.20646191160767485,0.16611800711639807,0.30530790392879875,0.5264898021967985,-0.17619099695546922,0.02108383365084495,-0.0073231168431913355,-0.05493934312123685,0.10147971153072294,0.42495558414379153,0.19785601319590357,-0.30399357263426774,0.30445368914428916,-0.048039518167778995,0.12776879698331198,-0.20111354865350678,-0.2557888980396037,-0.571691865389683,0.27937251007885777,-0.6182174235690528,0.001225399830246396,0.10423924847944545,-0.331038304400858,-0.460154134224013,-0.13436264235435852,-0.1351170124636062,0.13932721253842043,0.028730595572154242,0.05941608980288913,-0.5818410658070526,-0.028976042966225666,0.23873250836912574,0.06078039710906235,-0.17966459026721632,-0.13814890583346603,0.11720980450592546,0.2559412517667751,-0.17344326945298377,0.21263823451313965,-0.2347619296875296,0.07810535030696064,0.11130513182528676,0.005898694298763261,-0.36579930976974334,-0.2972230725134862,-0.14653286769082297,0.00770508605574038,-0.27149121887269145,1.0,0.07113634107006787,-0.0527863804144436,-0.2862404050149151,-0.42284561763826944,0.050869933558528056,-0.4278765436699567,0.39933646033473574
0.2364203283441451,-0.1663416157409429,-0.10324016868800781,0.16769755275551712,-0.6252372708332593,-0.16199170696582654,0.45643223283445966,-0.06355057569439866,0.10699308827538978,-0.18669680490112014,-0.544668224038705,0.5647456543847361,0.37884352354147727,-0.1206876135699979,0.14336725066423034,0.0674006422243553,-0.3935823961680558,0.17705769419270262,0.267936631890363,-0.1359717608351905,-0.007798297077395647,-0.12263209893211403,0.44261999602345503,-0.14092816402156752,0.10060129963239098,0.33495189379904994,-0.03666669375658193,0.012250990643398036,0.27422454262481716,-0.18433058410735187,-0.035704055442662516,-0.04891731945712458,-0.07608671635913178,0.1651192266890617,-0.33336730312183205,0.4075544523011469,0.048706755932674754,0.4609875791824632,-0.0718555795384584,0.3606537150935232,0.04002410267352924,-0.0024732923987037985,0.3426798635365967,-0.07783660258965923,0.3563368684608567,0.12557871306487242,0.1444456119626396,0.061762062965380025,-0.12265476113309434,-0.002450422657645409,-0.0723388391213008,0.25503701901343173,0.02225196578674388,0.10126924880546236,0.5162786519374218,-0.15597651285303962,0.36143485301182876,-0.42672894856879356,-0.35027687985131706,0.15073392268986968,0.07113634107006787,1.0,-0.12530487858692924,0.0115260743001518,-0.02553277945881612,0.3803384814291797,0.33665339353243046,-0.006274478699257379
-0.09514526716517302,-0.535490518132113,0.3616697276638299,0.07693014718284248,-0.08843407154340252,-0.11486390215943876,0.40843320939103145,0.5234538714209749,0.010622492218147834,0.34198772599540844,-0.3977814360146694,0.28016628433713575,-0.32791619921018567,-0.0031475272053896773,0.11228012201080459,-0.48154870377704034,-0.0170237617944101,0.17472034029342604,-0.04965604515992649,-0.22298707213088537,0.09746760421228894,0.326371323719032,-0.1671592710598873,0.05765512804895159,-0.003415113775310109,0.14096617478729173,-0.18877589074677867,-0.1160826085792161,-0.24498441838336124,0.26870540207417287,-0.0034135757716096163,-0.0027744481606471728,-0.13858145005982186,0.0608974153795742,0.35223172549952514,-0.1506162988321269,-0.04760822440123837,-0.06538377541181618,-0.31546187894763567,0.19528519003784284,0.21918769966143745,-0.11701905906306445,0.29708745555557475,0.21293446870124128,0.10150174685956928,-0.18716362339218237,-0.2615879067590395,-0.46303844662322313,0.0033240561028780747,-0.36843993952851145,0.18153221010178727,0.06334155725032356,-0.06229933224962783,-0.2447787305702561,0.06386221863090032,0.6515320184986804,-0.11142017521500851,-0.07328060391327446,0.04233516319115931,0.11646951217733727,-0.0527863804144436,-0.12530487858692924,1.0,-0.4719943333855131,-0.4667790873893572,0.1576999312595958,0.369966721766401,-0.2384741030609309
-0.44170447482638053,0.3818681934495903,-0.0696715221338391,-0.04915920149909165,0.26297472623557794,-0.2935636684771499,-0.08401567298568517,0.10238543855303266,0.10630893345637549,-0.3631446800745212,-0.5228322549724453,0.09602858095854967,-0.20893331380855656,-0.26948394083070154,-0.24072517969689436,-0.1289819241425521,0.17379539507376635,-0.7315313616854769,-0.01827929617970439,0.20012060760119874,-0.2749241919182752,0.06609698474642066,0.1319940272938359,-0.5268962919480454,0.49644643040681274,0.028264308662318716,0.40095719383356127,-0.3495435557131307,-0.11690242351263404,0.11299108784586878,-0.09794022133762734,-0.4847771286794714,-0.09184132778401029,0.17969854645100275,0.23772802260075435,-0.12952697853254547,-0.06803103922129394,-0.2463500771839388,0.10148685269648791,-0.29919841201019187,-0.35719632860558587,0.03196364707511165,-0.16888277897239376,-0.4606661667322954,-0.3675226354971763,-0.33074700219218106,0.3927556984642543,0.19638099852863788,-0.3690751413547742,-0.07386149722565216,-0.25930032078101717,0.0442251132094049,-0.2455547707439794,-0.05570690933441773,-0.7833157832234336,0.31152500444502634,-0.20447108299364705,-0.11322011365949475,0.2376197692596043,-0.19117743172668045,-0.2862404050149151,0.0115260743001518,-0.4719943333855131,1.0,0.020995368154555723,0.1818271737893793,-0.1097680131945648,0.33336126902994156
0.02283515183003578,-0.12003562870784604,0.09207299691159827,-0.0815157826418691,0.40230107375348123,-0.015324824448260657,0.14132553180172144,0.20134999109746365,-0.29166962579499434,0.26127246824087014,0.398072546675332,-0.43341810528115216,-0.1723228098132025,0.12141951980860895,-0.20321236022370953,0.07902037264007777,-0.017113688513737086,-0.3037622265033398,-0.42437926583781915,-0.2305915521045734,0.2793840546604207,-0.06993687169945757,0.12940368178805267,-0.14196750060242047,0.29328148502168655,-0.4256236838372124,-0.2734222622304522,-0.1045505402570564,-0.1877104045476539,0.03962937675534009,0.14097975461514903,0.009942586209202508,-0.08914941404482456,0.5478851913438813,-0.3177939260692293,0.3091201289088992,-0.23232306783432474,-0.32466322179498963,-0.17789746371748813,-0.03174790228526466,0.1078742140774377,0.07746210935430792,-0.6056139884289133,0.03337971150692378,0.37487276384657764,-0.015226032482322084,0.01677642961812786,-0.01851931057190203,-0.1255111248052266,-0.25586961460987157,-0.1798875916884735,-0.08563673955481085,-0.09917619838266324,0.2831059760093187,-0.4898046752119245,-0.306894014246073,-0.16371568795588254,0.02135027905581491,-0.7554720602796504,0.16147414961344198,-0.42284561763826944,-0.02553277945881612,-0.4667790873893572,0.020995368154555723,1.0,-0.38780661965882196,0.1413181840326277,-0.22191548895249052
-0.1636145050117116,-0.22315569294035445,0.06862298709245965,-0.34840148886076056,-0.02999119425582835,0.15942437581930624,-0.06274738581871088,-0.13402389660340308,-0.3243955511939039,-0.3616038678526002,0.2621483556974791,0.1469643210554766,0.012611807982569292,-0.30699343277703656,0.32515138074327066,-0.15003577230662662,0.35072975368864284,-0.09085664536117062,0.23398423790621986,0.046672754442494975,0.08558145430925765,0.1611543539471121,-0.274589194464802,0.2277396736516323,0.011309875107198268,0.26664870437130483,-0.6271631659302763,-0.23749517495327643,-0.16067906411253535,-0.2958256276780321,0.180941284179651,0.20277628499185235,0.3262746513242183,0.7329397343560569,-0.3116347095698125,0.21458346157429523,-0.18323635419484652,0.12158406894128983,0.025465035181661648,-0.40327306845620614,0.3027252805914324,0.2786651948870725,0.23643496650817974,-0.3388032003245663,0.041762393427986245,0.3318436153903547,-0.10556597707723807,0.11387328901651261,-0.13734849400693605,-0.07735902602904013,0.2722944002319891,-0.08947893284457403,-0.5020384132767713,-0.20449324997805868,0.40739252355020533,-0.032667582927479316,0.1209123168271356,-0.4339229163714024,-0.38389503729790636,-0.024789772558852872,0.050869933558528056,0.3803384814291797,0.1576999312595958,0.1818271737893793,-0.38780661965882196,1.0,0.11567569989856544,0.5545028594028145
0.06897123602497814,-0.17131261794892272,0.2788100545622661,-0.09235201392711088,0.2256714670845138,-0.15950141940891568,-0.005563077351940961,0.1054464899503319,0.08467656646380753,-0.11697511225585099,0.2887232843125857,0.03757797071888016,0.3254987833176246,0.21020388072796076,-0.1607906474123288,0.2037145539907946,-0.047598238686807265,0.30028683882803053,0.15487661610965586,-0.05411227620113454,-0.5064266045942339,-0.1906170213593165,0.22651962377743995,0.5393019601372655,-0.22711619707231398,0.21320576070104175,-0.31067614376895225,-0.3075780926117108,0.028382186465849127,0.27582012126209343,-0.6024726736300589,-0.016433928255285217,-0.25803347830581297,0.47254896451379597,0.07450260275958216,0.13915411433794747,0.18654688663344277,0.03652064162948229,0.1209597929036678,-0.17655516356663234,-0.18727388899544362,-0.09660048992512522,0.47307808205446295,-0.42591707128379996,0.5907555343951868,0.42823580238664416,-0.21808855039580136,0.05475367972435429,0.11933765860634526,-0.1024071144090395,0.0814426025626279,-0.054599992076053275,-0.060474808322969364,0.2127147004578136,-0.17387856529669785,-0.4944475161033773,-0.15695563638036358,-0.13123299322723891,-0.04894104992234095,-0.17384257443323747,-0.4278765436699567,0.33665339353243046,0.369966721766401,-0.1097680131945648,0.1413181840326277,0.11567569989856544,1.0,0.16990324741702387
-0.09425530317256733,0.17859467769506954,-0.3539969711996657,-0.1618281855129773,0.3788848701823517,0.14225577170616055,-0.3743038934749524,0.10531376749484533,0.17497569783087188,-0.20713288072846717,0.09565051513994852,-0.6357754014021538,-0.13030318554972428,0.186345724663279,-0.25399435639155754,-0.4295542365244771,-0.2243951527814457,-0.3901791443209576,0.15493349619603136,0.2805616928913499,-0.2964222000703326,-0.2062624948561085,0.008102956569923627,-0.08163593081939707,0.2325812620085337,0.41934918902687995,-0.2943981366383449,-0.13399033163725485,-0.003777155244732215,-0.14274316045840563,-0.2442955980238216,0.3624308280137969,0.26476488389508424,0.10117892735759287,-0.09169782234784081,-0.5321240976519724,0.004889123421364199,0.3654429706729005,-0.11971987154526899,0.08008012168703625,-0.30589296021821727,0.42092313088068006,-0.4376966143120829,-0.02372522123506057,0.03279990971228569,-0.09418737548029626,0.03254565221520248,-0.02266316404245242,-0.6502259551052431,-0.24894023044508476,-0.0973076452294043,-0.07013775013116778,-0.3084357607942689,0.35997190162601234,0.29979151754666034,-0.09010901363039256,0.24730995003019057,0.31182183364322236,-0.10186467510755884,-0.10166211475592249,0.39933646033473574,-0.006274478699257379,-0.2384741030609309,0.33336126902994156,-0.22191548895249052,0.5545028594028145,0.16990324741702387,1.0
