0,0,4.5604,1.7734,0,3.3193,8.0018,5.7909,3.2108,4.3945,2.6398,2.0102,0,8.7074,1.238,0,6.0354,0,3.5536,1.7547,3.9132,1.5835,5.6453,3.8979,0,3.8716,3.5051,5.1159,8.4475,7.8477,0,2.4153,3.4589,4.3674,0,0,0,0,0,0,0,0,2.496,0,0,0,0,0,0,0,0,0,0,0,0,1.1538,0,3.3953,0,0,0,2.7463,0,0,0,0,0,0
0,0,4.3479,0,0,0,2.139,1.5161,6.6417,0,4.9409,1.964,6.5883,1.9714,3.5752,4.9572,5.3794,2.9791,4.3139,0,2.4285,7.4038,3.8444,7.2282,7.6906,6.103,9.3019,3.7393,2.1426,2.0109,4.3289,1.886,0,4.5781,0,5.7571,4.581,0,0,0,0,0,1.7123,0,3.3084,0,5.3818,0,0,2.7535,4.0595,1.5483,3.2107,0,0.73926,3.793,3.2853,2.5486,4.4184,5.6304,7.3378,0.68661,0,1.12,3.4389,0,0,2.449
4.5604,4.3479,0,0,0,4.7814,8.1966,7.074,2.1281,4.9507,3.2428,0,0,7.0737,0,3.3963,8.8736,3.8607,6.2244,0,7.3128,3.8242,9.7391,4.5651,1.3925,9.7465,9.8279,7.0515,4.7133,6.8805,1.0783,0,2.4871,5.9714,0,5.0132,7.2517,0,0,0,0,0,1.568,0,0,0,0,0,0,3.9545,5.9071,0,3.6523,0,1.6435,4.1639,6.4362,1.778,1.7194,6.1513,8.1034,0,0,0,0,0,0,2.6651
1.7734,0,0,0,3.8963,5.5564,5.0262,4.6446,7.2177,8.7908,0,8.4116,1.7348,3.9748,5.8446,0,0,0,0,9.8739,0,1.2749,0,8.1132,0,0,0,9.3698,4.6503,1.6021,0,1.0417,1.7445,4.1055,0,0,0,4.318,0,2.801,3.5045,0,5.5219,4.4466,0,5.1574,0,0,2.1101,0,0,0,0,5.2023,0,0.52437,0,6.8911,0,0,0,4.8603,0,0,0,0,0,0
0,0,0,3.8963,0,6.2439,2.3729,3.3194,4.7219,3.5052,0,5.0539,1.836,1.1705,6.6608,0,0,0,0,3.5947,0,2.2516,0,5.0093,0,0,0,4.0559,2.3324,0,0,5.8542,0,5.8145,0,0,0,0,0,0,0,0,1.5366,0,0,1.7028,0,0,0,0,0,0,0,0,0,0,0,1.4122,0,0,0,0,0,0,0,0,0,0
3.3193,0,4.7814,5.5564,6.2439,0,7.8431,8.917,6.1106,9.5704,4.0172,9.0178,4.0811,6.5807,7.3457,0,3.4196,1.4968,0,6.2113,3.5424,1.5806,4.5643,6.0234,0,2.625,2.343,7.5215,5.9633,4.0877,0,6.2053,2.9687,5.8384,0,0,0,2.2745,0,3.5438,3.2349,0,4.9966,0,0,4.6,0,0,1.8496,0,0,0,0,3.7625,0,1.0974,0,5.8724,0,0,0,4.0299,0,0,0,0,0,0
8.0018,2.139,8.1966,5.0262,2.3729,7.8431,0,8.7318,5.8726,9.5065,2.2015,5.3768,3.135,9.4001,4.477,3.1984,6.2291,0,3.0249,4.2613,7.1495,3.4684,7.9511,7.0311,0,6.1874,6.4702,10.511,8.0307,9.2511,0,3.1128,5.7745,6.6822,0,1.5581,0,0,0,0,4.6693,0,5.2744,0,0,3.8586,0,0,0,2.4458,0,0,0,3.7255,1.4465,3.2209,0,6.8726,0,0,0,5.6255,0,3.0553,0,0,0,0
5.7909,1.5161,7.074,4.6446,3.3194,8.917,8.7318,0,6.0259,8.6049,4.8199,7.2979,4.0668,9.2383,4.8799,0,6.753,3.1075,3.5051,5.8461,5.5221,2.8098,7.2573,6.4439,1.2948,5.2785,4.4144,7.2871,6.5739,7.0229,1.4097,6.3726,3.5373,5.8418,0,0,0,0,0,0,0,0,5.4448,0,0,3.9911,0,0,0,0,0,0,0,0,0,2.184,0,6.1735,0,0,0,4.3668,0,0,0,0,0,0
3.2108,6.6417,2.1281,7.2177,4.7219,6.1106,5.8726,6.0259,0,7.2807,3.3071,7.27,5.0428,5.2085,6.6871,4.4665,3.1807,0,0,6.9219,3.4176,7.7786,3.6985,9.4048,6.6544,3.2803,7.7454,7.8613,5.6159,5.0472,1.8774,3.0029,3.6328,4.8785,1.938,3.0522,1.245,4.9811,0,3.7091,4.8192,3.9278,5.9791,5.6048,0,4.52,1.5495,3.2996,2.1557,4.2495,0,0,0,5.211,3.3365,4.6617,2.9196,6.8373,2.0785,0,3.3266,6.4393,3.7599,3.9429,0,0,2.0726,3.1077
4.3945,0,4.9507,8.7908,3.5052,9.5704,9.5065,8.6049,7.2807,0,2.6826,9.1041,3.6129,7.9663,5.4396,0,2.2305,0,0,9.051,3.5503,1.5455,4.4236,6.5645,0,2.9751,2.9506,9.483,7.3962,3.9124,0,3.6762,3.5317,6.9292,0,0,0,0,0,0,4.2068,0,6.4164,0,0,6.073,0,0,2.5467,0,0,0,0,5.3979,0,1.4093,0,7.5546,0,0,0,5.0236,0,0,0,0,0,0
2.6398,4.9409,3.2428,0,0,4.0172,2.2015,4.8199,3.3071,2.6826,0,3.9447,7.3797,5.899,2.0229,0.96959,6.1712,8.634,7.7438,1.621,3.6832,4.3753,4.494,1.5469,5.5983,8.0731,6.3564,1.9025,6.4316,3.2346,5.9243,5.7337,1.8619,8.3554,0,3.7096,0.84984,0,0,0,0,0,0,0,4.484,0,6.2135,0,0,0,0,2.9485,1.9826,0,0,1.7994,0,0,4.6159,5.1466,5.4567,0,0,0,4.8327,0,0,2.7162
2.0102,1.964,0,8.4116,5.0539,9.0178,5.3768,7.2979,7.27,9.1041,3.9447,0,4.2359,6.5865,7.1187,0,0,1.2331,0,9.3486,0,2.1255,0,7.2876,0,0,1.7422,7.6592,6.2687,1.2976,0,4.7821,0.71348,6.4746,0,0,0,4.8265,0.9857,3.6365,3.002,2.757,5.1447,4.9677,0,5.5475,0,0,2.7384,0,0,0,0,5.5491,0,0,0,6.1214,0,0,0,5.1989,0,0,0,0,0,0
0,6.5883,0,1.7348,1.836,4.0811,3.135,4.0668,5.0428,3.6129,7.3797,4.2359,0,4.1186,2.213,1.4206,0.83697,3.6633,1.8782,3.0831,0,6.0288,0,3.8123,7.9824,5.293,8.0601,3.3369,4.6707,1.6608,6.7316,4.9519,0,6.3805,0,5.1339,0,0,0,0,0,0,2.2703,0,5.6483,0,7.6993,1.3658,0,0,0,3.4807,2.2142,0,0,2.9619,0,0,6.2136,5.8109,6.7863,0,2.136,0,5.9814,1.9864,0,4.1177
8.7074,1.9714,7.0737,3.9748,1.1705,6.5807,9.4001,9.2383,5.2085,7.9663,5.899,6.5865,4.1186,0,3.3832,0,7.4307,4.5266,4.5439,5.2715,5.7806,2.8944,7.6197,5.6759,1.9636,5.9037,4.7726,6.9559,8.8089,8.3798,2.3566,5.5945,3.9044,6.366,0,0,0,0,0,0,0,0,4.3987,0,0,0,0,0,0,0,0,0,0,0,0,2.1549,0,4.7125,0,0,0,3.3649,0,0,0,0,0,0
1.238,3.5752,0,5.8446,6.6608,7.3457,4.477,4.8799,6.6871,5.4396,2.0229,7.1187,2.213,3.3832,0,0,0,0,0,5.4292,2.6119,4.2344,2.2339,7.0615,1.7065,0,4.0398,6.1987,3.5938,2.6067,0,4.457,1.8432,3.5218,0,0,0,2.531,0,1.9179,1.693,0,3.2133,2.765,0,2.8947,0,0,1.3881,1.8113,0,0,0,3.1453,0,2.4148,0,3.9442,0,0,0,2.8485,0,0,0,0,0,0
0,4.9572,3.3963,0,0,0,3.1984,0,4.4665,0,0.96959,0,1.4206,0,0,0,4.4803,0,2.1099,0,8.1989,8.2566,8.7174,7.756,2.7127,3.6063,8.6818,7.0992,2.3011,4.3212,0,0,1.6639,3.8026,0,3.4254,3.8201,0,0,0,1.5403,0,3.0678,0,0,0,0,0,0,8.2856,1.4625,0,0,0,6.2592,6.9565,7.8938,5.8112,0,0.76318,7.0785,4.6188,2.5572,4.7595,0,0,1.8662,2.391
6.0354,5.3794,8.8736,0,0,3.4196,6.2291,6.753,3.1807,2.2305,6.1712,0,0.83697,7.4307,0,4.4803,0,6.3525,9.0066,0,6.7725,4.6124,9.0816,4.2913,2.0635,8.9632,9.0302,5.6314,7.3947,7.824,1.4603,0,4.8424,8.3254,0,4.8704,6.0062,0,0,0,0,0,1.1476,0,0,0,0,0,0,2.2938,4.9476,0,3.3785,0,0,3.6578,4.3522,0,1.8661,5.8919,7.3178,0,0,0,0,0,0,1.5501
0,2.9791,3.8607,0,0,1.4968,0,3.1075,0,0,8.634,1.2331,3.6633,4.5266,0,0,6.3525,0,8.4116,0,2.8257,1.696,4.2635,0,3.3923,8.3816,6.1576,0,4.8337,2.6949,4.236,3.7394,0,6.6473,0,2.3568,0,0,0,0,0,0,0,0,2.6402,0,4.3668,0,0,0,0,2.7415,2.2184,0,0,0,0,0,3.1254,5.1365,5.3128,0,0,0,3.9587,0,0,0
3.5536,4.3139,6.2244,0,0,0,3.0249,3.5051,0,0,7.7438,0,1.8782,4.5439,0,2.1099,9.0066,8.4116,0,0,5.1093,2.7564,6.3179,0,3.0796,9.1731,7.5929,2.9403,5.5527,5.4059,2.9302,2.5968,3.167,7.7494,0,3.6538,3.5041,0,0,0,0,0,0,0,1.3063,0,2.6731,0,0,0,3.2749,2.2149,3.4143,0,0,1.5662,0,0,2.7351,5.855,6.1262,0,0,0,2.6579,0,0,0.63878
1.7547,0,0,9.8739,3.5947,6.2113,4.2613,5.8461,6.9219,9.051,1.621,9.3486,3.0831,5.2715,5.4292,0,0,0,0,0,0,0,0,6.8008,0,0,0,8.3397,5.254,1.1576,0,2.6529,1.0631,5.1838,0,0,0,4.6822,0,3.7904,3.8577,0,5.6838,5.0371,0,5.8796,0,0,2.7119,0,0,0,0,6.3308,0,0,0,7.2443,0,0,0,5.7274,0,0,0,0,0,0
3.9132,2.4285,7.3128,0,0,3.5424,7.1495,5.5221,3.4176,3.5503,3.6832,0,0,5.7806,2.6119,8.1989,6.7725,2.8257,5.1093,0,0,5.3247,10.526,5.7207,0,5.6456,7.2126,9.177,5.8739,9.5071,0,0,4.9544,8.209,0,1.661,1.9304,0,0,0,1.5235,0,3.1773,0,0,0,0,0,0,6.7332,0,0,0,0,6.0558,5.5266,5.6037,5.7802,0,0,4.1949,4.9463,3.2324,5.1844,0,0,2.6741,2.7267
1.5835,7.4038,3.8242,1.2749,2.2516,1.5806,3.4684,2.8098,7.7786,1.5455,4.3753,2.1255,6.0288,2.8944,4.2344,8.2566,4.6124,1.696,2.7564,0,5.3247,0,6.1595,8.9475,6.7893,4.4894,8.7088,6.2931,3.3274,4.2771,3.6844,0,1.7303,4.0397,0,4.2243,4.191,0,0,0,2.6073,1.4426,3.9473,0,2.0996,0,4.2312,1.7114,0,6.0861,2.7872,0,0.98696,0,4.279,6.1032,5.3785,5.5033,3.3152,2.9011,6.5687,4.5027,2.695,3.5797,0,0,1.2041,1.8251
5.6453,3.8444,9.7391,0,0,4.5643,7.9511,7.2573,3.6985,4.4236,4.494,0,0,7.6197,2.2339,8.7174,9.0816,4.2635,6.3179,0,10.526,6.1595,0,6.077,0.55284,7.8056,9.6929,8.378,6.6979,8.723,0,0,4.6727,8.4385,0,3.9602,6.4569,0,0,0,0,0,2.522,0,0,0,0,0,0,8.0072,3.7428,0,0,0,5.7395,6.3048,8.5425,4.5613,0,2.9846,8.1974,3.1702,1.7253,3.6255,0,0,1.3205,2.3203
3.8979,7.2282,4.5651,8.1132,5.0093,6.0234,7.0311,6.4439,9.4048,6.5645,1.5469,7.2876,3.8123,5.6759,7.0615,7.756,4.2913,0,0,6.8008,5.7207,8.9475,6.077,0,6.2566,4.0819,8.7003,9.1077,6.5407,6.2965,0,2.6327,5.0583,5.7694,3.1476,3.784,1.8266,5.5324,0,4.8072,6.6066,4.9416,7.134,6.1835,0,5.3752,0,3.8348,2.8941,6.844,0,0,0,6.1803,5.7136,6.6098,4.9395,8.8699,0,0,4.8366,8.0248,4.7258,5.9192,0,0,3.6857,4.1943
0,7.6906,1.3925,0,0,0,0,1.2948,6.6544,0,5.5983,0,7.9824,1.9636,1.7065,2.7127,2.0635,3.3923,3.0796,0,0,6.7893,0.55284,6.2566,0,5.8093,8.714,0,2.4487,0,4.8748,2.4807,0,4.38,0,4.6698,1.2568,0,0,0,0,0,0.83505,0,4.1799,0,6.4459,0,0,0,1.8686,2.584,2.4142,0,0,2.1722,0,0,5.5479,5.9351,6.9422,0,0,0,5.0249,0,0,2.7876
3.8716,6.103,9.7465,0,0,2.625,6.1874,5.2785,3.2803,2.9751,8.0731,0,5.293,5.9037,0,3.6063,8.9632,8.3816,9.1731,0,5.6456,4.4894,7.8056,4.0819,5.8093,0,10.199,5.1136,5.4761,5.6586,6.6175,3.8939,2.2095,7.3921,0,6.2996,6.3756,0,0,0,0,0,0,0,4.6634,0,6.7324,0,0,1.4158,6.0185,4.9967,6.0153,0,0,3.1779,3.7354,0,6.0839,8.6454,9.0459,0,0,0,6.3824,0,0,3.1316
3.5051,9.3019,9.8279,0,0,2.343,6.4702,4.4144,7.7454,2.9506,6.3564,1.7422,8.0601,4.7726,4.0398,8.6818,9.0302,6.1576,7.5929,0,7.2126,8.7088,9.6929,8.7003,8.714,10.199,0,8.1529,4.8516,5.7898,7.4929,2.5473,2.6427,7.7118,0,7.8711,8.1755,0,0,0,0,0,3.1526,0,4.9461,0,7.3513,0,0,7.1785,7.1786,4.7061,6.1456,0,3.8268,6.9995,8.2075,4.2242,6.9722,8.8082,10.333,2.1581,0,1.3845,6.433,0,0,4.3252
5.1159,3.7393,7.0515,9.3698,4.0559,7.5215,10.511,7.2871,7.8613,9.483,1.9025,7.6592,3.3369,6.9559,6.1987,7.0992,5.6314,0,2.9403,8.3397,9.177,6.2931,8.378,9.1077,0,5.1136,8.1529,0,7.9367,9.3793,0,1.636,6.6419,7.5153,2.6376,2.3203,0,4.103,0,3.825,6.0805,3.6618,7.0252,4.5111,0,5.7976,0,2.7906,2.3224,6.249,0,0,0,5.5962,5.5916,5.8936,3.7635,8.7128,0,0,3.412,7.4684,4.349,5.7978,0,0,3.5938,3.5999
8.4475,2.1426,4.7133,4.6503,2.3324,5.9633,8.0307,6.5739,5.6159,7.3962,6.4316,6.2687,4.6707,8.8089,3.5938,2.3011,7.3947,4.8337,5.5527,5.254,5.8739,3.3274,6.6979,6.5407,2.4487,5.4761,4.8516,7.9367,0,8.8996,2.8274,6.1971,8.348,8.0523,0,0,0,0,0,0,2.2949,0,4.536,0,0,0,0,0,0,3.1668,0,0,0,0,2.7937,3.0784,0,4.9964,0,0,0,3.9466,2.2203,3.0302,0,0,0,1.6388
7.8477,2.0109,6.8805,1.6021,0,4.0877,9.2511,7.0229,5.0472,3.9124,3.2346,1.2976,1.6608,8.3798,2.6067,4.3212,7.824,2.6949,5.4059,1.1576,9.5071,4.2771,8.723,6.2965,0,5.6586,5.7898,9.3793,8.8996,0,0,2.4918,6.7453,8.0638,0,1.4152,0,0,0,0,3.5775,0,4.663,0,0,0,0,0,0,5.3308,0,0,0,0,5.1002,4.2567,3.3683,6.3818,0,0,1.6301,5.7221,3.3631,4.9102,0,0,2.7263,2.7665
0,4.3289,1.0783,0,0,0,0,1.4097,1.8774,0,5.9243,0,6.7316,2.3566,0,0,1.4603,4.236,2.9302,0,0,3.6844,0,0,4.8748,6.6175,7.4929,0,2.8274,0,0,2.2685,0,4.3151,0,3.9375,0,0,0,0,0,0,0,0,4.488,0,6.65,0,0,0,0,3.3175,1.9859,0,0,0.97685,0,0,5.0732,5.8348,6.5026,0,0,0,5.5627,0,0,1.8627
2.4153,1.886,0,1.0417,5.8542,6.2053,3.1128,6.3726,3.0029,3.6762,5.7337,4.7821,4.9519,5.5945,4.457,0,0,3.7394,2.5968,2.6529,0,0,0,2.6327,2.4807,3.8939,2.5473,1.636,6.1971,2.4918,2.2685,0,0,7.8287,0,0,0,0,0,0,0,0,0,0,0,0,2.4922,0,0,0,0,0,0,0,0,0,0,0,1.3472,0,0,0,0,0,0,0,0,0
3.4589,0,2.4871,1.7445,0,2.9687,5.7745,3.5373,3.6328,3.5317,1.8619,0.71348,0,3.9044,1.8432,1.6639,4.8424,0,3.167,1.0631,4.9544,1.7303,4.6727,5.0583,0,2.2095,2.6427,6.6419,8.348,6.7453,0,0,0,7.279,0,0,0,0,0,0,1.3652,0,2.5296,0,0,0,0,0,0,2.5149,0,0,0,0,2.5458,1.693,1.0956,3.9796,0,0,0,3.2188,1.6248,2.5435,0,0,0,0
4.3674,4.5781,5.9714,4.1055,5.8145,5.8384,6.6822,5.8418,4.8785,6.9292,8.3554,6.4746,6.3805,6.366,3.5218,3.8026,8.3254,6.6473,7.7494,5.1838,8.209,4.0397,8.4385,5.7694,4.38,7.3921,7.7118,7.5153,8.0523,8.0638,4.3151,7.8287,7.279,0,0,3.5536,4.2352,0,0,0,2.1612,0,4.0176,0,2.2919,0,3.7753,0,0,3.5967,3.0468,0,1.9196,0,3.1034,3.0601,3.8929,4.6182,2.8441,4.1727,5.8417,3.5983,1.7978,2.9756,1.6879,0,0,2.0781
0,0,0,0,0,0,0,0,1.938,0,0,0,0,0,0,0,0,0,0,0,0,0,0,3.1476,0,0,0,2.6376,0,0,0,0,0,0,0,1.9941,4.6613,1.9011,0,2.8561,8.3534,5.2274,3.5252,4.1035,2.6647,2.1661,0,8.4254,0.95195,2.3899,5.3427,0,4.2185,2.1266,3.6016,1.9744,4.5597,4.5449,0,4.9417,3.5818,5.5659,8.2348,7.6636,0,1.2624,3.4271,4.3939
0,5.7571,5.0132,0,0,0,1.5581,0,3.0522,0,3.7096,0,5.1339,0,0,3.4254,4.8704,2.3568,3.6538,0,1.661,4.2243,3.9602,3.784,4.6698,6.2996,7.8711,2.3203,0,1.4152,3.9375,0,0,3.5536,1.9941,0,4.788,0,0,0,3.2922,1.4164,6.9302,0,4.2474,1.783,5.8282,2.4856,3.5344,5.1759,5.5305,2.7099,4.5846,0,2.849,7.5388,4.8943,7.213,7.8172,6.1422,9.3948,3.2168,2.2822,3.3866,3.4766,1.2431,0,4.1796
0,4.581,7.2517,0,0,0,0,0,1.245,0,0.84984,0,0,0,0,3.8201,6.0062,0,3.5041,0,1.9304,4.191,6.4569,1.8266,1.2568,6.3756,8.1755,0,0,0,0,0,0,4.2352,4.6613,4.788,0,0,0,4.1459,8.3638,6.7041,2.254,4.4162,2.7657,0,1.3266,7.0702,0,4.0387,8.5819,3.8539,6.282,0,6.7893,3.8058,9.5597,4.977,1.7445,9.4551,9.7929,7.1161,3.5237,6.3331,1.6214,0,2.0631,4.9246
0,0,0,4.318,0,2.2745,0,0,4.9811,0,0,4.8265,0,0,2.531,0,0,0,0,4.6822,0,0,0,5.5324,0,0,0,4.103,0,0,0,0,0,0,1.9011,0,0,0,3.2786,5.7018,4.8194,4.5809,7.2878,8.9509,0,8.3608,0,4.4723,5.0992,0,0,0,0,10.106,0,0,0,8.5566,0,0,0,9.2702,4.9507,1.4786,0,0,1.6532,4.299
0,0,0,0,0,0,0,0,0,0,0,0.9857,0,0,0,0,0,0,0,0,0,0,0,0,0,0,0,0,0,0,0,0,0,0,0,0,0,3.2786,0,6.1611,2.1641,3.9365,4.5501,2.8294,0,4.3602,0,1.6146,6.7678,0,0,0,0,3.1364,0,1.8768,0,5.2141,0,0,0,3.4907,2.0935,0,0,5.5985,0,6.1725
0,0,0,2.801,0,3.5438,0,0,3.7091,0,0,3.6365,0,0,1.9179,0,0,0,0,3.7904,0,0,0,4.8072,0,0,0,3.825,0,0,0,0,0,0,2.8561,0,4.1459,5.7018,6.1611,0,7.9957,8.8219,5.9234,9.6541,4.1977,8.8795,1.6255,6.6133,7.2397,0,0,1.69,0,6.3669,3.6292,1.6624,4.028,6.1227,0,1.9937,2.4439,7.8842,5.8299,2.9752,0,5.6934,2.1757,5.6664
0,0,0,3.5045,0,3.2349,4.6693,0,4.8192,4.2068,0,3.002,0,0,1.693,1.5403,0,0,0,3.8577,1.5235,2.6073,0,6.6066,0,0,0,6.0805,2.2949,3.5775,0,0,1.3652,2.1612,8.3534,3.2922,8.3638,4.8194,2.1641,7.9957,0,8.872,6.1636,9.469,3.0803,5.4044,0,9.7051,4.314,3.724,7.6895,2.4759,5.9024,4.5428,7.5466,3.8206,8.5082,7.2688,0,7.0339,6.8511,10.408,8.1933,9.4029,0,2.4456,5.5877,6.8665
0,0,0,0,0,0,0,0,3.9278,0,0,2.757,0,0,0,0,0,0,0,0,0,1.4426,0,4.9416,0,0,0,3.6618,0,0,0,0,0,0,5.2274,1.4164,6.7041,4.5809,3.9365,8.8219,8.872,0,5.5274,8.4713,4.9224,7.0237,2.7126,9.3799,5.175,2.4164,4.6231,2.9935,1.7647,5.8023,5.3308,2.7916,6.4557,6.2242,0,4.5505,3.5454,7.2036,6.2599,6.2249,1.9172,6.3146,3.0384,5.8645
2.496,1.7123,1.568,5.5219,1.5366,4.9966,5.2744,5.4448,5.9791,6.4164,0,5.1447,2.2703,4.3987,3.2133,3.0678,1.1476,0,0,5.6838,3.1773,3.9473,2.522,7.134,0.83505,0,3.1526,7.0252,4.536,4.663,0,0,2.5296,4.0176,3.5252,6.9302,2.254,7.2878,4.5501,5.9234,6.1636,5.5274,0,7.343,2.5479,7.1833,3.8454,5.4218,6.3059,3.6997,2.9588,0,1.5015,7.0543,2.6912,7.5831,2.6829,9.4625,5.9866,2.7768,7.4704,7.9476,5.8462,5.2775,0,2.4329,3.5603,4.6743
0,0,0,4.4466,0,0,0,0,5.6048,0,0,4.9677,0,0,2.765,0,0,0,0,5.0371,0,0,0,6.1835,0,0,0,4.5111,0,0,0,0,0,0,4.1035,0,4.4162,8.9509,2.8294,9.6541,9.469,8.4713,7.343,0,2.965,9.2954,0,7.9552,5.0545,0,0,0,0,9.2721,3.497,0.78823,4.0107,6.9191,0,0,2.7446,9.6298,7.3407,3.449,0,2.7825,2.8274,6.7129
0,3.3084,0,0,0,0,0,0,0,0,4.484,0,5.6483,0,0,0,0,2.6402,1.3063,0,0,2.0996,0,0,4.1799,4.6634,4.9461,0,0,0,4.488,0,0,2.2919,2.6647,4.2474,2.7657,0,0,4.1977,3.0803,4.9224,2.5479,2.965,0,4.4702,7.615,6.5036,2.6028,0.60025,5.4551,8.3848,6.8504,2.4993,3.8342,2.8554,4.5675,1.8818,5.5786,7.7876,5.4282,1.6438,7.0912,4.4479,6.2245,5.7424,1.897,8.5634
0,0,0,5.1574,1.7028,4.6,3.8586,3.9911,4.52,6.073,0,5.5475,0,0,2.8947,0,0,0,0,5.8796,0,0,0,5.3752,0,0,0,5.7976,0,0,0,0,0,0,2.1661,1.783,0,8.3608,4.3602,8.8795,5.4044,7.0237,7.1833,9.2954,4.4702,0,1.1999,6.9822,7.0395,0,0,0,0,9.6559,0,2.0165,0,7.7646,0,0,1.6022,7.6906,6.5539,1.2662,0,4.0874,0.81171,6.3279
0,5.3818,0,0,0,0,0,0,1.5495,0,6.2135,0,7.6993,0,0,0,0,4.3668,2.6731,0,0,4.2312,0,0,6.4459,6.7324,7.3513,0,0,0,6.65,2.4922,0,3.7753,0,5.8282,1.3266,0,0,1.6255,0,2.7126,3.8454,0,7.615,1.1999,0,4.1001,0.3594,0,1.3578,4.0913,2.123,0,0,4.392,0,2.6626,7.89,5.4866,8.148,0,5.1341,0,6.8556,4.4026,0,6.5843
0,0,0,0,0,0,0,0,3.2996,0,0,0,1.3658,0,0,0,0,0,0,0,0,1.7114,0,3.8348,0,0,0,2.7906,0,0,0,0,0,0,8.4254,2.4856,7.0702,4.4723,1.6146,6.6133,9.7051,9.3799,5.4218,7.9552,6.5036,6.9822,4.1001,0,4.1238,3.107,6.4143,4.4136,4.0589,5.9238,5.4137,3.3557,6.8217,6.1968,1.534,6.1885,4.4194,7.3218,8.7441,7.9808,3.0247,5.8517,3.6317,6.4768
0,0,0,2.1101,0,1.8496,0,0,2.1557,2.5467,0,2.7384,0,0,1.3881,0,0,0,0,2.7119,0,0,0,2.8941,0,0,0,2.3224,0,0,0,0,0,0,0.95195,3.5344,0,5.0992,6.7678,7.2397,4.314,5.175,6.3059,5.0545,2.6028,7.0395,0.3594,4.1238,0,2.0114,0,0,0,5.0956,3.0793,3.8934,2.7498,6.9334,1.28,0,3.6694,5.6486,3.6109,2.2816,0,4.1823,0.92748,3.7631
0,2.7535,3.9545,0,0,0,2.4458,0,4.2495,0,0,0,0,0,1.8113,8.2856,2.2938,0,0,0,6.7332,6.0861,8.0072,6.844,0,1.4158,7.1785,6.249,3.1668,5.3308,0,0,2.5149,3.5967,2.3899,5.1759,4.0387,0,0,0,3.724,2.4164,3.6997,0,0.60025,0,0,3.107,2.0114,0,4.4898,0,2.3388,0,8.4219,8.6464,8.7233,8.2515,2.2705,3.4045,8.794,7.031,3.8517,5.4937,0,0,2.2486,3.7151
0,4.0595,5.9071,0,0,0,0,0,0,0,0,0,0,0,0,1.4625,4.9476,0,3.2749,0,0,2.7872,3.7428,0,1.8686,6.0185,7.1786,0,0,0,0,0,0,3.0468,5.3427,5.5305,8.5819,0,0,0,7.6895,4.6231,2.9588,0,5.4551,0,1.3578,6.4143,0,4.4898,0,6.002,8.681,0,6.4548,4.3225,8.9707,4.6357,1.602,8.5165,8.6637,5.9925,5.6111,7.9834,1.6392,0,3.0243,7.8336
0,1.5483,0,0,0,0,0,0,0,0,2.9485,0,3.4807,0,0,0,0,2.7415,2.2149,0,0,0,0,0,2.584,4.9967,4.7061,0,0,0,3.3175,0,0,0,0,2.7099,3.8539,0,0,1.69,2.4759,2.9935,0,0,8.3848,0,4.0913,4.4136,0,0,6.002,0,8.1159,0,3.9091,1.0057,4.8996,0,2.3353,7.9824,5.9049,0,4.6767,4.678,4.4573,3.1391,1.9238,6.5714
0,3.2107,3.6523,0,0,0,0,0,0,0,1.9826,0,2.2142,0,0,0,3.3785,2.2184,3.4143,0,0,0.98696,0,0,2.4142,6.0153,6.1456,0,0,0,1.9859,0,0,1.9196,4.2185,4.5846,6.282,0,0,0,5.9024,1.7647,1.5015,0,6.8504,0,2.123,4.0589,0,2.3388,8.681,8.1159,0,0,5.417,2.696,6.6057,1.6085,2.4359,8.9578,7.6171,3.5983,5.1323,6.9803,2.8177,0,2.759,7.6769
0,0,0,5.2023,0,3.7625,3.7255,0,5.211,5.3979,0,5.5491,0,0,3.1453,0,0,0,0,6.3308,0,0,0,6.1803,0,0,0,5.5962,0,0,0,0,0,0,2.1266,0,0,10.106,3.1364,6.3669,4.5428,5.8023,7.0543,9.2721,2.4993,9.6559,0,5.9238,5.0956,0,0,0,0,0,0,0,0,7.6182,0,0,0,8.2581,5.8059,1.3686,0,2.1257,1.0266,5.3431
0,0.73926,1.6435,0,0,0,1.4465,0,3.3365,0,0,0,0,0,0,6.2592,0,0,0,0,6.0558,4.279,5.7395,5.7136,0,0,3.8268,5.5916,2.7937,5.1002,0,0,2.5458,3.1034,3.6016,2.849,6.7893,0,0,3.6292,7.5466,5.3308,2.6912,3.497,3.8342,0,0,5.4137,3.0793,8.4219,6.4548,3.9091,5.417,0,0,5.6307,10.371,6.2351,0,5.4947,6.8637,9.2856,5.7579,9.4886,0,0,4.9813,7.9941
1.1538,3.793,4.1639,0.52437,0,1.0974,3.2209,2.184,4.6617,1.4093,1.7994,0,2.9619,2.1549,2.4148,6.9565,3.6578,0,1.5662,0,5.5266,6.1032,6.3048,6.6098,2.1722,3.1779,6.9995,5.8936,3.0784,4.2567,0.97685,0,1.693,3.0601,1.9744,7.5388,3.8058,0,1.8768,1.6624,3.8206,2.7916,7.5831,0.78823,2.8554,2.0165,4.392,3.3557,3.8934,8.6464,4.3225,1.0057,2.696,0,5.6307,0,6.4623,8.8491,6.0828,3.8769,8.6831,5.7949,3.8714,4.7168,1.437,0,1.9444,3.3047
0,3.2853,6.4362,0,0,0,0,0,2.9196,0,0,0,0,0,0,7.8938,4.3522,0,0,0,5.6037,5.3785,8.5425,4.9395,0,3.7354,8.2075,3.7635,0,3.3683,0,0,1.0956,3.8929,4.5597,4.8943,9.5597,0,0,4.028,8.5082,6.4557,2.6829,4.0107,4.5675,0,0,6.8217,2.7498,8.7233,8.9707,4.8996,6.6057,0,10.371,6.4623,0,6.4503,1.2548,7.7658,9.6644,8.3697,5.2341,8.4088,0,0,3.9381,7.9009
3.3953,2.5486,1.778,6.8911,1.4122,5.8724,6.8726,6.1735,6.8373,7.5546,0,6.1214,0,4.7125,3.9442,5.8112,0,0,0,7.2443,5.7802,5.5033,4.5613,8.8699,0,0,4.2242,8.7128,4.9964,6.3818,0,0,3.9796,4.6182,4.5449,7.213,4.977,8.5566,5.2141,6.1227,7.2688,6.2242,9.4625,6.9191,1.8818,7.7646,2.6626,6.1968,6.9334,8.2515,4.6357,0,1.6085,7.6182,6.2351,8.8491,6.4503,0,5.4692,3.8434,8.5074,9.5641,6.8768,6.7102,0,2.519,4.9073,5.715
0,4.4184,1.7194,0,0,0,0,0,2.0785,0,4.6159,0,6.2136,0,0,0,1.8661,3.1254,2.7351,0,0,3.3152,0,0,5.5479,6.0839,6.9722,0,0,0,5.0732,1.3472,0,2.8441,0,7.8172,1.7445,0,0,0,0,0,5.9866,0,5.5786,0,7.89,1.534,1.28,2.2705,1.602,2.3353,2.4359,0,0,6.0828,1.2548,5.4692,0,5.3023,8.3316,0,2.4079,0,4.0647,2.3219,0,4.8238
0,5.6304,6.1513,0,0,0,0,0,0,0,5.1466,0,5.8109,0,0,0.76318,5.8919,5.1365,5.855,0,0,2.9011,2.9846,0,5.9351,8.6454,8.8082,0,0,0,5.8348,0,0,4.1727,4.9417,6.1422,9.4551,0,0,1.9937,7.0339,4.5505,2.7768,0,7.7876,0,5.4866,6.1885,0,3.4045,8.5165,7.9824,8.9578,0,5.4947,3.8769,7.7658,3.8434,5.3023,0,9.8587,4.9325,5.105,6.5959,6.9702,3.2867,2.076,6.4433
0,7.3378,8.1034,0,0,0,0,0,3.3266,0,5.4567,0,6.7863,0,0,7.0785,7.3178,5.3128,6.1262,0,4.1949,6.5687,8.1974,4.8366,6.9422,9.0459,10.333,3.412,0,1.6301,6.5026,0,0,5.8417,3.5818,9.3948,9.7929,0,0,2.4439,6.8511,3.5454,7.4704,2.7446,5.4282,1.6022,8.148,4.4194,3.6694,8.794,8.6637,5.9049,7.6171,0,6.8637,8.6831,9.6644,8.5074,8.3316,9.8587,0,7.5982,4.2167,6.1454,7.2043,1.2408,2.584,6.6039
2.7463,0.68661,0,4.8603,0,4.0299,5.6255,4.3668,6.4393,5.0236,0,5.1989,0,3.3649,2.8485,4.6188,0,0,0,5.7274,4.9463,4.5027,3.1702,8.0248,0,0,2.1581,7.4684,3.9466,5.7221,0,0,3.2188,3.5983,5.5659,3.2168,7.1161,9.2702,3.4907,7.8842,10.408,7.2036,7.9476,9.6298,1.6438,7.6906,0,7.3218,5.6486,7.031,5.9925,0,3.5983,8.2581,9.2856,5.7949,8.3697,9.5641,0,4.9325,7.5982,0,8.1603,9.1914,0,0,6.5511,7.3615
0,0,0,0,0,0,0,0,3.7599,0,0,0,2.136,0,0,2.5572,0,0,0,0,3.2324,2.695,1.7253,4.7258,0,0,0,4.349,2.2203,3.3631,0,0,1.6248,1.7978,8.2348,2.2822,3.5237,4.9507,2.0935,5.8299,8.1933,6.2599,5.8462,7.3407,7.0912,6.5539,5.1341,8.7441,3.6109,3.8517,5.6111,4.6767,5.1323,5.8059,5.7579,3.8714,5.2341,6.8768,2.4079,5.105,4.2167,8.1603,0,8.6018,3.4459,5.786,8.1308,7.9699
0,1.12,0,0,0,0,3.0553,0,3.9429,0,0,0,0,0,0,4.7595,0,0,0,0,5.1844,3.5797,3.6255,5.9192,0,0,1.3845,5.7978,3.0302,4.9102,0,0,2.5435,2.9756,7.6636,3.3866,6.3331,1.4786,0,2.9752,9.4029,6.2249,5.2775,3.449,4.4479,1.2662,0,7.9808,2.2816,5.4937,7.9834,4.678,6.9803,1.3686,9.4886,4.7168,8.4088,6.7102,0,6.5959,6.1454,9.1914,8.6018,0,0,0,6.889,8.13
0,3.4389,0,0,0,0,0,0,0,0,4.8327,0,5.9814,0,0,0,0,3.9587,2.6579,0,0,0,0,0,5.0249,6.3824,6.433,0,0,0,5.5627,0,0,1.6879,0,3.4766,1.6214,0,0,0,0,1.9172,0,0,6.2245,0,6.8556,3.0247,0,0,1.6392,4.4573,2.8177,0,0,1.437,0,0,4.0647,6.9702,7.2043,0,3.4459,0,0,2.6295,0,4.3565
0,0,0,0,0,0,0,0,0,0,0,0,1.9864,0,0,0,0,0,0,0,0,0,0,0,0,0,0,0,0,0,0,0,0,0,1.2624,1.2431,0,0,5.5985,5.6934,2.4456,6.3146,2.4329,2.7825,5.7424,4.0874,4.4026,5.8517,4.1823,0,0,3.1391,0,2.1257,0,0,0,2.519,2.3219,3.2867,1.2408,0,5.786,0,2.6295,0,0,7.8897
0,0,0,0,0,0,0,0,2.0726,0,0,0,0,0,0,1.8662,0,0,0,0,2.6741,1.2041,1.3205,3.6857,0,0,0,3.5938,0,2.7263,0,0,0,0,3.4271,0,2.0631,1.6532,0,2.1757,5.5877,3.0384,3.5603,2.8274,1.897,0.81171,0,3.6317,0.92748,2.2486,3.0243,1.9238,2.759,1.0266,4.9813,1.9444,3.9381,4.9073,0,2.076,2.584,6.5511,8.1308,6.889,0,0,0,6.9522
0,2.449,2.6651,0,0,0,0,0,3.1077,0,2.7162,0,4.1177,0,0,2.391,1.5501,0,0.63878,0,2.7267,1.8251,2.3203,4.1943,2.7876,3.1316,4.3252,3.5999,1.6388,2.7665,1.8627,0,0,2.0781,4.3939,4.1796,4.9246,4.299,6.1725,5.6664,6.8665,5.8645,4.6743,6.7129,8.5634,6.3279,6.5843,6.4768,3.7631,3.7151,7.8336,6.5714,7.6769,5.3431,7.9941,3.3047,7.9009,5.715,4.8238,6.4433,6.6039,7.3615,7.9699,8.13,4.3565,7.8897,6.9522,0
