0,0,5.058,2.0245,0,3.7637,8.0588,6.0524,3.0766,4.4608,2.6918,1.9964,0.95964,8.7557,1.2182,0,6.127,0,3.4253,1.9004,4.0213,1.3512,6.0528,4.1196,0,3.9692,3.3264,5.2726,8.4288,7.8666,0,2.2572,3.6349,4.4984,0,0,0,0,0,0,0,0,2.4261,0,0,0,0,0,0,0,0,0,0,0,0,1.6827,0,3.4071,0,0,0,2.8368,0,0,0,0,0,0
0,0,4.3787,0,0,0,2.0524,1.2069,6.7028,0,4.8942,1.3052,6.5708,1.3811,3.2389,4.9676,5.5242,3.1366,4.5404,0,2.4366,7.4197,4.0117,7.1393,7.6136,6.1642,9.2496,3.4409,2.0449,1.9089,4.1567,1.9472,0,4.8592,0,5.5163,4.5025,0,0,0,0,0,1.7498,0,3.0924,0,5.2784,0,0,2.639,4.1864,1.6201,3.3151,0,1.008,3.5186,3.1547,2.2853,4.0794,5.63,7.2406,0.80994,0,0.8399,3.3479,0,0,2.3449
5.058,4.3787,0,0,0,5.0009,8.154,7.1065,2.7367,4.9016,3.0339,0,0,6.8642,0,3.5912,8.8797,3.8284,6.1629,0,7.2944,3.7837,9.6981,4.8928,1.1905,9.6197,9.8895,7.1827,4.658,6.9652,1.3061,0,2.423,5.7937,0,4.9945,7.2974,0,0,0,0,0,1.4999,0,0,0,0,0,0,3.5939,5.9924,0,3.6656,0,1.3548,4.0268,6.2125,1.4685,0.90786,6.1378,8.0835,0,0,0,0,0,0,2.6914
2.0245,0,0,0,4.067,5.608,4.8806,4.6448,7.1908,8.8338,0,8.5084,2.088,3.9066,5.9786,0,0,0,0,9.8971,0,0,0,8.1363,0,0,0,9.4142,4.7089,1.9197,0,1.0437,2.0307,4.0844,0,0,0,4.2095,0,2.5632,3.6611,0,5.4888,4.7146,0,5.2262,0,0,2.0594,0,0,0,0,5.2126,0,0,0,6.7549,0,0,0,4.8954,0,0,0,0,0,0
0,0,0,4.067,0,6.2862,2.4273,3.5391,4.7361,3.5431,2.385,4.9281,2.2783,1.3225,6.5556,0,0,0,0,3.6813,0,2.5198,0,5.3418,0,0,0,4.2795,2.8261,0,0,5.7265,0,6.0042,0,0,0,0,0,0,0,0,1.4595,0,0,1.7624,0,0,0,0,0,0,0,0,0,0,0,1.471,0,0,0,0,0,0,0,0,0,0
3.7637,0,5.0009,5.608,6.2862,0,8.0269,8.9057,5.9078,9.6516,4.0752,8.9955,3.9976,6.6966,7.3397,0,3.236,2.1185,0,6.1543,4.0437,1.6335,5.0369,5.9102,0,2.6935,2.2794,7.6308,5.9802,4.7589,0,6.0538,2.64,5.6651,0,0,0,0,0,2.6417,0,0,4.6125,0,0,4.3412,0,0,0,0,0,0,0,3.5676,0,0,0,5.6407,0,0,0,3.8621,0,0,0,0,0,0
8.0588,2.0524,8.154,4.8806,2.4273,8.0269,0,8.7652,5.8904,9.5593,2.1536,5.4585,3.322,9.3538,4.5895,2.6181,6.286,0,3.4446,4.3014,7.0387,3.0934,7.8259,6.9983,0,6.1134,6.1926,10.512,8.077,9.2668,0,2.7705,5.5684,6.6232,0,0,0,0,0,0,4.8803,0,5.2009,0,0,3.8328,0,0,0,2.486,0,0,0,4.3914,1.6519,3.1584,0,6.8352,0,0,0,5.6811,1.6429,2.7339,0,0,0,0
6.0524,1.2069,7.1065,4.6448,3.5391,8.9057,8.7652,0,5.6687,8.5806,4.6465,7.2209,3.9851,9.2128,4.7078,0,6.56,3.076,2.9507,5.7257,5.6605,2.4276,7.3374,6.3863,1.222,5.1686,3.8697,7.2687,6.4215,7.2767,1.405,5.9358,3.3469,5.5149,0,0,0,0,0,0,0,0,5.2116,0,0,4.3886,0,0,0,0,0,0,0,0,0,2.6201,0,6.0186,0,0,0,4.543,0,0,0,0,0,0
3.0766,6.7028,2.7367,7.1908,4.7361,5.9078,5.8904,5.6687,0,7.4174,3.1741,7.1773,5.1097,5.1098,6.5732,3.9211,3.3782,0,1.5687,6.8682,3.2101,7.9008,3.31,9.4376,6.4593,3.4823,7.7471,7.8799,5.5758,5.2776,1.7423,2.9511,3.4975,4.7003,2.1691,2.9126,1.4428,5.2259,1.3246,3.5668,4.9916,3.8196,5.9804,5.7426,0,4.7827,0,3.416,2.5428,4.2592,0,0,0,5.1944,3.4759,4.5384,3.1765,6.9375,2.2155,0,3.5356,6.7213,3.9344,4.1382,0,0,1.9298,3.1277
4.4608,0,4.9016,8.8338,3.5431,9.6516,9.5593,8.5806,7.4174,0,2.7125,9.2344,3.8232,7.9449,5.6052,0,2.8644,0,0,9.0847,3.4315,1.346,4.4495,6.504,0,2.7694,2.6261,9.5003,7.3656,3.9327,0,3.3403,3.3221,6.8099,0,0,0,4.2831,0,0,0,0,6.3949,0,0,5.9871,0,0,2.9461,0,0,0,0,5.3619,0,2.1102,0,7.5783,0,0,0,4.993,0,0,0,0,0,0
2.6918,4.8942,3.0339,0,2.385,4.0752,2.1536,4.6465,3.1741,2.7125,0,3.7856,7.1259,5.8733,2.1219,1.1437,6.0753,8.4983,7.5555,1.4597,3.5158,4.4917,4.381,1.4785,5.3442,7.9083,6.1547,1.6076,6.4999,3.0407,5.6368,5.77,1.5589,8.3106,0,3.808,0,0,0,0,0,0,0,0,4.5591,0,6.1698,0,0,0,0,2.7745,0.94342,0,0,2.0089,0,0,4.3557,4.9471,5.3625,0,0,0,4.7932,0,0,2.912
1.9964,1.3052,0,8.5084,4.9281,8.9955,5.4585,7.2209,7.1773,9.2344,3.7856,0,4.4256,6.5938,7.0835,0,0,0,0,9.3381,0,1.591,0,7.2363,0,0,1.3977,7.8864,6.2778,1.2441,0,4.5662,0.99565,6.3679,0,0,0,4.5534,1.0824,3.6598,3.6628,0,5.0081,5.0898,0,5.5306,0,0,3.0851,0,0,0,0,5.4753,0,0,0,5.9489,0,0,0,5.1465,0,0,0,0,0,0
0.95964,6.5708,0,2.088,2.2783,3.9976,3.322,3.9851,5.1097,3.8232,7.1259,4.4256,0,4.3259,2.186,1.642,0.78138,3.502,1.9535,3.0351,0,6.073,1.2767,3.8314,7.9457,5.1912,8.0176,3.4982,4.9599,2.172,6.6919,5.1346,0,6.3591,0,5.1266,0,0,0,0,0,0,2.4049,0,5.2904,0,7.5806,0,0,0,0,3.1518,1.6277,0,0,3.1539,0,0,5.9682,5.7405,6.7475,0,2.1385,0,5.9413,1.7272,0,3.7749
8.7557,1.3811,6.8642,3.9066,1.3225,6.6966,9.3538,9.2128,5.1098,7.9449,5.8733,6.5938,4.3259,0,3.547,0,7.1102,4.3168,4.1375,5.2233,5.5585,2.4972,7.4344,5.6645,1.7358,5.4222,4.1339,6.9149,8.8434,8.3193,2.3858,5.6794,3.7816,6.2827,0,0,0,0,0,0,0,0,4.2273,0,0,0,0,0,0,0,0,0,0,0,0,2.2714,0,4.1972,0,0,0,2.7674,0,0,0,0,0,0
1.2182,3.2389,0,5.9786,6.5556,7.3397,4.5895,4.7078,6.5732,5.6052,2.1219,7.0835,2.186,3.547,0,0,0,0,0,5.5645,2.4205,4.2991,0,7.2277,1.4067,0,3.7636,6.2966,3.7116,2.7103,0,4.4777,1.5739,3.4802,0,0,0,2.3513,0,2.3717,1.8343,0,3.2924,2.8804,0,3.2513,0,0,1.969,1.6368,0,0,0,3.0417,0,2.4789,0,3.9165,0,0,0,3.225,0,0,0,0,0,0
0,4.9676,3.5912,0,0,0,2.6181,0,3.9211,0,1.1437,0,1.642,0,0,0,4.4465,0,2.0276,0,8.2086,8.2343,8.7085,7.6017,2.87,3.6948,8.647,6.9191,2.4273,4.4064,0,0,1.5491,3.7376,0,3.2861,3.952,0,0,0,2.1498,0,3.1406,0,0,0,0,0,0,8.1962,1.3544,0,0,0,6.1853,6.7142,7.8476,6.0165,0,0.60761,7.0191,4.7891,2.7834,4.9957,0,0,1.7127,2.4217
6.127,5.5242,8.8797,0,0,3.236,6.286,6.56,3.3782,2.8644,6.0753,0,0.78138,7.1102,0,4.4465,0,6.2144,8.9505,0,6.8901,4.754,9.0816,4.4297,1.8909,8.8751,9.0391,5.7342,7.2603,7.8303,1.2299,1.2361,4.6697,8.2692,0,4.9939,6.0834,0,0,0,0,0,1.3871,0,0,0,0,0,0,2.0236,5.1024,0,3.7642,0,0,3.5479,3.9483,0,1.7097,6.1618,7.2873,0,0,0,0,0,0,1.7906
0,3.1366,3.8284,0,0,2.1185,0,3.076,0,0,8.4983,0,3.502,4.3168,0,0,6.2144,0,8.3144,0,2.5125,1.768,3.8609,0,3.2701,8.244,6.128,0,4.6204,2.327,3.8739,3.6652,0,6.4934,0,2.5781,0,0,0,0,0,0,0,0,2.8593,0,4.0318,0,0,0,0,2.9936,1.7328,0,0,0,0,0,2.8137,5.1758,5.1839,0,0,0,3.8304,0,0,0
3.4253,4.5404,6.1629,0,0,0,3.4446,2.9507,1.5687,0,7.5555,0,1.9535,4.1375,0,2.0276,8.9505,8.3144,0,0,5.3408,3.1075,6.2347,0.82736,2.9586,9.1148,7.6805,2.967,5.3176,5.4769,2.5668,2.6116,2.8813,7.7218,0,4.0601,3.4529,0,0,0,0,0,0,0,1.7531,0,2.5071,0,0,0,3.2476,2.6163,3.7798,0,0,1.4629,0,0,2.8584,6.0643,6.1987,0,0,0,2.5283,0,0,0.38283
1.9004,0,0,9.8971,3.6813,6.1543,4.3014,5.7257,6.8682,9.0847,1.4597,9.3381,3.0351,5.2233,5.5645,0,0,0,0,0,0,0,0,6.6837,0,0,0,8.3967,5.2105,1.2361,0,2.2821,1.015,5.0327,0,0,0,4.7226,0,3.6186,3.9258,0,5.4935,4.9831,0,5.6544,0,0,2.5805,0,0,0,0,5.9544,0,0,0,6.975,0,0,0,5.4994,0,0,0,0,0,0
4.0213,2.4366,7.2944,0,0,4.0437,7.0387,5.6605,3.2101,3.4315,3.5158,0,0,5.5585,2.4205,8.2086,6.8901,2.5125,5.3408,0,0,5.4463,10.506,5.4825,0,5.6636,7.098,9.1029,5.9102,9.5189,0,0,4.9173,8.1629,0,1.3385,1.8685,0,0,0,2.2608,0,3.1384,0,0,0,0,0,0,6.6613,0,0,0,0,5.9546,5.4333,5.4579,5.806,0,0,4.0095,4.8421,3.3261,5.3583,0,0,2.4233,2.5268
1.3512,7.4197,3.7837,0,2.5198,1.6335,3.0934,2.4276,7.9008,1.346,4.4917,1.591,6.073,2.4972,4.2991,8.2343,4.754,1.768,3.1075,0,5.4463,0,6.0772,8.9023,6.7096,4.689,8.7275,6.1343,3.1225,4.146,3.5088,0,1.5478,4.1631,1.2871,4.3111,4.1925,0,0,0,2.8834,1.9209,3.9512,0,2.0865,0,3.9052,2.1824,0,6.222,3.0937,0,1.4954,0,4.6133,6.0287,5.4531,5.6875,2.948,3.3218,6.7154,4.9316,3.0975,4.0706,0,0,1.4613,2.0387
6.0528,4.0117,9.6981,0,0,5.0369,7.8259,7.3374,3.31,4.4495,4.381,0,1.2767,7.4344,0,8.7085,9.0816,3.8609,6.2347,0,10.506,6.0772,0,6.2861,0,7.6019,9.6635,8.3727,6.7504,8.7379,0,0,4.5329,8.3209,0,3.9101,6.6167,0,0,0,0,0,2.5039,0,0,0,0,0,0,7.8619,3.8133,0,0,0,5.6265,6.0437,8.4967,4.4042,0,2.7445,8.2604,2.9552,1.3488,3.8436,0,0,0,2.4613
4.1196,7.1393,4.8928,8.1363,5.3418,5.9102,6.9983,6.3863,9.4376,6.504,1.4785,7.2363,3.8314,5.6645,7.2277,7.6017,4.4297,0,0.82736,6.6837,5.4825,8.9023,6.2861,0,5.9838,4.2959,8.697,9.165,6.5912,6.4692,0,2.911,4.9827,5.7534,3.3576,3.7297,1.7614,5.5449,0.84064,4.4976,6.707,4.5732,7.1672,6.2066,0,5.6903,0,3.7015,3.1944,6.7561,0,0,0,6.197,5.6877,6.5441,4.8953,9.046,0,0,4.8786,8.234,4.9852,6.1149,0,0,3.7136,4.2981
0,7.6136,1.1905,0,0,0,0,1.222,6.4593,0,5.3442,0,7.9457,1.7358,1.4067,2.87,1.8909,3.2701,2.9586,0,0,6.7096,0,5.9838,0,5.7795,8.7299,0,2.339,0,4.7866,2.4646,0,4.875,0,4.5667,1.3885,0,0,0,0,0,1.0184,0,3.7745,0,6.2722,0,0,0,1.8994,2.6802,2.7684,0,0,2.1764,0,0,5.3173,5.866,6.9059,0,0,0,4.8445,0,0,2.404
3.9692,6.1642,9.6197,0,0,2.6935,6.1134,5.1686,3.4823,2.7694,7.9083,0,5.1912,5.4222,0,3.6948,8.8751,8.244,9.1148,0,5.6636,4.689,7.6019,4.2959,5.7795,0,10.177,5.229,5.2374,5.8418,6.4113,3.672,1.8289,7.0703,0,6.2765,6.1823,0,0,0,0,0,0,0,4.8847,0,6.6062,0,0,0.96981,6.1169,5.2679,6.2889,0,0,3.0094,3.1349,0,5.9619,8.6978,9.0095,0,0,0,6.3466,0,0,3.2264
3.3264,9.2496,9.8895,0,0,2.2794,6.1926,3.8697,7.7471,2.6261,6.1547,1.3977,8.0176,4.1339,3.7636,8.647,9.0391,6.128,7.6805,0,7.098,8.7275,9.6635,8.697,8.7299,10.177,0,8.0151,4.3914,5.6414,7.3397,1.9879,2.4672,7.6037,0,7.8665,8.1349,0,0,0,0,0,2.8984,0,4.8734,0,7.2959,0,0,7.0795,7.2672,4.8756,6.314,0,3.7873,6.9359,8.1362,4.0745,6.7827,8.8201,10.317,2.2728,0,1.4662,6.3516,0,0,4.4992
5.2726,3.4409,7.1827,9.4142,4.2795,7.6308,10.512,7.2687,7.8799,9.5003,1.6076,7.8864,3.4982,6.9149,6.2966,6.9191,5.7342,0,2.967,8.3967,9.1029,6.1343,8.3727,9.165,0,5.229,8.0151,0,8.0272,9.4589,0,1.7668,6.6298,7.4885,2.6328,1.9463,0.96653,4.296,0,3.139,6.0209,0,6.9662,4.3547,0,5.7663,0,2.6189,2.6758,6.0788,0,0,0,5.4264,5.4372,5.752,3.7456,8.6187,0,0,3.4266,7.364,4.3779,5.8173,0,0,3.3443,3.4182
8.4288,2.0449,4.658,4.7089,2.8261,5.9802,8.077,6.4215,5.5758,7.3656,6.4999,6.2778,4.9599,8.8434,3.7116,2.4273,7.2603,4.6204,5.3176,5.2105,5.9102,3.1225,6.7504,6.5912,2.339,5.2374,4.3914,8.0272,0,8.9275,2.6553,6.1541,8.2694,8.0864,0,0,0,0,0,0,2.5911,0,4.499,0,0,0,2.4483,0,0,3.1864,0,0,0,0,2.8017,3.4098,1.2338,4.9216,1.4283,0,0,3.9137,1.8676,3.199,0,0,1.325,1.3746
7.8666,1.9089,6.9652,1.9197,0,4.7589,9.2668,7.2767,5.2776,3.9327,3.0407,1.2441,2.172,8.3193,2.7103,4.4064,7.8303,2.327,5.4769,1.2361,9.5189,4.146,8.7379,6.4692,0,5.8418,5.6414,9.4589,8.9275,0,0,1.8874,6.7783,8.0714,1.5665,0.833,0,0,0,0,3.9164,0,4.7254,0,0,0,0,0,0,5.4179,0,0,0,0,5.1998,4.5198,3.3843,6.4487,0,0,1.3719,5.7103,3.6379,5.0742,0,0,2.7051,2.7901
0,4.1567,1.3061,0,0,0,0,1.405,1.7423,0,5.6368,0,6.6919,2.3858,0,0,1.2299,3.8739,2.5668,0,0,3.5088,0,0,4.7866,6.4113,7.3397,0,2.6553,0,0,2.3798,0,3.78,0,3.8189,0,0,0,0,0,0,0,0,4.3106,0,6.5107,0,0,0,0,3.248,1.7362,0,0,0.81214,0,0,4.7972,5.779,6.4452,0,0,0,5.5071,0,0,2.0352
2.2572,1.9472,0,1.0437,5.7265,6.0538,2.7705,5.9358,2.9511,3.3403,5.77,4.5662,5.1346,5.6794,4.4777,0,1.2361,3.6652,2.6116,2.2821,0,0,0,2.911,2.4646,3.672,1.9879,1.7668,6.1541,1.8874,2.3798,0,0,7.7259,0,0,0,0,0,0,0,0,0,0,0,0,2.1966,0,0,0,0,0,0,0,0,0,0,0,0,0,0,0,0,0,0,0,0,0
3.6349,0,2.423,2.0307,0,2.64,5.5684,3.3469,3.4975,3.3221,1.5589,0.99565,0,3.7816,1.5739,1.5491,4.6697,0,2.8813,1.015,4.9173,1.5478,4.5329,4.9827,0,1.8289,2.4672,6.6298,8.2694,6.7783,0,0,0,7.3091,0,0,0,0,0,0,1.6617,0,2.5099,0,0,0,0,0,0,2.5333,0,0,0,0,2.478,1.8717,0.84516,3.8691,0,0,0,2.9984,1.2577,2.5086,0,0,0,0
4.4984,4.8592,5.7937,4.0844,6.0042,5.6651,6.6232,5.5149,4.7003,6.8099,8.3106,6.3679,6.3591,6.2827,3.4802,3.7376,8.2692,6.4934,7.7218,5.0327,8.1629,4.1631,8.3209,5.7534,4.875,7.0703,7.6037,7.4885,8.0864,8.0714,3.78,7.7259,7.3091,0,0,3.5002,4.0098,0,0,0,2.2912,0,3.7894,0,2.5781,0,3.8678,0,0,3.3169,2.9449,0,2.0903,0,2.947,3.0167,3.4864,4.4701,2.7075,4.2176,5.6086,3.3556,1.6949,2.9633,1.7678,0,0.88688,2.0378
0,0,0,0,0,0,0,0,2.1691,0,0,0,0,0,0,0,0,0,0,0,0,1.2871,0,3.3576,0,0,0,2.6328,0,1.5665,0,0,0,0,0,1.3064,4.3728,2.2745,0,2.9677,8.2101,5.4143,3.5985,4.2059,2.5345,2.4092,0,8.4864,0.93959,1.9092,5.2062,0,3.8387,2.2635,3.5839,2.3213,4.2983,4.554,0,4.4592,3.5588,5.7113,8.1622,7.7006,0,1.4594,3.2891,4.4548
0,5.5163,4.9945,0,0,0,0,0,2.9126,0,3.808,0,5.1266,0,0,3.2861,4.9939,2.5781,4.0601,0,1.3385,4.3111,3.9101,3.7297,4.5667,6.2765,7.8665,1.9463,0,0.833,3.8189,0,0,3.5002,1.3064,0,4.596,0,0,0,2.9248,0,6.906,0,4.783,1.7489,5.918,2.2385,3.4053,5.4198,5.6565,2.998,4.8411,0,2.9567,7.5672,4.9455,7.1736,7.8136,6.1084,9.4167,3.2195,2.2431,3.2987,3.3757,1.4228,0,4.4756
0,4.5025,7.2974,0,0,0,0,0,1.4428,0,0,0,0,0,0,3.952,6.0834,0,3.4529,0,1.8685,4.1925,6.6167,1.7614,1.3885,6.1823,8.1349,0.96653,0,0,0,0,0,4.0098,4.3728,4.596,0,0,0,4.0759,8.4206,6.598,2.2693,4.4538,2.2767,0,0,7.0942,0,3.6922,8.6934,3.498,6.2126,0,6.899,3.5537,9.4823,4.875,0.8892,9.4457,9.8116,7.0978,3.6324,6.3764,1.2742,0,2.1211,4.8553
0,0,0,4.2095,0,0,0,0,5.2259,4.2831,0,4.5534,0,0,2.3513,0,0,0,0,4.7226,0,0,0,5.5449,0,0,0,4.296,0,0,0,0,0,0,2.2745,0,0,0,3.2038,5.7179,4.5818,4.7658,7.0979,8.9627,0,8.4439,0,4.4616,5.3334,0,0,0,0,10.092,0,0,0,8.5477,0,0,0,9.3322,4.7092,1.8273,0,0,1.0452,4.1988
0,0,0,0,0,0,0,0,1.3246,0,0,1.0824,0,0,0,0,0,0,0,0,0,0,0,0.84064,0,0,0,0,0,0,0,0,0,0,0,0,0,3.2038,0,6.1069,2.402,3.5918,4.6315,3.2284,2.8371,4.3688,0,1.667,6.5842,0,0,0,0,3.0659,0,2.3168,0,5.2845,0,0,0,3.6637,1.3456,0,0,5.5137,0,6.3641
0,0,0,2.5632,0,2.6417,0,0,3.5668,0,0,3.6598,0,0,2.3717,0,0,0,0,3.6186,0,0,0,4.4976,0,0,0,3.139,0,0,0,0,0,0,2.9677,0,4.0759,5.7179,6.1069,0,7.9313,8.7912,5.8846,9.7115,4.126,8.8275,1.6739,6.5948,7.3619,0,0,1.5933,0,6.2157,3.3319,1.9822,3.9793,6.1259,0,1.4747,1.3853,7.9729,5.8437,3.3499,0,5.7197,2.0446,5.7559
0,0,0,3.6611,0,0,4.8803,0,4.9916,0,0,3.6628,0,0,1.8343,2.1498,0,0,0,3.9258,2.2608,2.8834,0,6.707,0,0,0,6.0209,2.5911,3.9164,0,0,1.6617,2.2912,8.2101,2.9248,8.4206,4.5818,2.402,7.9313,0,9.0215,6.0452,9.4793,3.1141,5.1024,0,9.7049,4.5857,3.1139,7.6696,0,5.8196,4.3342,7.3742,3.953,8.3405,7.1451,0,7.0577,6.8213,10.422,8.2193,9.4823,0,2.1755,5.4178,6.8485
0,0,0,0,0,0,0,0,3.8196,0,0,0,0,0,0,0,0,0,0,0,0,1.9209,0,4.5732,0,0,0,0,0,0,0,0,0,0,5.4143,0,6.598,4.7658,3.5918,8.7912,9.0215,0,5.5499,8.6273,5.0299,7.2223,2.884,9.4459,5.3158,2.7109,4.4488,3.0745,2.1274,5.9657,5.2113,3.2811,6.2253,6.2115,0,4.7193,3.2463,7.4147,6.2767,6.4599,1.7016,6.1382,2.7617,5.9537
2.4261,1.7498,1.4999,5.4888,1.4595,4.6125,5.2009,5.2116,5.9804,6.3949,0,5.0081,2.4049,4.2273,3.2924,3.1406,1.3871,0,0,5.4935,3.1384,3.9512,2.5039,7.1672,1.0184,0,2.8984,6.9662,4.499,4.7254,0,0,2.5099,3.7894,3.5985,6.906,2.2693,7.0979,4.6315,5.8846,6.0452,5.5499,0,7.2283,2.6975,7.2085,3.8255,5.4656,6.4578,3.39,3.1026,0,1.5103,6.9045,2.6694,7.793,2.8093,9.4709,5.8806,3.0075,7.4212,7.9522,5.8587,5.3672,0,2.6825,3.5986,4.7216
0,0,0,4.7146,0,0,0,0,5.7426,0,0,5.0898,0,0,2.8804,0,0,0,0,4.9831,0,0,0,6.2066,0,0,0,4.3547,0,0,0,0,0,0,4.2059,0,4.4538,8.9627,3.2284,9.7115,9.4793,8.6273,7.2283,0,3.0972,9.3641,0,7.9933,5.4993,0,0,0,0,9.3411,3.3494,1.5314,4.0571,6.8773,0,0,2.4381,9.7616,7.3791,3.3187,0,2.688,2.6918,6.8102
0,3.0924,0,0,0,0,0,0,0,0,4.5591,0,5.2904,0,0,0,0,2.8593,1.7531,0,0,2.0865,0,0,3.7745,4.8847,4.8734,0,0,0,4.3106,0,0,2.5781,2.5345,4.783,2.2767,0,2.8371,4.126,3.1141,5.0299,2.6975,3.0972,0,4.2185,7.4774,6.463,2.4161,0,5.435,8.3166,6.9353,2.4044,3.692,3.3748,4.3855,1.7355,5.7013,7.69,5.4081,1.6095,7.211,4.4212,6.1803,5.8973,1.6622,8.5497
0,0,0,5.2262,1.7624,4.3412,3.8328,4.3886,4.7827,5.9871,0,5.5306,0,0,3.2513,0,0,0,0,5.6544,0,0,0,5.6903,0,0,0,5.7663,0,0,0,0,0,0,2.4092,1.7489,0,8.4439,4.3688,8.8275,5.1024,7.2223,7.2085,9.3641,4.2185,0,0,6.9668,7.105,0,0,0.92493,0,9.6903,0,2.377,0,7.8175,0,0,1.469,7.8452,6.5503,1.39,0,3.7101,0.5599,6.3914
0,5.2784,0,0,0,0,0,0,0,0,6.1698,0,7.5806,0,0,0,0,4.0318,2.5071,0,0,3.9052,0,0,6.2722,6.6062,7.2959,0,2.4483,0,6.5107,2.1966,0,3.8678,0,5.918,0,0,0,1.6739,0,2.884,3.8255,0,7.4774,0,0,4.0878,0,0,1.505,3.9948,2.1421,0,0,4.6025,0,2.5306,7.8192,5.388,8.0872,0,5.2499,0,6.8419,4.5415,0,6.5101
0,0,0,0,0,0,0,0,3.416,0,0,0,0,0,0,0,0,0,0,0,0,2.1824,0,3.7015,0,0,0,2.6189,0,0,0,0,0,0,8.4864,2.2385,7.0942,4.4616,1.667,6.5948,9.7049,9.4459,5.4656,7.9933,6.463,6.9668,4.0878,0,4.187,2.9413,6.3393,4.3071,3.9604,5.8491,5.261,3.6297,6.5011,6.1265,1.4964,5.9939,4.2993,7.3571,8.7626,8.0629,2.9636,5.7506,3.4865,6.6049
0,0,0,2.0594,0,0,0,0,2.5428,2.9461,0,3.0851,0,0,1.969,0,0,0,0,2.5805,0,0,0,3.1944,0,0,0,2.6758,0,0,0,0,0,0,0.93959,3.4053,0,5.3334,6.5842,7.3619,4.5857,5.3158,6.4578,5.4993,2.4161,7.105,0,4.187,0,1.8012,0,0,0,5.2576,3.2339,4.0953,3.0861,7.0838,0,0,3.5497,6.0606,3.7119,2.4567,0,3.9665,1.1801,3.8979
0,2.639,3.5939,0,0,0,2.486,0,4.2592,0,0,0,0,0,1.6368,8.1962,2.0236,0,0,0,6.6613,6.222,7.8619,6.7561,0,0.96981,7.0795,6.0788,3.1864,5.4179,0,0,2.5333,3.3169,1.9092,5.4198,3.6922,0,0,0,3.1139,2.7109,3.39,0,0,0,0,2.9413,1.8012,0,4.4684,0,2.2768,0,8.3602,8.5925,8.723,8.2172,2.502,3.5136,8.8327,7.0724,3.6537,5.4582,0,0,2.2678,3.8318
0,4.1864,5.9924,0,0,0,0,0,0,0,0,0,0,0,0,1.3544,5.1024,0,3.2476,0,0,3.0937,3.8133,0,1.8994,6.1169,7.2672,0,0,0,0,0,0,2.9449,5.2062,5.6565,8.6934,0,0,0,7.6696,4.4488,3.1026,0,5.435,0,1.505,6.3393,0,4.4684,0,5.957,8.8035,0,6.4083,4.1809,8.96,4.3128,1.5309,8.511,8.7161,6.0008,5.298,7.9983,1.6909,0,2.5964,7.7788
0,1.6201,0,0,0,0,0,0,0,0,2.7745,0,3.1518,0,0,0,0,2.9936,2.6163,0,0,0,0,0,2.6802,5.2679,4.8756,0,0,0,3.248,0,0,0,0,2.998,3.498,0,0,1.5933,0,3.0745,0,0,8.3166,0.92493,3.9948,4.3071,0,0,5.957,0,8.1988,0,3.6381,0.83962,4.7928,0,2.9618,8.0311,5.9171,0,4.6047,4.5193,4.7047,3.1932,1.6455,6.5832
0,3.3151,3.6656,0,0,0,0,0,0,0,0.94342,0,1.6277,0,0,0,3.7642,1.7328,3.7798,0,0,1.4954,0,0,2.7684,6.2889,6.314,0,0,0,1.7362,0,0,2.0903,3.8387,4.8411,6.2126,0,0,0,5.8196,2.1274,1.5103,0,6.9353,0,2.1421,3.9604,0,2.2768,8.8035,8.1988,0,0,5.3985,2.8389,6.6084,1.5551,2.6005,8.9629,7.7262,3.3149,5.0584,6.965,2.9027,1.096,2.6402,7.7566
0,0,0,5.2126,0,3.5676,4.3914,0,5.1944,5.3619,0,5.4753,0,0,3.0417,0,0,0,0,5.9544,0,0,0,6.197,0,0,0,5.4264,0,0,0,0,0,0,2.2635,0,0,10.092,3.0659,6.2157,4.3342,5.9657,6.9045,9.3411,2.4044,9.6903,0,5.8491,5.2576,0,0,0,0,0,0,0,0,7.5549,0,0,0,8.34,5.6558,1.3113,0,1.7337,0.98006,5.2594
0,1.008,1.3548,0,0,0,1.6519,0,3.4759,0,0,0,0,0,0,6.1853,0,0,0,0,5.9546,4.6133,5.6265,5.6877,0,0,3.7873,5.4372,2.8017,5.1998,0,0,2.478,2.947,3.5839,2.9567,6.899,0,0,3.3319,7.3742,5.2113,2.6694,3.3494,3.692,0,0,5.261,3.2339,8.3602,6.4083,3.6381,5.3985,0,0,5.5137,10.345,6.0919,0,5.6287,6.8746,9.2675,5.7323,9.5021,0,0,4.6604,7.8901
1.6827,3.5186,4.0268,0,0,0,3.1584,2.6201,4.5384,2.1102,2.0089,0,3.1539,2.2714,2.4789,6.7142,3.5479,0,1.4629,0,5.4333,6.0287,6.0437,6.5441,2.1764,3.0094,6.9359,5.752,3.4098,4.5198,0.81214,0,1.8717,3.0167,2.3213,7.5672,3.5537,0,2.3168,1.9822,3.953,3.2811,7.793,1.5314,3.3748,2.377,4.6025,3.6297,4.0953,8.5925,4.1809,0.83962,2.8389,0,5.5137,0,6.3343,8.8848,6.0894,3.9374,8.6239,5.9434,4.1974,5.1076,1.5803,0,2.1167,3.7909
0,3.1547,6.2125,0,0,0,0,0,3.1765,0,0,0,0,0,0,7.8476,3.9483,0,0,0,5.4579,5.4531,8.4967,4.8953,0,3.1349,8.1362,3.7456,1.2338,3.3843,0,0,0.84516,3.4864,4.2983,4.9455,9.4823,0,0,3.9793,8.3405,6.2253,2.8093,4.0571,4.3855,0,0,6.5011,3.0861,8.723,8.96,4.7928,6.6084,0,10.345,6.3343,0,6.4427,0.99585,7.6703,9.6849,8.3916,5.1797,8.4296,0,0,3.7008,7.8696
3.4071,2.2853,1.4685,6.7549,1.471,5.6407,6.8352,6.0186,6.9375,7.5783,0,5.9489,0,4.1972,3.9165,6.0165,0,0,0,6.975,5.806,5.6875,4.4042,9.046,0,0,4.0745,8.6187,4.9216,6.4487,0,0,3.8691,4.4701,4.554,7.1736,4.875,8.5477,5.2845,6.1259,7.1451,6.2115,9.4709,6.8773,1.7355,7.8175,2.5306,6.1265,7.0838,8.2172,4.3128,0,1.5551,7.5549,6.0919,8.8848,6.4427,0,5.4318,3.8051,8.4782,9.553,6.8663,6.7063,0,2.6211,4.8912,5.7347
0,4.0794,0.90786,0,0,0,0,0,2.2155,0,4.3557,0,5.9682,0,0,0,1.7097,2.8137,2.8584,0,0,2.948,0,0,5.3173,5.9619,6.7827,0,1.4283,0,4.7972,0,0,2.7075,0,7.8136,0.8892,0,0,0,0,0,5.8806,0,5.7013,0,7.8192,1.4964,0,2.502,1.5309,2.9618,2.6005,0,0,6.0894,0.99585,5.4318,0,5.2578,8.3864,0,2.6016,0,3.9991,2.2511,0,4.7968
0,5.63,6.1378,0,0,0,0,0,0,0,4.9471,0,5.7405,0,0,0.60761,6.1618,5.1758,6.0643,0,0,3.3218,2.7445,0,5.866,8.6978,8.8201,0,0,0,5.779,0,0,4.2176,4.4592,6.1084,9.4457,0,0,1.4747,7.0577,4.7193,3.0075,0,7.69,0,5.388,5.9939,0,3.5136,8.511,8.0311,8.9629,0,5.6287,3.9374,7.6703,3.8051,5.2578,0,9.8557,4.9835,4.8472,6.5555,6.8925,3.0413,1.9163,6.427
0,7.2406,8.0835,0,0,0,0,0,3.5356,0,5.3625,0,6.7475,0,0,7.0191,7.2873,5.1839,6.1987,0,4.0095,6.7154,8.2604,4.8786,6.9059,9.0095,10.317,3.4266,0,1.3719,6.4452,0,0,5.6086,3.5588,9.4167,9.8116,0,0,1.3853,6.8213,3.2463,7.4212,2.4381,5.4081,1.469,8.0872,4.2993,3.5497,8.8327,8.7161,5.9171,7.7262,0,6.8746,8.6239,9.6849,8.4782,8.3864,9.8557,0,7.736,4.0648,6.0916,7.0598,1.5384,2.3143,6.6966
2.8368,0.80994,0,4.8954,0,3.8621,5.6811,4.543,6.7213,4.993,0,5.1465,0,2.7674,3.225,4.7891,0,0,0,5.4994,4.8421,4.9316,2.9552,8.234,0,0,2.2728,7.364,3.9137,5.7103,0,0,2.9984,3.3556,5.7113,3.2195,7.0978,9.3322,3.6637,7.9729,10.422,7.4147,7.9522,9.7616,1.6095,7.8452,0,7.3571,6.0606,7.0724,6.0008,0,3.3149,8.34,9.2675,5.9434,8.3916,9.553,0,4.9835,7.736,0,8.1991,9.1493,0,0,6.4486,7.4556
0,0,0,0,0,0,1.6429,0,3.9344,0,0,0,2.1385,0,0,2.7834,0,0,0,0,3.3261,3.0975,1.3488,4.9852,0,0,0,4.3779,1.8676,3.6379,0,0,1.2577,1.6949,8.1622,2.2431,3.6324,4.7092,1.3456,5.8437,8.2193,6.2767,5.8587,7.3791,7.211,6.5503,5.2499,8.7626,3.7119,3.6537,5.298,4.6047,5.0584,5.6558,5.7323,4.1974,5.1797,6.8663,2.6016,4.8472,4.0648,8.1991,0,8.5679,3.6197,5.6772,8.139,8.1103
0,0.8399,0,0,0,0,2.7339,0,4.1382,0,0,0,0,0,0,4.9957,0,0,0,0,5.3583,4.0706,3.8436,6.1149,0,0,1.4662,5.8173,3.199,5.0742,0,0,2.5086,2.9633,7.7006,3.2987,6.3764,1.8273,0,3.3499,9.4823,6.4599,5.3672,3.3187,4.4212,1.39,0,8.0629,2.4567,5.4582,7.9983,4.5193,6.965,1.3113,9.5021,5.1076,8.4296,6.7063,0,6.5555,6.0916,9.1493,8.5679,0,0,0,6.7419,8.1321
0,3.3479,0,0,0,0,0,0,0,0,4.7932,0,5.9413,0,0,0,0,3.8304,2.5283,0,0,0,0,0,4.8445,6.3466,6.3516,0,0,0,5.5071,0,0,1.7678,0,3.3757,1.2742,0,0,0,0,1.7016,0,0,6.1803,0,6.8419,2.9636,0,0,1.6909,4.7047,2.9027,0,0,1.5803,0,0,3.9991,6.8925,7.0598,0,3.6197,0,0,2.5602,0,4.254
0,0,0,0,0,0,0,0,0,0,0,0,1.7272,0,0,0,0,0,0,0,0,0,0,0,0,0,0,0,0,0,0,0,0,0,1.4594,1.4228,0,0,5.5137,5.7197,2.1755,6.1382,2.6825,2.688,5.8973,3.7101,4.5415,5.7506,3.9665,0,0,3.1932,1.096,1.7337,0,0,0,2.6211,2.2511,3.0413,1.5384,0,5.6772,0,2.5602,0,0,7.8776
0,0,0,0,0,0,0,0,1.9298,0,0,0,0,0,0,1.7127,0,0,0,0,2.4233,1.4613,0,3.7136,0,0,0,3.3443,1.325,2.7051,0,0,0,0.88688,3.2891,0,2.1211,1.0452,0,2.0446,5.4178,2.7617,3.5986,2.6918,1.6622,0.5599,0,3.4865,1.1801,2.2678,2.5964,1.6455,2.6402,0.98006,4.6604,2.1167,3.7008,4.8912,0,1.9163,2.3143,6.4486,8.139,6.7419,0,0,0,6.9931
0,2.3449,2.6914,0,0,0,0,0,3.1277,0,2.912,0,3.7749,0,0,2.4217,1.7906,0,0.38283,0,2.5268,2.0387,2.4613,4.2981,2.404,3.2264,4.4992,3.4182,1.3746,2.7901,2.0352,0,0,2.0378,4.4548,4.4756,4.8553,4.1988,6.3641,5.7559,6.8485,5.9537,4.7216,6.8102,8.5497,6.3914,6.5101,6.6049,3.8979,3.8318,7.7788,6.5832,7.7566,5.2594,7.8901,3.7909,7.8696,5.7347,4.7968,6.427,6.6966,7.4556,8.1103,8.1321,4.254,7.8776,6.9931,0
