1,0.45249,0.65007,0.78582,0.68007,0.57977,0.67131,0.42757,0.40699,0.43407,0.38152,0.39558,0.38075,0.57982,0.62947,0.53133,0.3408,0.35762,0.37324,0.37305,0.29331,0.30025,0.28154,0.39139,0.31476,0.28834,0.32396,0.11759,0.22103,0.17119,0.23984,0.27488,0.31344,0.2184,0.20599,0.33253,0.14754,0.15703,0.20053,0.16612,0.25423,0.29222,0.19788,0.16619,0.1745,0.19029,0.213,0.2586,0.26012,0.41695,0.75209,0.54302,0.72864,0.64094,0.60028,0.69967,0.44166,0.3875,0.42588,0.38276,0.43562,0.38027,0.37302,0.34482,0.6267,0.48383,0.54465,0.37768,0.39404,0.39792,0.35014,0.33481,0.38758,0.37172,0.17377,0.26346,0.23525,0.12655,0.23941,0.38251,0.28026,0.37884,0.17911,0.14351,0.19256,0.18076,0.14214,0.30055,0.16646,0.17986,0.15389,0.15619,0.15342,0.19516,0.22997,0.26178,0.33339,0.27818,0.34562,0.42334
0.45249,1,0.50096,0.41477,0.22437,0.27831,0.25252,0.198,0.2226,0.25986,0.22297,0.20231,0.18498,0.37438,0.31148,0.30294,0.14417,0.15147,0.17421,0.16878,0.20509,0.20667,0.18415,0.23525,0.17516,0.25584,0.25173,0.11905,0.1378,0.18326,0.22903,0.24397,0.20065,0.25675,0.25086,0.18967,0.21924,0.15392,0.22568,0.17317,0.1575,0.19963,0.21219,0.17327,0.20006,0.15756,0.20664,0.16838,0.12941,0.23886,0.2929,0.82571,0.41946,0.34484,0.23318,0.29525,0.22343,0.17631,0.18849,0.20582,0.26338,0.20567,0.19108,0.15858,0.40046,0.25177,0.32337,0.15137,0.19241,0.17896,0.20606,0.23608,0.24266,0.22413,0.23078,0.2548,0.24858,0.13113,0.14867,0.26978,0.27382,0.25468,0.20917,0.21794,0.23634,0.24775,0.22411,0.28952,0.19129,0.17894,0.21214,0.17885,0.18099,0.19155,0.22351,0.16469,0.16525,0.14548,0.21625,0.2406
0.65007,0.50096,1,0.59333,0.54686,0.63546,0.56906,0.31305,0.32993,0.36932,0.34233,0.31584,0.30317,0.40929,0.41045,0.41613,0.26699,0.25419,0.30598,0.33008,0.28392,0.27057,0.26317,0.37302,0.27038,0.31299,0.36956,0.1485,0.17268,0.21452,0.32324,0.34679,0.30242,0.29728,0.32405,0.35559,0.23697,0.24775,0.2864,0.22726,0.19064,0.24981,0.27811,0.2158,0.24511,0.21539,0.24427,0.32144,0.24321,0.3189,0.54876,0.62704,0.51908,0.761,0.54564,0.58452,0.32743,0.27641,0.31395,0.30587,0.38003,0.33147,0.29138,0.27625,0.4015,0.39581,0.41496,0.25513,0.34542,0.32237,0.29205,0.30656,0.36094,0.32337,0.2531,0.28904,0.32858,0.14812,0.18802,0.33273,0.32758,0.32625,0.23746,0.27124,0.28652,0.2586,0.23308,0.39204,0.22984,0.26439,0.24751,0.22219,0.19996,0.24717,0.24883,0.31741,0.26168,0.18875,0.27464,0.32461
0.78582,0.41477,0.59333,1,0.71536,0.60869,0.78376,0.44205,0.41203,0.4184,0.36571,0.38745,0.36477,0.61298,0.71137,0.65531,0.34524,0.3737,0.41816,0.39841,0.31222,0.31343,0.29899,0.43058,0.32051,0.3165,0.3229,0.10562,0.19594,0.12419,0.20997,0.23368,0.29728,0.17444,0.2004,0.36829,0.13407,0.078494,0.13154,0.11786,0.1906,0.22795,0.10247,0.087511,0.096149,0.16256,0.14882,0.20505,0.23737,0.40333,0.77527,0.52707,0.88822,0.6706,0.64428,0.8335,0.48911,0.38823,0.45701,0.38254,0.42501,0.36234,0.37196,0.32089,0.69609,0.5045,0.67598,0.38855,0.45394,0.44249,0.39478,0.36711,0.43484,0.40566,0.16297,0.29841,0.22657,0.11678,0.2102,0.43902,0.28102,0.40059,0.11088,0.066592,0.12313,0.13808,0.1317,0.29599,0.08619,0.10732,0.0884,0.10259,0.085,0.15139,0.19622,0.21109,0.31514,0.24191,0.30358,0.42194
0.68007,0.22437,0.54686,0.71536,1,0.68275,0.75492,0.41314,0.39744,0.42594,0.38297,0.40401,0.3701,0.47093,0.57323,0.48387,0.32817,0.32985,0.38271,0.37691,0.30874,0.30272,0.29596,0.42153,0.3174,0.29701,0.33177,0.099257,0.1914,0.13286,0.20851,0.24716,0.28044,0.18355,0.21916,0.36645,0.13388,0.14363,0.17013,0.14528,0.21162,0.24845,0.16254,0.12149,0.13006,0.17628,0.16202,0.28538,0.29103,0.39394,0.71376,0.36181,0.63965,0.69004,0.69594,0.73903,0.45343,0.36567,0.41849,0.37193,0.43142,0.3835,0.38046,0.33506,0.51483,0.46887,0.48932,0.34944,0.41976,0.39691,0.36361,0.34099,0.4153,0.38579,0.15119,0.26767,0.22886,0.10499,0.20674,0.32899,0.24206,0.33778,0.12561,0.10687,0.14867,0.13782,0.12818,0.30586,0.13295,0.16298,0.12385,0.13285,0.10804,0.16399,0.18993,0.28508,0.31879,0.25347,0.3149,0.41012
0.57977,0.27831,0.63546,0.60869,0.68275,1,0.73894,0.39706,0.40619,0.43781,0.41221,0.41156,0.37461,0.4082,0.47993,0.4318,0.31118,0.30004,0.38161,0.37712,0.32208,0.31623,0.31987,0.45395,0.33626,0.33441,0.40299,0.12361,0.18736,0.16207,0.25681,0.28925,0.28573,0.24554,0.30471,0.4014,0.20284,0.21549,0.26059,0.22423,0.2126,0.25245,0.23582,0.17214,0.18285,0.21996,0.1849,0.39388,0.29312,0.3699,0.60254,0.41397,0.53185,0.77102,0.73449,0.69153,0.45116,0.34316,0.39588,0.37717,0.45027,0.4064,0.38658,0.33932,0.42783,0.45074,0.43342,0.31372,0.42101,0.3801,0.36077,0.36256,0.44163,0.41045,0.19931,0.30008,0.31228,0.12502,0.20406,0.31785,0.27127,0.33091,0.17539,0.1928,0.21555,0.18794,0.19847,0.38577,0.19828,0.23409,0.21554,0.2117,0.15497,0.21809,0.2157,0.36001,0.30325,0.23867,0.30874,0.39306
0.67131,0.25252,0.56906,0.78376,0.75492,0.73894,1,0.47587,0.46168,0.46188,0.41924,0.45965,0.41772,0.45961,0.62774,0.49139,0.34088,0.34467,0.44757,0.39326,0.3551,0.33756,0.34169,0.47855,0.368,0.35283,0.37613,0.099229,0.17924,0.10748,0.20738,0.23959,0.27302,0.18999,0.28518,0.40111,0.16835,0.11197,0.16958,0.13791,0.18814,0.24051,0.12804,0.085714,0.098943,0.17732,0.12641,0.27599,0.23374,0.41897,0.70898,0.39591,0.67794,0.75229,0.76194,0.87943,0.53654,0.41612,0.48441,0.43107,0.47546,0.42343,0.44144,0.37655,0.53992,0.48007,0.50919,0.36658,0.48227,0.42078,0.42063,0.39704,0.47798,0.45208,0.16563,0.32006,0.25568,0.10021,0.19409,0.33764,0.24742,0.34533,0.087342,0.086353,0.12112,0.13107,0.16064,0.34911,0.10129,0.12903,0.12096,0.11751,0.071706,0.14857,0.17538,0.26774,0.28213,0.25645,0.33046,0.44104
0.42757,0.198,0.31305,0.44205,0.41314,0.39706,0.47587,1,0.68076,0.51111,0.50644,0.57225,0.58116,0.39916,0.48776,0.38626,0.46654,0.59498,0.56511,0.43851,0.26149,0.31117,0.27508,0.38054,0.42992,0.22648,0.31769,0.10791,0.23404,0.15723,0.17627,0.21897,0.30282,0.17743,0.09486,0.27649,0.098728,0.18422,0.21556,0.20258,0.29756,0.31628,0.19965,0.1988,0.17253,0.16937,0.20683,0.23978,0.20672,0.40332,0.42651,0.27585,0.39037,0.37006,0.44892,0.46095,0.53415,0.69165,0.61776,0.63741,0.51309,0.51061,0.48825,0.53784,0.45727,0.38753,0.37086,0.56402,0.42325,0.41667,0.32762,0.29698,0.35785,0.40559,0.059303,0.15484,0.15913,0.10422,0.24331,0.27528,0.1592,0.29332,0.15849,0.11015,0.12574,0.10799,0.081427,0.18287,0.14546,0.17033,0.15946,0.17451,0.14403,0.15936,0.16641,0.23285,0.25828,0.31184,0.36109,0.36976
0.40699,0.2226,0.32993,0.41203,0.39744,0.40619,0.46168,0.68076,1,0.53409,0.53703,0.56921,0.59086,0.38105,0.46229,0.36025,0.39844,0.43515,0.57354,0.42468,0.31744,0.33965,0.31303,0.45769,0.47131,0.25872,0.37928,0.11542,0.22743,0.16055,0.19096,0.24285,0.30856,0.18967,0.12849,0.31325,0.12689,0.1903,0.22231,0.21015,0.2784,0.30377,0.20565,0.20211,0.17586,0.18926,0.21512,0.25063,0.21015,0.41261,0.40578,0.29429,0.36795,0.37441,0.4493,0.44256,0.5524,0.6113,0.60123,0.79339,0.55981,0.54777,0.51914,0.55706,0.43423,0.3986,0.35521,0.46362,0.4815,0.42381,0.38011,0.35014,0.42444,0.4679,0.094382,0.19146,0.2048,0.11325,0.2395,0.27094,0.19233,0.31167,0.1605,0.1208,0.14117,0.1229,0.10678,0.21476,0.14985,0.17794,0.16442,0.18338,0.15287,0.18074,0.18859,0.24556,0.25749,0.30711,0.36493,0.38842
0.43407,0.25986,0.36932,0.4184,0.42594,0.43781,0.46188,0.51111,0.53409,1,0.56135,0.57834,0.52394,0.41073,0.47548,0.3566,0.39363,0.37317,0.4241,0.38275,0.3966,0.45135,0.37228,0.43268,0.38155,0.29995,0.39693,0.14021,0.24164,0.20431,0.24124,0.31001,0.34431,0.24037,0.19985,0.31031,0.18678,0.21565,0.23661,0.23055,0.30712,0.34501,0.22967,0.19282,0.19186,0.23514,0.23256,0.27184,0.2386,0.5062,0.43121,0.32295,0.37091,0.40561,0.46023,0.4389,0.49374,0.45455,0.46238,0.50272,0.72227,0.51749,0.50829,0.47222,0.42766,0.41739,0.34879,0.39284,0.3933,0.38115,0.42551,0.42637,0.42791,0.43983,0.20495,0.26681,0.30506,0.1446,0.24494,0.30903,0.29268,0.37813,0.20978,0.19051,0.22232,0.21448,0.18515,0.29681,0.19452,0.23443,0.19847,0.22616,0.183,0.24402,0.24802,0.26658,0.27495,0.35509,0.44779,0.46826
0.38152,0.22297,0.34233,0.36571,0.38297,0.41221,0.41924,0.50644,0.53703,0.56135,1,0.5882,0.51869,0.34149,0.3991,0.30595,0.37752,0.36064,0.43918,0.34834,0.35263,0.39267,0.36749,0.41584,0.38235,0.27514,0.38788,0.1204,0.20706,0.15492,0.19426,0.25604,0.29062,0.20013,0.18504,0.28062,0.16728,0.17295,0.21248,0.20914,0.2457,0.27326,0.19702,0.17788,0.16709,0.2151,0.20572,0.24774,0.20782,0.38026,0.38127,0.2886,0.32614,0.3869,0.42853,0.40091,0.46925,0.43611,0.45769,0.50616,0.55703,0.5386,0.51449,0.4845,0.36282,0.35389,0.29926,0.38147,0.39265,0.34853,0.40559,0.39275,0.41001,0.43372,0.14274,0.22593,0.25963,0.12167,0.21272,0.25436,0.22324,0.30121,0.15322,0.13712,0.1625,0.14947,0.1565,0.25051,0.15746,0.17239,0.17134,0.19303,0.14883,0.2038,0.2041,0.24162,0.23609,0.26853,0.32929,0.36188
0.39558,0.20231,0.31584,0.38745,0.40401,0.41156,0.45965,0.57225,0.56921,0.57834,0.5882,1,0.62315,0.3878,0.46771,0.35126,0.57006,0.47062,0.54277,0.46046,0.5301,0.46042,0.52626,0.48066,0.53123,0.37009,0.44945,0.11406,0.19897,0.12905,0.2017,0.29659,0.41215,0.16157,0.16766,0.31915,0.14333,0.11138,0.11733,0.12827,0.20507,0.24859,0.10745,0.095272,0.10282,0.20498,0.17952,0.18365,0.175,0.44854,0.39638,0.26725,0.33381,0.38425,0.43955,0.43785,0.56396,0.45896,0.5307,0.52382,0.57379,0.58533,0.70338,0.56557,0.39571,0.39422,0.32901,0.49958,0.48351,0.4641,0.60665,0.5265,0.48406,0.58672,0.15243,0.30566,0.26725,0.10756,0.19177,0.31186,0.2678,0.41086,0.075913,0.059369,0.10506,0.11115,0.12994,0.22476,0.067507,0.10982,0.077332,0.10836,0.072237,0.16551,0.19725,0.18211,0.21111,0.26478,0.3389,0.41424
0.38075,0.18498,0.30317,0.36477,0.3701,0.37461,0.41772,0.58116,0.59086,0.52394,0.51869,0.62315,1,0.35038,0.42019,0.31103,0.40765,0.3865,0.41168,0.3626,0.2859,0.31742,0.30876,0.34451,0.43133,0.22468,0.32914,0.10525,0.22607,0.16622,0.18497,0.24515,0.33217,0.17685,0.09659,0.24637,0.098639,0.19079,0.2047,0.18688,0.29163,0.32607,0.21161,0.21058,0.19814,0.19148,0.23801,0.22755,0.1954,0.40668,0.37894,0.25336,0.3225,0.3428,0.41174,0.39269,0.58908,0.53504,0.48652,0.57811,0.51652,0.53938,0.5973,0.85788,0.38773,0.36117,0.30408,0.43527,0.35418,0.35547,0.32637,0.3221,0.33269,0.41292,0.085733,0.15481,0.17927,0.099611,0.22848,0.24183,0.172,0.30481,0.16239,0.12788,0.15571,0.12235,0.082433,0.17866,0.15797,0.18096,0.1533,0.16573,0.16132,0.1746,0.19509,0.22491,0.23919,0.30056,0.36956,0.36653
0.57982,0.37438,0.40929,0.61298,0.47093,0.4082,0.45961,0.39916,0.38105,0.41073,0.34149,0.3878,0.35038,1,0.6417,0.72955,0.54644,0.492,0.4174,0.51763,0.41525,0.33166,0.32405,0.4091,0.31045,0.30511,0.34622,0.1661,0.29397,0.33844,0.46273,0.47026,0.53273,0.22355,0.18319,0.44187,0.1211,0.23624,0.16707,0.12639,0.23285,0.28827,0.2387,0.14833,0.18882,0.17598,0.28493,0.22937,0.31465,0.50282,0.5519,0.42351,0.61839,0.40578,0.43278,0.47396,0.37368,0.36148,0.42035,0.35563,0.39348,0.34332,0.33249,0.31207,0.74321,0.60469,0.68237,0.48668,0.46175,0.50578,0.43375,0.35246,0.38377,0.37128,0.22652,0.25931,0.2318,0.15893,0.29011,0.59322,0.42374,0.52199,0.25187,0.18963,0.20888,0.17692,0.10515,0.28938,0.13078,0.21195,0.10327,0.10443,0.11497,0.21285,0.23337,0.23872,0.38399,0.27212,0.31557,0.44151
0.62947,0.31148,0.41045,0.71137,0.57323,0.47993,0.62774,0.48776,0.46229,0.47548,0.3991,0.46771,0.42019,0.6417,1,0.56984,0.44655,0.44686,0.4853,0.44797,0.39926,0.34292,0.31448,0.44714,0.35039,0.31025,0.32051,0.10941,0.24376,0.1627,0.21853,0.25806,0.33972,0.17965,0.16844,0.40443,0.1125,0.14275,0.18618,0.14884,0.26222,0.28547,0.1883,0.13046,0.12654,0.16739,0.16973,0.23109,0.24787,0.55484,0.62228,0.39819,0.66257,0.47581,0.53348,0.63741,0.47095,0.43074,0.50174,0.43102,0.45665,0.40256,0.41658,0.3755,0.71698,0.63845,0.5607,0.46209,0.49778,0.46595,0.45877,0.36833,0.43181,0.41628,0.1438,0.26841,0.19454,0.11993,0.27013,0.4129,0.26197,0.415,0.13696,0.080286,0.13854,0.12637,0.10515,0.28414,0.14192,0.15626,0.13511,0.13642,0.12769,0.16051,0.21084,0.23491,0.32487,0.31473,0.37194,0.52786
0.53133,0.30294,0.41613,0.65531,0.48387,0.4318,0.49139,0.38626,0.36025,0.3566,0.30595,0.35126,0.31103,0.72955,0.56984,1,0.57563,0.53719,0.48571,0.64043,0.41195,0.29858,0.33539,0.44502,0.32433,0.35571,0.35738,0.13188,0.19165,0.24298,0.53645,0.46873,0.53885,0.21426,0.2594,0.58011,0.12312,0.21922,0.096458,0.04868,0.091214,0.15971,0.15545,0.034176,0.11542,0.12804,0.17209,0.21848,0.28914,0.39612,0.529,0.37416,0.64913,0.44013,0.4522,0.50742,0.3618,0.33007,0.42574,0.32704,0.35612,0.30738,0.30389,0.2748,0.64405,0.58786,0.84607,0.50514,0.55709,0.61462,0.45078,0.36038,0.41968,0.39234,0.27018,0.32961,0.2575,0.12682,0.18954,0.70164,0.45005,0.54326,0.19083,0.2043,0.19243,0.18376,0.116,0.37695,0.063226,0.22596,0.047675,0.034908,0.018847,0.15185,0.15646,0.24651,0.33997,0.17757,0.22264,0.37717
0.3408,0.14417,0.26699,0.34524,0.32817,0.31118,0.34088,0.46654,0.39844,0.39363,0.37752,0.57006,0.40765,0.54644,0.44655,0.57563,1,0.6701,0.53679,0.59717,0.53936,0.35835,0.424,0.41881,0.40868,0.33572,0.36457,0.11775,0.17642,0.16643,0.37066,0.40002,0.5467,0.13117,0.11981,0.42909,0.073909,0.14294,0.030058,0.033493,0.10075,0.15607,0.083725,0.040609,0.074261,0.13227,0.15627,0.13378,0.18556,0.38754,0.33302,0.20394,0.31614,0.2961,0.33308,0.32475,0.36598,0.37583,0.46899,0.36301,0.38365,0.40215,0.47263,0.36261,0.45505,0.44358,0.49437,0.65257,0.52237,0.56558,0.59524,0.4181,0.39987,0.45231,0.18931,0.28068,0.20522,0.10227,0.17289,0.52359,0.36099,0.48937,0.081172,0.059132,0.10041,0.091384,0.053572,0.19035,0.013046,0.12331,-0.013265,0.013929,0.017994,0.12493,0.14899,0.1433,0.21677,0.17796,0.22502,0.33262
0.35762,0.15147,0.25419,0.3737,0.32985,0.30004,0.34467,0.59498,0.43515,0.37317,0.36064,0.47062,0.3865,0.492,0.44686,0.53719,0.6701,1,0.56293,0.52331,0.31219,0.2642,0.27526,0.3326,0.3554,0.24511,0.28506,0.099118,0.20036,0.15058,0.28671,0.27159,0.39012,0.15227,0.092673,0.34848,0.069534,0.16296,0.13595,0.11718,0.20556,0.23039,0.15085,0.12494,0.12666,0.12781,0.16095,0.178,0.18823,0.34236,0.35095,0.21437,0.34957,0.28104,0.33442,0.33358,0.33473,0.47966,0.52805,0.40196,0.36453,0.38134,0.37772,0.35243,0.4733,0.39203,0.47943,0.68986,0.46538,0.49506,0.38904,0.27451,0.30726,0.34874,0.098663,0.18244,0.14636,0.093082,0.20496,0.44027,0.22713,0.35427,0.136,0.106,0.11349,0.098971,0.051346,0.17399,0.095252,0.15615,0.088051,0.095419,0.084639,0.12081,0.12709,0.17859,0.23212,0.22932,0.26484,0.29958
0.37324,0.17421,0.30598,0.41816,0.38271,0.38161,0.44757,0.56511,0.57354,0.4241,0.43918,0.54277,0.41168,0.4174,0.4853,0.48571,0.53679,0.56293,1,0.53221,0.44327,0.3445,0.34555,0.50964,0.42551,0.35142,0.37203,0.09053,0.17524,0.10012,0.20688,0.22968,0.29892,0.15007,0.17877,0.49392,0.12088,0.12588,0.13997,0.11631,0.15997,0.18112,0.11376,0.074683,0.071545,0.12795,0.096484,0.20269,0.19109,0.36492,0.37516,0.24616,0.36974,0.36177,0.41131,0.4375,0.41088,0.44193,0.60644,0.51241,0.44412,0.45645,0.45579,0.37594,0.43095,0.44321,0.44927,0.53412,0.69275,0.52476,0.52241,0.37684,0.48291,0.47178,0.11289,0.28362,0.19894,0.090105,0.18683,0.35851,0.2164,0.31483,0.075911,0.068983,0.078768,0.088167,0.11126,0.26406,0.073413,0.13221,0.10169,0.099578,0.057504,0.10594,0.12166,0.20838,0.22297,0.21826,0.26337,0.35383
0.37305,0.16878,0.33008,0.39841,0.37691,0.37712,0.39326,0.43851,0.42468,0.38275,0.34834,0.46046,0.3626,0.51763,0.44797,0.64043,0.59717,0.52331,0.53221,1,0.50595,0.33285,0.43418,0.48839,0.48365,0.46732,0.45549,0.11157,0.16054,0.19072,0.427,0.45486,0.55008,0.22033,0.21966,0.57576,0.11159,0.28555,0.065902,0.070353,0.077531,0.1396,0.13331,0.058271,0.12836,0.15569,0.14901,0.20461,0.2397,0.39216,0.37617,0.23966,0.36706,0.36442,0.38776,0.37567,0.38205,0.35181,0.43963,0.37854,0.38201,0.35888,0.38946,0.3211,0.43648,0.51037,0.5657,0.49261,0.57131,0.67853,0.51294,0.42054,0.45494,0.50799,0.24762,0.3982,0.30153,0.09182,0.16076,0.53109,0.38285,0.51285,0.11262,0.13396,0.18043,0.15255,0.095259,0.3209,0.055673,0.25944,0.024581,0.052335,0.036188,0.14262,0.16073,0.227,0.26574,0.1846,0.22762,0.37402
0.29331,0.20509,0.28392,0.31222,0.30874,0.32208,0.3551,0.26149,0.31744,0.3966,0.35263,0.5301,0.2859,0.41525,0.39926,0.41195,0.53936,0.31219,0.44327,0.50595,1,0.45232,0.57484,0.55582,0.46075,0.56309,0.48714,0.12363,0.11683,0.18036,0.37152,0.46165,0.52912,0.17973,0.27279,0.4791,0.18688,0.078342,-0.045781,-0.033718,0.0038363,0.16974,0.09388,0.018278,0.11105,0.22595,0.22859,0.045147,0.11157,0.50677,0.28974,0.2456,0.27222,0.32808,0.31923,0.35282,0.36683,0.17772,0.32526,0.2666,0.39411,0.35014,0.44667,0.23237,0.31361,0.42855,0.35256,0.2999,0.52645,0.48299,0.7321,0.58482,0.54841,0.56507,0.40338,0.51584,0.35466,0.10361,0.12305,0.41817,0.4421,0.52475,0.0081221,0.019344,0.14673,0.14209,0.16348,0.29501,0.01332,0.054915,-0.077686,-0.049229,0.036362,0.16457,0.32033,0.060096,0.12106,0.13617,0.27767,0.44637
0.30025,0.20667,0.27057,0.31343,0.30272,0.31623,0.33756,0.31117,0.33965,0.45135,0.39267,0.46042,0.31742,0.33166,0.34292,0.29858,0.35835,0.2642,0.3445,0.33285,0.45232,1,0.42684,0.40855,0.31606,0.34132,0.37845,0.12997,0.19439,0.13283,0.20368,0.29685,0.31867,0.15837,0.19554,0.29937,0.15894,0.097171,0.078944,0.11468,0.13349,0.16521,0.081261,0.063775,0.075514,0.21875,0.16229,0.14259,0.1666,0.36117,0.30024,0.24592,0.28007,0.30602,0.32229,0.33434,0.3484,0.25209,0.31671,0.30381,0.43898,0.37755,0.40524,0.27804,0.30383,0.33113,0.28037,0.27143,0.36544,0.33142,0.46633,0.45641,0.40856,0.41617,0.21099,0.30614,0.2855,0.12,0.17549,0.2727,0.29385,0.34704,0.071823,0.064264,0.11829,0.12298,0.15403,0.24192,0.06252,0.098022,0.062118,0.10512,0.07835,0.18224,0.21879,0.14529,0.18216,0.21347,0.26817,0.35711
0.28154,0.18415,0.26317,0.29899,0.29596,0.31987,0.34169,0.27508,0.31303,0.37228,0.36749,0.52626,0.30876,0.32405,0.31448,0.33539,0.424,0.27526,0.34555,0.43418,0.57484,0.42684,1,0.44026,0.46133,0.50657,0.50988,0.11389,0.10666,0.1087,0.28826,0.39943,0.46725,0.18227,0.22437,0.32974,0.15858,0.068995,-0.043175,0.027076,0.011112,0.11783,-0.00010421,0.0014317,0.061277,0.27357,0.17593,0.060115,0.10346,0.35131,0.28098,0.22441,0.26254,0.31751,0.31505,0.33459,0.37747,0.19914,0.29464,0.2712,0.38032,0.35747,0.45966,0.26076,0.27899,0.29758,0.30764,0.28429,0.38469,0.42665,0.56933,0.57698,0.44628,0.55494,0.28487,0.44493,0.38651,0.088775,0.08227,0.35053,0.37167,0.46593,-0.014993,0.019571,0.10885,0.11735,0.13982,0.2351,-0.042651,0.054446,-0.069406,-0.0057295,-0.0094148,0.17608,0.23477,0.066596,0.11967,0.12501,0.21737,0.33991
0.39139,0.23525,0.37302,0.43058,0.42153,0.45395,0.47855,0.38054,0.45769,0.43268,0.41584,0.48066,0.34451,0.4091,0.44714,0.44502,0.41881,0.3326,0.50964,0.48839,0.55582,0.40855,0.44026,1,0.39755,0.48848,0.47623,0.11885,0.15053,0.14044,0.2761,0.32981,0.3355,0.22618,0.34664,0.54855,0.25039,0.18454,0.15728,0.14558,0.096169,0.1507,0.15706,0.072098,0.095713,0.19875,0.1178,0.25492,0.23934,0.4066,0.40752,0.30758,0.39187,0.43948,0.45951,0.46949,0.42368,0.30528,0.42472,0.39644,0.46072,0.41641,0.43261,0.30991,0.38649,0.49898,0.42251,0.33101,0.58405,0.48437,0.56675,0.48828,0.598,0.5223,0.28606,0.4545,0.35744,0.11733,0.18126,0.36556,0.34111,0.39943,0.089936,0.11537,0.16486,0.1632,0.23065,0.42017,0.12765,0.1972,0.13258,0.14145,0.096681,0.18259,0.22679,0.26572,0.25074,0.20668,0.28448,0.43935
0.31476,0.17516,0.27038,0.32051,0.3174,0.33626,0.368,0.42992,0.47131,0.38155,0.38235,0.53123,0.43133,0.31045,0.35039,0.32433,0.40868,0.3554,0.42551,0.48365,0.46075,0.31606,0.46133,0.39755,1,0.42132,0.48983,0.082455,0.1501,0.094963,0.2051,0.27778,0.43348,0.15182,0.12541,0.29003,0.10471,0.096533,0.059477,0.08905,0.14931,0.24648,0.079175,0.14308,0.14926,0.22414,0.21322,0.098433,0.10866,0.38039,0.31526,0.23326,0.28713,0.32478,0.34777,0.35379,0.46345,0.34762,0.39866,0.4228,0.40072,0.39953,0.48418,0.38274,0.32384,0.2972,0.30881,0.374,0.39976,0.45541,0.4604,0.43758,0.39031,0.57618,0.13911,0.31707,0.27229,0.068076,0.14807,0.2905,0.21869,0.39916,0.031956,0.019787,0.099018,0.077018,0.079236,0.16577,0.023817,0.080961,0.0086953,0.050352,0.078843,0.14326,0.22204,0.10296,0.14824,0.21384,0.29666,0.33996
0.28834,0.25584,0.31299,0.3165,0.29701,0.33441,0.35283,0.22648,0.25872,0.29995,0.27514,0.37009,0.22468,0.30511,0.31025,0.35571,0.33572,0.24511,0.35142,0.46732,0.56309,0.34132,0.50657,0.48848,0.42132,1,0.54317,0.092172,0.079133,0.13148,0.31778,0.41745,0.36382,0.39823,0.38721,0.50008,0.2695,0.22575,0.066042,0.10017,0.02354,0.14537,0.13086,0.12714,0.18037,0.25688,0.14994,0.10894,0.10656,0.33645,0.28353,0.29712,0.28242,0.35141,0.31167,0.35339,0.30803,0.15857,0.25387,0.21544,0.30256,0.26516,0.3214,0.17605,0.27393,0.32274,0.33027,0.22192,0.43444,0.42178,0.48926,0.47737,0.47979,0.49815,0.38861,0.68481,0.45518,0.057812,0.086603,0.3378,0.36235,0.37056,0.014738,0.09191,0.19808,0.23094,0.24411,0.40278,0.093311,0.19735,0.03638,0.062184,0.10899,0.14598,0.23759,0.11139,0.10838,0.10878,0.239,0.3526
0.32396,0.25173,0.36956,0.3229,0.33177,0.40299,0.37613,0.31769,0.37928,0.39693,0.38788,0.44945,0.32914,0.34622,0.32051,0.35738,0.36457,0.28506,0.37203,0.45549,0.48714,0.37845,0.50988,0.47623,0.48983,0.54317,1,0.1452,0.14876,0.19305,0.35518,0.42837,0.42626,0.31546,0.33085,0.39772,0.27138,0.24659,0.15364,0.21261,0.10569,0.20588,0.17859,0.19228,0.20022,0.29562,0.23406,0.20254,0.17574,0.35259,0.32021,0.31223,0.29211,0.40151,0.3784,0.36698,0.38198,0.25833,0.32729,0.33644,0.42496,0.39107,0.41567,0.2938,0.31214,0.33547,0.33284,0.28592,0.40786,0.41777,0.46394,0.50123,0.46604,0.54387,0.28974,0.45795,0.47722,0.11208,0.14986,0.33673,0.35554,0.4026,0.10599,0.14893,0.19963,0.1925,0.22802,0.34227,0.096554,0.20173,0.10097,0.15607,0.12335,0.24025,0.25165,0.19291,0.18493,0.17753,0.26807,0.34684
0.11759,0.11905,0.1485,0.10562,0.099257,0.12361,0.099229,0.10791,0.11542,0.14021,0.1204,0.11406,0.10525,0.1661,0.10941,0.13188,0.11775,0.099118,0.09053,0.11157,0.12363,0.12997,0.11389,0.11885,0.082455,0.092172,0.1452,1,0.14293,0.19342,0.18935,0.2306,0.17398,0.19891,0.11719,0.10047,0.12125,0.16181,0.1539,0.18983,0.13595,0.14664,0.19436,0.18164,0.16958,0.15756,0.23436,0.12546,0.10996,0.13825,0.10804,0.13531,0.10308,0.12098,0.11109,0.098253,0.095052,0.10114,0.10132,0.10732,0.14088,0.11701,0.099032,0.095251,0.12714,0.13277,0.11338,0.094254,0.089336,0.091029,0.098623,0.11444,0.10487,0.091478,0.099669,0.056402,0.12078,0.11632,0.11767,0.1169,0.15461,0.1269,0.15833,0.13691,0.12627,0.12854,0.092383,0.10897,0.1071,0.10363,0.11111,0.14681,0.11569,0.16744,0.13488,0.106,0.10647,0.092137,0.11443,0.10763
0.22103,0.1378,0.17268,0.19594,0.1914,0.18736,0.17924,0.23404,0.22743,0.24164,0.20706,0.19897,0.22607,0.29397,0.24376,0.19165,0.17642,0.20036,0.17524,0.16054,0.11683,0.19439,0.10666,0.15053,0.1501,0.079133,0.14876,0.14293,1,0.24572,0.12429,0.18028,0.19703,0.16094,0.058872,0.12815,0.076233,0.19241,0.2721,0.2527,0.42539,0.35331,0.30235,0.31028,0.24429,0.20487,0.31156,0.20824,0.23617,0.30446,0.22254,0.16663,0.19888,0.15874,0.19987,0.17245,0.17877,0.22896,0.20603,0.22019,0.22475,0.20675,0.16651,0.2074,0.27047,0.26488,0.17719,0.20729,0.15213,0.14098,0.10121,0.10557,0.12984,0.12998,0.011666,0.0023135,0.069313,0.1217,0.333,0.11846,0.073953,0.14567,0.23032,0.12626,0.13445,0.071327,0.056549,0.10647,0.22217,0.14305,0.2175,0.22951,0.24428,0.18754,0.20467,0.19369,0.24173,0.31563,0.29712,0.24961
0.17119,0.18326,0.21452,0.12419,0.13286,0.16207,0.10748,0.15723,0.16055,0.20431,0.15492,0.12905,0.16622,0.33844,0.1627,0.24298,0.16643,0.15058,0.10012,0.19072,0.18036,0.13283,0.1087,0.14044,0.094963,0.13148,0.19305,0.19342,0.24572,1,0.49368,0.47191,0.34056,0.37064,0.19719,0.18666,0.19305,0.43261,0.30591,0.19898,0.28346,0.35415,0.51235,0.34776,0.41975,0.15712,0.45833,0.20162,0.18803,0.28438,0.1468,0.1986,0.12104,0.15197,0.14172,0.10426,0.11253,0.1615,0.12938,0.15581,0.19051,0.14137,0.095829,0.15014,0.20539,0.25023,0.19474,0.12952,0.09431,0.12832,0.073401,0.096005,0.11252,0.082413,0.31245,0.10096,0.1876,0.15674,0.21192,0.24334,0.30085,0.21762,0.47376,0.4262,0.35389,0.32582,0.16253,0.2206,0.31985,0.31941,0.22508,0.16641,0.2496,0.229,0.21225,0.18083,0.18088,0.15256,0.2235,0.18329
0.23984,0.22903,0.32324,0.20997,0.20851,0.25681,0.20738,0.17627,0.19096,0.24124,0.19426,0.2017,0.18497,0.46273,0.21853,0.53645,0.37066,0.28671,0.20688,0.427,0.37152,0.20368,0.28826,0.2761,0.2051,0.31778,0.35518,0.18935,0.12429,0.49368,1,0.74161,0.59872,0.42955,0.46291,0.41329,0.28173,0.4237,0.19466,0.022072,0.022009,0.22443,0.39978,0.12276,0.35271,0.14131,0.35811,0.19201,0.18292,0.3145,0.20624,0.25572,0.19184,0.27167,0.22483,0.20611,0.16431,0.16179,0.19171,0.17455,0.24473,0.18791,0.16415,0.16384,0.27903,0.34169,0.45806,0.2321,0.26361,0.34461,0.26293,0.27103,0.24785,0.22771,0.54798,0.31979,0.36431,0.15085,0.097032,0.60812,0.59567,0.46462,0.40865,0.5734,0.45669,0.43472,0.25801,0.46947,0.20489,0.37336,0.13602,0.01015,0.071832,0.21832,0.18216,0.19702,0.17912,0.061726,0.17226,0.22366
0.27488,0.24397,0.34679,0.23368,0.24716,0.28925,0.23959,0.21897,0.24285,0.31001,0.25604,0.29659,0.24515,0.47026,0.25806,0.46873,0.40002,0.27159,0.22968,0.45486,0.46165,0.29685,0.39943,0.32981,0.27778,0.41745,0.42837,0.2306,0.18028,0.47191,0.74161,1,0.67817,0.44827,0.33857,0.39839,0.22879,0.43811,0.15434,0.078634,0.084923,0.26048,0.35347,0.21058,0.38588,0.23135,0.50139,0.19719,0.20873,0.3861,0.24651,0.28217,0.21596,0.30015,0.25944,0.23754,0.23097,0.20585,0.22775,0.22679,0.30813,0.24841,0.24357,0.215,0.29998,0.36392,0.38741,0.24853,0.28796,0.36563,0.34301,0.3496,0.29874,0.30642,0.43956,0.3423,0.3617,0.15958,0.12767,0.49002,0.59853,0.50036,0.30528,0.39006,0.39417,0.35793,0.18366,0.3428,0.14115,0.31166,0.065777,0.029531,0.10068,0.26133,0.27011,0.1867,0.20155,0.11778,0.21946,0.2894
0.31344,0.20065,0.30242,0.29728,0.28044,0.28573,0.27302,0.30282,0.30856,0.34431,0.29062,0.41215,0.33217,0.53273,0.33972,0.53885,0.5467,0.39012,0.29892,0.55008,0.52912,0.31867,0.46725,0.3355,0.43348,0.36382,0.42626,0.17398,0.19703,0.34056,0.59872,0.67817,1,0.23923,0.14484,0.35222,0.095475,0.2618,0.021045,0.0067451,0.11288,0.28404,0.19264,0.16087,0.28392,0.24461,0.44404,0.092875,0.17103,0.45869,0.29468,0.2449,0.28478,0.28667,0.28036,0.26556,0.31173,0.26947,0.29741,0.28782,0.33171,0.29363,0.33526,0.28281,0.38476,0.38233,0.45844,0.38389,0.33631,0.48047,0.43738,0.40111,0.30719,0.41211,0.31761,0.2742,0.29121,0.12693,0.14903,0.53886,0.49288,0.6115,0.18378,0.18663,0.24914,0.18642,0.054755,0.18829,0.026263,0.17061,-0.060484,-0.040153,0.062602,0.21944,0.29013,0.10226,0.19937,0.16959,0.26316,0.33711
0.2184,0.25675,0.29728,0.17444,0.18355,0.24554,0.18999,0.17743,0.18967,0.24037,0.20013,0.16157,0.17685,0.22355,0.17965,0.21426,0.13117,0.15227,0.15007,0.22033,0.17973,0.15837,0.18227,0.22618,0.15182,0.39823,0.31546,0.19891,0.16094,0.37064,0.42955,0.44827,0.23923,1,0.4382,0.28178,0.34463,0.49228,0.44877,0.33891,0.27846,0.35686,0.55648,0.44538,0.506,0.27339,0.39754,0.28486,0.17232,0.24102,0.19388,0.28674,0.16536,0.24576,0.20857,0.18329,0.14876,0.1719,0.15864,0.1772,0.23916,0.18379,0.13587,0.15914,0.19392,0.22363,0.1954,0.13587,0.15316,0.15835,0.10293,0.15537,0.20095,0.15316,0.34145,0.3249,0.33332,0.13914,0.16184,0.21138,0.26989,0.164,0.35539,0.44117,0.42844,0.47223,0.29896,0.41814,0.40253,0.40165,0.35662,0.28131,0.3285,0.24934,0.22093,0.24679,0.1521,0.15072,0.26177,0.20121
0.20599,0.25086,0.32405,0.2004,0.21916,0.30471,0.28518,0.09486,0.12849,0.19985,0.18504,0.16766,0.09659,0.18319,0.16844,0.2594,0.11981,0.092673,0.17877,0.21966,0.27279,0.19554,0.22437,0.34664,0.12541,0.38721,0.33085,0.11719,0.058872,0.19719,0.46291,0.33857,0.14484,0.4382,1,0.39965,0.52145,0.30274,0.42071,0.2009,0.060014,0.14545,0.3732,0.11878,0.23983,0.16566,0.073358,0.36243,0.18288,0.19698,0.20022,0.28398,0.17779,0.31849,0.26148,0.27378,0.14403,0.06261,0.13176,0.099288,0.22523,0.16942,0.15398,0.084484,0.13561,0.27932,0.2576,0.060626,0.25681,0.18909,0.23805,0.25639,0.33856,0.22173,0.40515,0.40931,0.39056,0.11067,0.077115,0.27224,0.31782,0.17829,0.2176,0.46393,0.34653,0.35882,0.51215,0.74016,0.30605,0.33373,0.42384,0.21851,0.14628,0.18297,0.1278,0.34441,0.14462,0.087949,0.17076,0.2262
0.33253,0.18967,0.35559,0.36829,0.36645,0.4014,0.40111,0.27649,0.31325,0.31031,0.28062,0.31915,0.24637,0.44187,0.40443,0.58011,0.42909,0.34848,0.49392,0.57576,0.4791,0.29937,0.32974,0.54855,0.29003,0.50008,0.39772,0.10047,0.12815,0.18666,0.41329,0.39839,0.35222,0.28178,0.39965,1,0.19358,0.34544,0.20257,0.11436,0.052017,0.089892,0.24765,0.05239,0.11905,0.12298,0.069464,0.32686,0.29796,0.36005,0.34463,0.25921,0.33611,0.38135,0.39259,0.38701,0.27261,0.22745,0.34531,0.27576,0.31858,0.28523,0.27256,0.22422,0.35881,0.58571,0.52214,0.31436,0.64478,0.51715,0.45,0.34852,0.49743,0.3817,0.31705,0.4625,0.31388,0.089997,0.15767,0.44447,0.35184,0.36447,0.15007,0.23061,0.22394,0.20594,0.19,0.53891,0.19092,0.35607,0.1707,0.12221,0.075841,0.12991,0.14048,0.35036,0.29,0.16529,0.21164,0.39595
0.14754,0.21924,0.23697,0.13407,0.13388,0.20284,0.16835,0.098728,0.12689,0.18678,0.16728,0.14333,0.098639,0.1211,0.1125,0.12312,0.073909,0.069534,0.12088,0.11159,0.18688,0.15894,0.15858,0.25039,0.10471,0.2695,0.27138,0.12125,0.076233,0.19305,0.28173,0.22879,0.095475,0.34463,0.52145,0.19358,1,0.23032,0.35334,0.22804,0.11362,0.1643,0.30664,0.20095,0.23409,0.16152,0.14002,0.22069,0.10345,0.14488,0.13358,0.23834,0.12482,0.21663,0.16741,0.17205,0.12611,0.079376,0.10607,0.10559,0.20362,0.15294,0.13363,0.088816,0.10731,0.14293,0.12937,0.053748,0.13762,0.096409,0.1589,0.18898,0.2403,0.16467,0.28868,0.27669,0.30461,0.10574,0.09428,0.14784,0.21519,0.11068,0.21013,0.31695,0.25964,0.27837,0.42108,0.43421,0.2544,0.2251,0.3258,0.2227,0.1947,0.18239,0.14187,0.19449,0.08141,0.080058,0.16014,0.15278
0.15703,0.15392,0.24775,0.078494,0.14363,0.21549,0.11197,0.18422,0.1903,0.21565,0.17295,0.11138,0.19079,0.23624,0.14275,0.21922,0.14294,0.16296,0.12588,0.28555,0.078342,0.097171,0.068995,0.18454,0.096533,0.22575,0.24659,0.16181,0.19241,0.43261,0.4237,0.43811,0.2618,0.49228,0.30274,0.34544,0.23032,1,0.51125,0.40287,0.30713,0.28107,0.63712,0.47661,0.47759,0.16457,0.34357,0.43274,0.30008,0.21542,0.1456,0.19409,0.081008,0.18168,0.18434,0.086635,0.10206,0.1981,0.15073,0.18999,0.20984,0.16437,0.088686,0.18573,0.16103,0.32381,0.16934,0.14727,0.14308,0.16999,0.0019748,0.03547,0.13192,0.065965,0.22514,0.15944,0.23315,0.1128,0.19481,0.16552,0.20504,0.13095,0.43377,0.47424,0.39414,0.32466,0.19399,0.35937,0.44724,0.58841,0.41434,0.36027,0.33056,0.22793,0.12606,0.3926,0.25451,0.18538,0.19772,0.17596
0.20053,0.22568,0.2864,0.13154,0.17013,0.26059,0.16958,0.21556,0.22231,0.23661,0.21248,0.11733,0.2047,0.16707,0.18618,0.096458,0.030058,0.13595,0.13997,0.065902,-0.045781,0.078944,-0.043175,0.15728,0.059477,0.066042,0.15364,0.1539,0.2721,0.30591,0.19466,0.15434,0.021045,0.44877,0.42071,0.20257,0.35334,0.51125,1,0.57504,0.54646,0.45279,0.72227,0.59067,0.49731,0.23728,0.32624,0.53233,0.28158,0.25506,0.1904,0.27,0.14367,0.22243,0.23212,0.14635,0.12152,0.22764,0.18741,0.22251,0.23905,0.20594,0.1052,0.20672,0.19106,0.30187,0.1017,0.13933,0.11159,0.027089,-0.057323,-0.025962,0.1156,0.023739,0.060106,0.0063524,0.14782,0.15083,0.3109,0.022299,-0.0027149,-0.020659,0.45325,0.46834,0.3569,0.26635,0.31173,0.43442,0.60123,0.4535,0.73318,0.54598,0.47749,0.2741,0.18696,0.46432,0.25923,0.32307,0.33326,0.23038
0.16612,0.17317,0.22726,0.11786,0.14528,0.22423,0.13791,0.20258,0.21015,0.23055,0.20914,0.12827,0.18688,0.12639,0.14884,0.04868,0.033493,0.11718,0.11631,0.070353,-0.033718,0.11468,0.027076,0.14558,0.08905,0.10017,0.21261,0.18983,0.2527,0.19898,0.022072,0.078634,0.0067451,0.33891,0.2009,0.11436,0.22804,0.40287,0.57504,1,0.44668,0.3033,0.47368,0.53455,0.31853,0.27571,0.25726,0.42079,0.25509,0.15949,0.16288,0.2141,0.12961,0.18469,0.19917,0.11883,0.133,0.21008,0.162,0.21023,0.23168,0.20276,0.11658,0.18407,0.15872,0.21021,0.048833,0.12837,0.077458,0.03688,-0.028443,0.028963,0.114,0.066646,-0.059584,0.007482,0.1716,0.15078,0.26903,-0.046114,-0.047522,-0.029493,0.28197,0.21223,0.16152,0.11847,0.19608,0.20901,0.37609,0.31566,0.49425,0.59576,0.3876,0.28814,0.15372,0.35907,0.23236,0.26898,0.23122,0.1589
0.25423,0.1575,0.19064,0.1906,0.21162,0.2126,0.18814,0.29756,0.2784,0.30712,0.2457,0.20507,0.29163,0.23285,0.26222,0.091214,0.10075,0.20556,0.15997,0.077531,0.0038363,0.13349,0.011112,0.096169,0.14931,0.02354,0.10569,0.13595,0.42539,0.28346,0.022009,0.084923,0.11288,0.27846,0.060014,0.052017,0.11362,0.30713,0.54646,0.44668,1,0.67315,0.59585,0.62212,0.4975,0.30988,0.47842,0.30885,0.23061,0.41286,0.25594,0.19897,0.20409,0.16373,0.2285,0.16943,0.1901,0.30306,0.23722,0.28032,0.26731,0.23967,0.16639,0.27047,0.27785,0.26251,0.10068,0.22784,0.087421,0.056925,-0.026133,-0.0047332,0.067974,0.06674,-0.053664,-0.085719,0.024054,0.13076,0.4206,-0.0024313,-0.087123,0.038121,0.36355,0.2048,0.23317,0.11638,0.082128,0.11527,0.47959,0.23331,0.44213,0.40189,0.48514,0.24797,0.30033,0.26987,0.25202,0.4913,0.50211,0.3093
0.29222,0.19963,0.24981,0.22795,0.24845,0.25245,0.24051,0.31628,0.30377,0.34501,0.27326,0.24859,0.32607,0.28827,0.28547,0.15971,0.15607,0.23039,0.18112,0.1396,0.16974,0.16521,0.11783,0.1507,0.24648,0.14537,0.20588,0.14664,0.35331,0.35415,0.22443,0.26048,0.28404,0.35686,0.14545,0.089892,0.1643,0.28107,0.45279,0.3033,0.67315,1,0.61479,0.60225,0.60232,0.36545,0.60925,0.21913,0.16252,0.54353,0.28378,0.24417,0.228,0.2244,0.26134,0.22747,0.23511,0.31567,0.2564,0.30102,0.31233,0.26737,0.20512,0.29597,0.2964,0.24306,0.1605,0.24204,0.1161,0.10782,0.055508,0.10066,0.12216,0.14511,0.14173,0.041619,0.13188,0.13891,0.36158,0.11983,0.068395,0.17095,0.36379,0.27017,0.34358,0.23046,0.11894,0.16881,0.45222,0.1994,0.33266,0.25566,0.46277,0.27886,0.41486,0.18552,0.19209,0.4452,0.59188,0.36806
0.19788,0.21219,0.27811,0.10247,0.16254,0.23582,0.12804,0.19965,0.20565,0.22967,0.19702,0.10745,0.21161,0.2387,0.1883,0.15545,0.083725,0.15085,0.11376,0.13331,0.09388,0.081261,-0.00010421,0.15706,0.079175,0.13086,0.17859,0.19436,0.30235,0.51235,0.39978,0.35347,0.19264,0.55648,0.3732,0.24765,0.30664,0.63712,0.72227,0.47368,0.59585,0.61479,1,0.71574,0.73165,0.30402,0.58041,0.43989,0.28046,0.37752,0.18305,0.25057,0.11619,0.19742,0.20317,0.10466,0.10331,0.21332,0.15599,0.20528,0.22265,0.18303,0.083675,0.20566,0.19094,0.33829,0.12789,0.13598,0.096999,0.058976,-0.040974,-0.0079128,0.10719,0.0185,0.28187,0.075871,0.18849,0.17057,0.33829,0.11191,0.12379,0.081668,0.58338,0.57842,0.53239,0.39998,0.25906,0.401,0.72082,0.51964,0.60144,0.44352,0.57541,0.32937,0.34149,0.3921,0.24908,0.31516,0.41357,0.2687
0.16619,0.17327,0.2158,0.087511,0.12149,0.17214,0.085714,0.1988,0.20211,0.19282,0.17788,0.095272,0.21058,0.14833,0.13046,0.034176,0.040609,0.12494,0.074683,0.058271,0.018278,0.063775,0.0014317,0.072098,0.14308,0.12714,0.19228,0.18164,0.31028,0.34776,0.12276,0.21058,0.16087,0.44538,0.11878,0.05239,0.20095,0.47661,0.59067,0.53455,0.62212,0.60225,0.71574,1,0.68983,0.39831,0.64275,0.28849,0.17951,0.28917,0.15986,0.21684,0.12014,0.1467,0.14849,0.07248,0.11088,0.22659,0.14368,0.21169,0.19832,0.17525,0.08658,0.2072,0.174,0.16148,0.031363,0.14355,0.020414,0.0075017,-0.079309,-0.027703,0.032104,0.028244,0.035723,-0.010415,0.13392,0.13826,0.33665,-0.032374,-0.030343,0.023911,0.37833,0.25492,0.33318,0.19791,0.12629,0.10801,0.5214,0.30659,0.43784,0.43655,0.64903,0.32914,0.3777,0.22693,0.17216,0.30751,0.38641,0.1869
0.1745,0.20006,0.24511,0.096149,0.13006,0.18285,0.098943,0.17253,0.17586,0.19186,0.16709,0.10282,0.19814,0.18882,0.12654,0.11542,0.074261,0.12666,0.071545,0.12836,0.11105,0.075514,0.061277,0.095713,0.14926,0.18037,0.20022,0.16958,0.24429,0.41975,0.35271,0.38588,0.28392,0.506,0.23983,0.11905,0.23409,0.47759,0.49731,0.31853,0.4975,0.60232,0.73165,0.68983,1,0.33623,0.65129,0.23164,0.14579,0.33076,0.15583,0.23168,0.11427,0.17343,0.14923,0.089311,0.10623,0.18803,0.12436,0.17835,0.18903,0.15476,0.081934,0.18248,0.16541,0.17567,0.10254,0.12364,0.039403,0.058917,-0.028664,0.025671,0.060403,0.053087,0.25492,0.087923,0.18855,0.13409,0.2561,0.11235,0.13256,0.12913,0.42914,0.41455,0.50023,0.35196,0.17379,0.22683,0.52941,0.34635,0.3715,0.26885,0.51864,0.29482,0.38438,0.19001,0.13648,0.2423,0.38259,0.20543
0.19029,0.15756,0.21539,0.16256,0.17628,0.21996,0.17732,0.16937,0.18926,0.23514,0.2151,0.20498,0.19148,0.17598,0.16739,0.12804,0.13227,0.12781,0.12795,0.15569,0.22595,0.21875,0.27357,0.19875,0.22414,0.25688,0.29562,0.15756,0.20487,0.15712,0.14131,0.23135,0.24461,0.27339,0.16566,0.12298,0.16152,0.16457,0.23728,0.27571,0.30988,0.36545,0.30402,0.39831,0.33623,1,0.40637,0.14918,0.11917,0.29005,0.18781,0.18899,0.16098,0.20579,0.20027,0.16812,0.17526,0.1576,0.14849,0.17819,0.23341,0.20111,0.17208,0.1695,0.16944,0.16812,0.12336,0.13441,0.12463,0.13497,0.15487,0.23147,0.18232,0.21455,0.1546,0.17317,0.2743,0.12325,0.1991,0.11147,0.13251,0.2118,0.1435,0.11327,0.23001,0.15075,0.12797,0.16293,0.2405,0.1217,0.17751,0.23214,0.33268,0.3367,0.38436,0.12702,0.12073,0.21865,0.31984,0.25075
0.213,0.20664,0.24427,0.14882,0.16202,0.1849,0.12641,0.20683,0.21512,0.23256,0.20572,0.17952,0.23801,0.28493,0.16973,0.17209,0.15627,0.16095,0.096484,0.14901,0.22859,0.16229,0.17593,0.1178,0.21322,0.14994,0.23406,0.23436,0.31156,0.45833,0.35811,0.50139,0.44404,0.39754,0.073358,0.069464,0.14002,0.34357,0.32624,0.25726,0.47842,0.60925,0.58041,0.64275,0.65129,0.40637,1,0.14636,0.14313,0.40761,0.19574,0.24101,0.16859,0.17981,0.16728,0.12614,0.16361,0.22533,0.1628,0.21972,0.23121,0.19881,0.1443,0.21726,0.22653,0.1874,0.14265,0.1704,0.06639,0.094916,0.068202,0.11135,0.083288,0.11781,0.18573,0.018035,0.14395,0.16495,0.27578,0.14676,0.20201,0.24169,0.35747,0.25628,0.35875,0.24323,0.064913,0.054826,0.33916,0.16667,0.18302,0.17289,0.43071,0.33906,0.48384,0.10932,0.14985,0.26344,0.39341,0.24389
0.2586,0.16838,0.32144,0.20505,0.28538,0.39388,0.27599,0.23978,0.25063,0.27184,0.24774,0.18365,0.22755,0.22937,0.23109,0.21848,0.13378,0.178,0.20269,0.20461,0.045147,0.14259,0.060115,0.25492,0.098433,0.10894,0.20254,0.12546,0.20824,0.20162,0.19201,0.19719,0.092875,0.28486,0.36243,0.32686,0.22069,0.43274,0.53233,0.42079,0.30885,0.21913,0.43989,0.28849,0.23164,0.14918,0.14636,1,0.39719,0.21144,0.26928,0.22948,0.19439,0.30812,0.35087,0.23425,0.17482,0.23608,0.22689,0.24443,0.27126,0.24238,0.16206,0.22227,0.20933,0.39562,0.20368,0.18,0.22579,0.16611,0.065639,0.078893,0.21424,0.11506,0.048217,0.073493,0.17286,0.12046,0.22296,0.11041,0.10416,0.083884,0.29416,0.3473,0.23793,0.17796,0.22162,0.42289,0.35599,0.422,0.48552,0.41802,0.23558,0.21633,0.095318,0.59733,0.35856,0.25727,0.21325,0.23586
0.26012,0.12941,0.24321,0.23737,0.29103,0.29312,0.23374,0.20672,0.21015,0.2386,0.20782,0.175,0.1954,0.31465,0.24787,0.28914,0.18556,0.18823,0.19109,0.2397,0.11157,0.1666,0.10346,0.23934,0.10866,0.10656,0.17574,0.10996,0.23617,0.18803,0.18292,0.20873,0.17103,0.17232,0.18288,0.29796,0.10345,0.30008,0.28158,0.25509,0.23061,0.16252,0.28046,0.17951,0.14579,0.11917,0.14313,0.39719,1,0.21978,0.28519,0.17765,0.23825,0.2385,0.28739,0.21512,0.16712,0.19977,0.20081,0.20198,0.23226,0.20356,0.15122,0.18472,0.25528,0.3795,0.26216,0.18646,0.23006,0.21221,0.12453,0.11855,0.20696,0.13627,0.054873,0.078963,0.12938,0.10655,0.21803,0.17393,0.14559,0.16367,0.21735,0.20441,0.16148,0.1136,0.10605,0.26951,0.2122,0.29024,0.2523,0.2553,0.15024,0.17275,0.10666,0.39935,0.36445,0.22153,0.17856,0.23198
0.41695,0.23886,0.3189,0.40333,0.39394,0.3699,0.41897,0.40332,0.41261,0.5062,0.38026,0.44854,0.40668,0.50282,0.55484,0.39612,0.38754,0.34236,0.36492,0.39216,0.50677,0.36117,0.35131,0.4066,0.38039,0.33645,0.35259,0.13825,0.30446,0.28438,0.3145,0.3861,0.45869,0.24102,0.19698,0.36005,0.14488,0.21542,0.25506,0.15949,0.41286,0.54353,0.37752,0.28917,0.33076,0.29005,0.40761,0.21144,0.21978,1,0.41639,0.29752,0.37423,0.33967,0.39956,0.40597,0.38716,0.36253,0.38586,0.38574,0.46316,0.37555,0.38087,0.35966,0.46958,0.53433,0.36125,0.34703,0.38438,0.36115,0.41053,0.3713,0.37473,0.38895,0.23523,0.26508,0.22925,0.13657,0.32343,0.32493,0.27478,0.43335,0.21308,0.1485,0.25516,0.16809,0.11782,0.28587,0.25957,0.17818,0.17415,0.14284,0.25416,0.23956,0.39513,0.21018,0.2663,0.43636,0.55898,0.63004
0.75209,0.2929,0.54876,0.77527,0.71376,0.60254,0.70898,0.42651,0.40578,0.43121,0.38127,0.39638,0.37894,0.5519,0.62228,0.529,0.33302,0.35095,0.37516,0.37617,0.28974,0.30024,0.28098,0.40752,0.31526,0.28353,0.32021,0.10804,0.22254,0.1468,0.20624,0.24651,0.29468,0.19388,0.20022,0.34463,0.13358,0.1456,0.1904,0.16288,0.25594,0.28378,0.18305,0.15986,0.15583,0.18781,0.19574,0.26928,0.28519,0.41639,1,0.45588,0.76829,0.66004,0.65892,0.74413,0.46013,0.38975,0.43472,0.38404,0.44881,0.38835,0.38558,0.34949,0.64765,0.5158,0.56813,0.3819,0.41503,0.41275,0.36416,0.34118,0.40683,0.37995,0.14847,0.25989,0.2189,0.11815,0.2479,0.37147,0.25339,0.37294,0.16081,0.11416,0.16556,0.15069,0.1274,0.2999,0.15745,0.16757,0.13994,0.15099,0.14265,0.1843,0.21961,0.27944,0.38195,0.29541,0.35553,0.44551
0.54302,0.82571,0.62704,0.52707,0.36181,0.41397,0.39591,0.27585,0.29429,0.32295,0.2886,0.26725,0.25336,0.42351,0.39819,0.37416,0.20394,0.21437,0.24616,0.23966,0.2456,0.24592,0.22441,0.30758,0.23326,0.29712,0.31223,0.13531,0.16663,0.1986,0.25572,0.28217,0.2449,0.28674,0.28398,0.25921,0.23834,0.19409,0.27,0.2141,0.19897,0.24417,0.25057,0.21684,0.23168,0.18899,0.24101,0.22948,0.17765,0.29752,0.45588,1,0.55891,0.51027,0.36673,0.44634,0.30268,0.24943,0.27037,0.27795,0.34062,0.27793,0.25975,0.23067,0.49986,0.33875,0.40666,0.22586,0.27329,0.25354,0.26593,0.28266,0.30939,0.28652,0.23481,0.28619,0.278,0.14542,0.18543,0.31516,0.29588,0.29947,0.22605,0.22735,0.25085,0.2532,0.23587,0.33412,0.21475,0.20676,0.23754,0.20713,0.20121,0.21555,0.24528,0.2238,0.22115,0.19013,0.26894,0.30418
0.72864,0.41946,0.51908,0.88822,0.63965,0.53185,0.67794,0.39037,0.36795,0.37091,0.32614,0.33381,0.3225,0.61839,0.66257,0.64913,0.31614,0.34957,0.36974,0.36706,0.27222,0.28007,0.26254,0.39187,0.28713,0.28242,0.29211,0.10308,0.19888,0.12104,0.19184,0.21596,0.28478,0.16536,0.17779,0.33611,0.12482,0.081008,0.14367,0.12961,0.20409,0.228,0.11619,0.12014,0.11427,0.16098,0.16859,0.19439,0.23825,0.37423,0.76829,0.55891,1,0.59619,0.57728,0.76039,0.45033,0.35653,0.42343,0.34926,0.39563,0.32933,0.33667,0.29344,0.74759,0.51941,0.72195,0.38918,0.42901,0.43402,0.3741,0.33588,0.40168,0.36849,0.1389,0.27134,0.19652,0.11651,0.21833,0.45967,0.2661,0.40048,0.12196,0.059096,0.11637,0.12552,0.11827,0.27298,0.096041,0.099818,0.092965,0.10813,0.098818,0.15055,0.19773,0.20386,0.33067,0.24158,0.29468,0.40972
0.64094,0.34484,0.761,0.6706,0.69004,0.77102,0.75229,0.37006,0.37441,0.40561,0.3869,0.38425,0.3428,0.40578,0.47581,0.44013,0.2961,0.28104,0.36177,0.36442,0.32808,0.30602,0.31751,0.43948,0.32478,0.35141,0.40151,0.12098,0.15874,0.15197,0.27167,0.30015,0.28667,0.24576,0.31849,0.38135,0.21663,0.18168,0.22243,0.18469,0.16373,0.2244,0.19742,0.1467,0.17343,0.20579,0.17981,0.30812,0.2385,0.33967,0.66004,0.51027,0.59619,1,0.72645,0.76698,0.43339,0.31895,0.37752,0.34803,0.42869,0.38193,0.36734,0.3112,0.4389,0.42505,0.45508,0.29424,0.4131,0.37619,0.3687,0.36843,0.43664,0.40516,0.22889,0.32709,0.32415,0.12481,0.17536,0.33822,0.30126,0.34048,0.15988,0.18732,0.21672,0.20196,0.21329,0.38744,0.16772,0.20472,0.18442,0.17308,0.13544,0.20589,0.21734,0.30753,0.26419,0.1974,0.28305,0.36745
0.60028,0.23318,0.54564,0.64428,0.69594,0.73449,0.76194,0.44892,0.4493,0.46023,0.42853,0.43955,0.41174,0.43278,0.53348,0.4522,0.33308,0.33442,0.41131,0.38776,0.31923,0.32229,0.31505,0.45951,0.34777,0.31167,0.3784,0.11109,0.19987,0.14172,0.22483,0.25944,0.28036,0.20857,0.26148,0.39259,0.16741,0.18434,0.23212,0.19917,0.2285,0.26134,0.20317,0.14849,0.14923,0.20027,0.16728,0.35087,0.28739,0.39956,0.65892,0.36673,0.57728,0.72645,1,0.73599,0.49401,0.40278,0.45152,0.42635,0.48195,0.43444,0.42196,0.38101,0.48821,0.49104,0.47003,0.3611,0.46123,0.40559,0.38047,0.36872,0.45412,0.42187,0.1658,0.28078,0.26945,0.11698,0.22428,0.32598,0.24892,0.33984,0.15814,0.15292,0.1766,0.15578,0.16407,0.36232,0.17364,0.2078,0.18818,0.18777,0.1318,0.19322,0.20058,0.37726,0.33987,0.27649,0.33989,0.43175
0.69967,0.29525,0.58452,0.8335,0.73903,0.69153,0.87943,0.46095,0.44256,0.4389,0.40091,0.43785,0.39269,0.47396,0.63741,0.50742,0.32475,0.33358,0.4375,0.37567,0.35282,0.33434,0.33459,0.46949,0.35379,0.35339,0.36698,0.098253,0.17245,0.10426,0.20611,0.23754,0.26556,0.18329,0.27378,0.38701,0.17205,0.086635,0.14635,0.11883,0.16943,0.22747,0.10466,0.07248,0.089311,0.16812,0.12614,0.23425,0.21512,0.40597,0.74413,0.44634,0.76039,0.76698,0.73599,1,0.53075,0.41026,0.48661,0.41678,0.46593,0.40817,0.42938,0.3572,0.58291,0.48156,0.55049,0.35873,0.48668,0.41895,0.42884,0.40142,0.47903,0.44645,0.17979,0.33284,0.25276,0.10354,0.18974,0.35646,0.26302,0.35249,0.083305,0.077053,0.11457,0.1345,0.16708,0.34751,0.085594,0.10476,0.10317,0.097125,0.060867,0.14059,0.17803,0.2347,0.27313,0.2449,0.32314,0.43873
0.44166,0.22343,0.32743,0.48911,0.45343,0.45116,0.53654,0.53415,0.5524,0.49374,0.46925,0.56396,0.58908,0.37368,0.47095,0.3618,0.36598,0.33473,0.41088,0.38205,0.36683,0.3484,0.37747,0.42368,0.46345,0.30803,0.38198,0.095052,0.17877,0.11253,0.16431,0.23097,0.31173,0.14876,0.14403,0.27261,0.12611,0.10206,0.12152,0.133,0.1901,0.23511,0.10331,0.11088,0.10623,0.17526,0.16361,0.17482,0.16712,0.38716,0.46013,0.30268,0.45033,0.43339,0.49401,0.53075,1,0.53353,0.50607,0.54038,0.53121,0.49958,0.57839,0.57443,0.44696,0.39014,0.38322,0.40983,0.40553,0.43458,0.45999,0.43374,0.4396,0.5235,0.14247,0.28178,0.23109,0.099144,0.1973,0.30046,0.23755,0.38695,0.095431,0.057882,0.11562,0.11237,0.11391,0.21016,0.082693,0.11401,0.078967,0.11039,0.089417,0.15997,0.19957,0.17647,0.22548,0.26638,0.34147,0.40645
0.3875,0.17631,0.27641,0.38823,0.36567,0.34316,0.41612,0.69165,0.6113,0.45455,0.43611,0.45896,0.53504,0.36148,0.43074,0.33007,0.37583,0.47966,0.44193,0.35181,0.17772,0.25209,0.19914,0.30528,0.34762,0.15857,0.25833,0.10114,0.22896,0.1615,0.16179,0.20585,0.26947,0.1719,0.06261,0.22745,0.079376,0.1981,0.22764,0.21008,0.30306,0.31567,0.21332,0.22659,0.18803,0.1576,0.22533,0.23608,0.19977,0.36253,0.38975,0.24943,0.35653,0.31895,0.40278,0.41026,0.53353,1,0.64267,0.63948,0.48718,0.49652,0.44766,0.52733,0.43755,0.36247,0.34227,0.5775,0.37729,0.39314,0.25954,0.24008,0.29789,0.33832,0.044183,0.1066,0.11999,0.10308,0.25087,0.24749,0.14127,0.26465,0.18571,0.12557,0.14272,0.11179,0.057638,0.14937,0.16857,0.18438,0.16915,0.18191,0.1667,0.16348,0.16752,0.22937,0.25558,0.32116,0.36162,0.34318
0.42588,0.18849,0.31395,0.45701,0.41849,0.39588,0.48441,0.61776,0.60123,0.46238,0.45769,0.5307,0.48652,0.42035,0.50174,0.42574,0.46899,0.52805,0.60644,0.43963,0.32526,0.31671,0.29464,0.42472,0.39866,0.25387,0.32729,0.10132,0.20603,0.12938,0.19171,0.22775,0.29741,0.15864,0.13176,0.34531,0.10607,0.15073,0.18741,0.162,0.23722,0.2564,0.15599,0.14368,0.12436,0.14849,0.1628,0.22689,0.20081,0.38586,0.43472,0.27037,0.42343,0.37752,0.45152,0.48661,0.50607,0.64267,1,0.60134,0.50566,0.51326,0.49974,0.4702,0.49085,0.44091,0.44033,0.60783,0.56493,0.49205,0.44642,0.34736,0.42417,0.43908,0.088139,0.20833,0.16786,0.10225,0.22614,0.34595,0.20204,0.32564,0.13324,0.098456,0.11046,0.1026,0.090361,0.21769,0.1173,0.15003,0.13376,0.13681,0.10263,0.14211,0.15168,0.22528,0.25397,0.28641,0.33429,0.38449
0.38276,0.20582,0.30587,0.38254,0.37193,0.37717,0.43107,0.63741,0.79339,0.50272,0.50616,0.52382,0.57811,0.35563,0.43102,0.32704,0.36301,0.40196,0.51241,0.37854,0.2666,0.30381,0.2712,0.39644,0.4228,0.21544,0.33644,0.10732,0.22019,0.15581,0.17455,0.22679,0.28782,0.1772,0.099288,0.27576,0.10559,0.18999,0.22251,0.21023,0.28032,0.30102,0.20528,0.21169,0.17835,0.17819,0.21972,0.24443,0.20198,0.38574,0.38404,0.27795,0.34926,0.34803,0.42635,0.41678,0.54038,0.63948,0.60134,1,0.54162,0.53693,0.49479,0.55934,0.42007,0.37641,0.33479,0.45191,0.46125,0.40291,0.33654,0.31226,0.40258,0.44145,0.072439,0.15759,0.17426,0.10977,0.23842,0.24803,0.17131,0.28638,0.16556,0.11832,0.13697,0.11415,0.088662,0.18486,0.15144,0.17584,0.16391,0.18229,0.15648,0.17381,0.17885,0.24026,0.25122,0.30695,0.35696,0.36601
0.43562,0.26338,0.38003,0.42501,0.43142,0.45027,0.47546,0.51309,0.55981,0.72227,0.55703,0.57379,0.51652,0.39348,0.45665,0.35612,0.38365,0.36453,0.44412,0.38201,0.39411,0.43898,0.38032,0.46072,0.40072,0.30256,0.42496,0.14088,0.22475,0.19051,0.24473,0.30813,0.33171,0.23916,0.22523,0.31858,0.20362,0.20984,0.23905,0.23168,0.26731,0.31233,0.22265,0.19832,0.18903,0.23341,0.23121,0.27126,0.23226,0.46316,0.44881,0.34062,0.39563,0.42869,0.48195,0.46593,0.53121,0.48718,0.50566,0.54162,1,0.59296,0.56686,0.50136,0.44732,0.43729,0.36791,0.41646,0.43463,0.40579,0.48989,0.47978,0.46497,0.47641,0.21616,0.29419,0.31896,0.15146,0.25585,0.32082,0.30723,0.39519,0.21887,0.19207,0.22327,0.22004,0.19863,0.30926,0.19694,0.22618,0.194,0.22278,0.17841,0.25582,0.25982,0.26825,0.27959,0.36865,0.45968,0.49115
0.38027,0.20567,0.33147,0.36234,0.3835,0.4064,0.42343,0.51061,0.54777,0.51749,0.5386,0.58533,0.53938,0.34332,0.40256,0.30738,0.40215,0.38134,0.45645,0.35888,0.35014,0.37755,0.35747,0.41641,0.39953,0.26516,0.39107,0.11701,0.20675,0.14137,0.18791,0.24841,0.29363,0.18379,0.16942,0.28523,0.15294,0.16437,0.20594,0.20276,0.23967,0.26737,0.18303,0.17525,0.15476,0.20111,0.19881,0.24238,0.20356,0.37555,0.38835,0.27793,0.32933,0.38193,0.43444,0.40817,0.49958,0.49652,0.51326,0.53693,0.59296,1,0.59016,0.52912,0.38555,0.37569,0.31131,0.44878,0.43003,0.37958,0.45119,0.43271,0.41824,0.45671,0.12643,0.22456,0.24429,0.11992,0.22735,0.26515,0.22359,0.3206,0.15001,0.12396,0.15067,0.13633,0.13938,0.23473,0.14972,0.16495,0.16036,0.18298,0.14109,0.20086,0.20433,0.23883,0.24328,0.29025,0.34781,0.37854
0.37302,0.19108,0.29138,0.37196,0.38046,0.38658,0.44144,0.48825,0.51914,0.50829,0.51449,0.70338,0.5973,0.33249,0.41658,0.30389,0.47263,0.37772,0.45579,0.38946,0.44667,0.40524,0.45966,0.43261,0.48418,0.3214,0.41567,0.099032,0.16651,0.095829,0.16415,0.24357,0.33526,0.13587,0.15398,0.27256,0.13363,0.088686,0.1052,0.11658,0.16639,0.20512,0.083675,0.08658,0.081934,0.17208,0.1443,0.16206,0.15122,0.38087,0.38558,0.25975,0.33667,0.36734,0.42196,0.42938,0.57839,0.44766,0.49974,0.49479,0.56686,0.59016,1,0.59423,0.38568,0.37224,0.31082,0.47298,0.43794,0.43343,0.59425,0.5332,0.45231,0.56761,0.14605,0.30214,0.24704,0.10108,0.18759,0.28787,0.25935,0.40811,0.075372,0.049819,0.099412,0.10562,0.1206,0.20179,0.065846,0.098221,0.065326,0.099544,0.068915,0.15974,0.19591,0.16285,0.19911,0.26267,0.33135,0.40241
0.34482,0.15858,0.27625,0.32089,0.33506,0.33932,0.37655,0.53784,0.55706,0.47222,0.4845,0.56557,0.85788,0.31207,0.3755,0.2748,0.36261,0.35243,0.37594,0.3211,0.23237,0.27804,0.26076,0.30991,0.38274,0.17605,0.2938,0.095251,0.2074,0.15014,0.16384,0.215,0.28281,0.15914,0.084484,0.22422,0.088816,0.18573,0.20672,0.18407,0.27047,0.29597,0.20566,0.2072,0.18248,0.1695,0.21726,0.22227,0.18472,0.35966,0.34949,0.23067,0.29344,0.3112,0.38101,0.3572,0.57443,0.52733,0.4702,0.55934,0.50136,0.52912,0.59423,1,0.36599,0.34928,0.27848,0.43132,0.33291,0.33062,0.30685,0.29635,0.30124,0.37143,0.076442,0.13334,0.15418,0.099454,0.23224,0.221,0.15979,0.28841,0.1721,0.13153,0.15858,0.11883,0.071839,0.16238,0.1694,0.18446,0.15712,0.16688,0.16523,0.17229,0.19133,0.22132,0.23338,0.29954,0.36038,0.35198
0.6267,0.40046,0.4015,0.69609,0.51483,0.42783,0.53992,0.45727,0.43423,0.42766,0.36282,0.39571,0.38773,0.74321,0.71698,0.64405,0.45505,0.4733,0.43095,0.43648,0.31361,0.30383,0.27899,0.38649,0.32384,0.27393,0.31214,0.12714,0.27047,0.20539,0.27903,0.29998,0.38476,0.19392,0.13561,0.35881,0.10731,0.16103,0.19106,0.15872,0.27785,0.2964,0.19094,0.174,0.16541,0.16944,0.22653,0.20933,0.25528,0.46958,0.64765,0.49986,0.74759,0.4389,0.48821,0.58291,0.44696,0.43755,0.49085,0.42007,0.44732,0.38555,0.38568,0.36599,1,0.63035,0.69338,0.53672,0.46401,0.49044,0.43336,0.34783,0.38498,0.38358,0.16666,0.24906,0.19609,0.14158,0.31027,0.54763,0.33178,0.48329,0.22788,0.13444,0.17218,0.15659,0.097383,0.25693,0.15611,0.17441,0.13123,0.1377,0.14687,0.18785,0.22435,0.21787,0.37751,0.32406,0.38271,0.49557
0.48383,0.25177,0.39581,0.5045,0.46887,0.45074,0.48007,0.38753,0.3986,0.41739,0.35389,0.39422,0.36117,0.60469,0.63845,0.58786,0.44358,0.39203,0.44321,0.51037,0.42855,0.33113,0.29758,0.49898,0.2972,0.32274,0.33547,0.13277,0.26488,0.25023,0.34169,0.36392,0.38233,0.22363,0.27932,0.58571,0.14293,0.32381,0.30187,0.21021,0.26251,0.24306,0.33829,0.16148,0.17567,0.16812,0.1874,0.39562,0.3795,0.53433,0.5158,0.33875,0.51941,0.42505,0.49104,0.48156,0.39014,0.36247,0.44091,0.37641,0.43729,0.37569,0.37224,0.34928,0.63035,1,0.59585,0.42735,0.57031,0.53111,0.49786,0.37466,0.48223,0.3983,0.28973,0.33555,0.25733,0.16645,0.34328,0.50416,0.38907,0.50953,0.33202,0.30573,0.31097,0.22857,0.16166,0.49142,0.35027,0.41017,0.29521,0.25309,0.23135,0.24402,0.29877,0.44045,0.4446,0.37158,0.41633,0.63661
0.54465,0.32337,0.41496,0.67598,0.48932,0.43342,0.50919,0.37086,0.35521,0.34879,0.29926,0.32901,0.30408,0.68237,0.5607,0.84607,0.49437,0.47943,0.44927,0.5657,0.35256,0.28037,0.30764,0.42251,0.30881,0.33027,0.33284,0.11338,0.17719,0.19474,0.45806,0.38741,0.45844,0.1954,0.2576,0.52214,0.12937,0.16934,0.1017,0.048833,0.10068,0.1605,0.12789,0.031363,0.10254,0.12336,0.14265,0.20368,0.26216,0.36125,0.56813,0.40666,0.72195,0.45508,0.47003,0.55049,0.38322,0.34227,0.44033,0.33479,0.36791,0.31131,0.31082,0.27848,0.69338,0.59585,1,0.51291,0.56458,0.61795,0.45241,0.36372,0.42438,0.39057,0.29841,0.34776,0.26388,0.12877,0.19199,0.74092,0.46074,0.55474,0.21606,0.2365,0.20887,0.21208,0.13962,0.40893,0.084502,0.23568,0.069305,0.04616,0.032753,0.14958,0.15967,0.24433,0.34331,0.18701,0.23978,0.38459
0.37768,0.15137,0.25513,0.38855,0.34944,0.31372,0.36658,0.56402,0.46362,0.39284,0.38147,0.49958,0.43527,0.48668,0.46209,0.50514,0.65257,0.68986,0.53412,0.49261,0.2999,0.27143,0.28429,0.33101,0.374,0.22192,0.28592,0.094254,0.20729,0.12952,0.2321,0.24853,0.38389,0.13587,0.060626,0.31436,0.053748,0.14727,0.13933,0.12837,0.22784,0.24204,0.13598,0.14355,0.12364,0.13441,0.1704,0.18,0.18646,0.34703,0.3819,0.22586,0.38918,0.29424,0.3611,0.35873,0.40983,0.5775,0.60783,0.45191,0.41646,0.44878,0.47298,0.43132,0.53672,0.42735,0.51291,1,0.48986,0.54658,0.4721,0.31813,0.32528,0.39177,0.088556,0.18135,0.13644,0.097446,0.22723,0.48821,0.2386,0.41582,0.13899,0.085619,0.11133,0.08935,0.0329,0.14846,0.098045,0.15007,0.082672,0.1011,0.097459,0.13207,0.14463,0.17962,0.24812,0.26442,0.29802,0.33342
0.39404,0.19241,0.34542,0.45394,0.41976,0.42101,0.48227,0.42325,0.4815,0.3933,0.39265,0.48351,0.35418,0.46175,0.49778,0.55709,0.52237,0.46538,0.69275,0.57131,0.52645,0.36544,0.38469,0.58405,0.39976,0.43444,0.40786,0.089336,0.15213,0.09431,0.26361,0.28796,0.33631,0.15316,0.25681,0.64478,0.13762,0.14308,0.11159,0.077458,0.087421,0.1161,0.096999,0.020414,0.039403,0.12463,0.06639,0.22579,0.23006,0.38438,0.41503,0.27329,0.42901,0.4131,0.46123,0.48668,0.40553,0.37729,0.56493,0.46125,0.43463,0.43003,0.43794,0.33291,0.46401,0.57031,0.56458,0.48986,1,0.61244,0.61306,0.43812,0.58084,0.51249,0.20273,0.40878,0.25229,0.092921,0.18094,0.45153,0.30351,0.3965,0.060873,0.077359,0.10342,0.10515,0.1362,0.39193,0.07323,0.17809,0.083584,0.072209,0.033783,0.10723,0.14458,0.25926,0.26448,0.20293,0.24983,0.42456
0.39792,0.17896,0.32237,0.44249,0.39691,0.3801,0.42078,0.41667,0.42381,0.38115,0.34853,0.4641,0.35547,0.50578,0.46595,0.61462,0.56558,0.49506,0.52476,0.67853,0.48299,0.33142,0.42665,0.48437,0.45541,0.42178,0.41777,0.091029,0.14098,0.12832,0.34461,0.36563,0.48047,0.15835,0.18909,0.51715,0.096409,0.16999,0.027089,0.03688,0.056925,0.10782,0.058976,0.0075017,0.058917,0.13497,0.094916,0.16611,0.21221,0.36115,0.41275,0.25354,0.43402,0.37619,0.40559,0.41895,0.43458,0.39314,0.49205,0.40291,0.40579,0.37958,0.43343,0.33062,0.49044,0.53111,0.61795,0.54658,0.61244,1,0.58611,0.46259,0.49111,0.55372,0.26768,0.43119,0.3002,0.098475,0.16475,0.58073,0.41284,0.56374,0.10379,0.11123,0.17738,0.15984,0.094776,0.31401,0.041819,0.23752,0.0028522,0.036259,0.030467,0.1398,0.17244,0.19876,0.26303,0.18532,0.23244,0.39537
0.35014,0.20606,0.29205,0.39478,0.36361,0.36077,0.42063,0.32762,0.38011,0.42551,0.40559,0.60665,0.32637,0.43375,0.45877,0.45078,0.59524,0.38904,0.52241,0.51294,0.7321,0.46633,0.56933,0.56675,0.4604,0.48926,0.46394,0.098623,0.10121,0.073401,0.26293,0.34301,0.43738,0.10293,0.23805,0.45,0.1589,0.0019748,-0.057323,-0.028443,-0.026133,0.055508,-0.040974,-0.079309,-0.028664,0.15487,0.068202,0.065639,0.12453,0.41053,0.36416,0.26593,0.3741,0.3687,0.38047,0.42884,0.45999,0.25954,0.44642,0.33654,0.48989,0.45119,0.59425,0.30685,0.43336,0.49786,0.45241,0.4721,0.61306,0.58611,1,0.66142,0.59985,0.64123,0.34673,0.51611,0.33569,0.10884,0.13246,0.50736,0.46193,0.59215,-0.0067826,-0.0083805,0.092155,0.11462,0.1559,0.28924,-0.029479,0.043279,-0.071611,-0.03034,-0.023145,0.14099,0.24316,0.087234,0.16413,0.15241,0.2527,0.47006
0.33481,0.23608,0.30656,0.36711,0.34099,0.36256,0.39704,0.29698,0.35014,0.42637,0.39275,0.5265,0.3221,0.35246,0.36833,0.36038,0.4181,0.27451,0.37684,0.42054,0.58482,0.45641,0.57698,0.48828,0.43758,0.47737,0.50123,0.11444,0.10557,0.096005,0.27103,0.3496,0.40111,0.15537,0.25639,0.34852,0.18898,0.03547,-0.025962,0.028963,-0.0047332,0.10066,-0.0079128,-0.027703,0.025671,0.23147,0.11135,0.078893,0.11855,0.3713,0.34118,0.28266,0.33588,0.36843,0.36872,0.40142,0.43374,0.24008,0.34736,0.31226,0.47978,0.43271,0.5332,0.29635,0.34783,0.37466,0.36372,0.31813,0.43812,0.46259,0.66142,1,0.51849,0.59632,0.36806,0.51545,0.43601,0.13197,0.14755,0.40738,0.46128,0.54059,0.043431,0.0646,0.1701,0.19534,0.19226,0.30206,0.012369,0.090376,-0.029803,0.036285,0.042184,0.2464,0.31207,0.096094,0.15718,0.19184,0.284,0.42644
0.38758,0.24266,0.36094,0.43484,0.4153,0.44163,0.47798,0.35785,0.42444,0.42791,0.41001,0.48406,0.33269,0.38377,0.43181,0.41968,0.39987,0.30726,0.48291,0.45494,0.54841,0.40856,0.44628,0.598,0.39031,0.47979,0.46604,0.10487,0.12984,0.11252,0.24785,0.29874,0.30719,0.20095,0.33856,0.49743,0.2403,0.13192,0.1156,0.114,0.067974,0.12216,0.10719,0.032104,0.060403,0.18232,0.083288,0.21424,0.20696,0.37473,0.40683,0.30939,0.40168,0.43664,0.45412,0.47903,0.4396,0.29789,0.42417,0.40258,0.46497,0.41824,0.45231,0.30124,0.38498,0.48223,0.42438,0.32528,0.58084,0.49111,0.59985,0.51849,1,0.54942,0.31784,0.49123,0.37719,0.11666,0.16548,0.37776,0.36341,0.4154,0.082905,0.11097,0.1642,0.18006,0.26422,0.42445,0.11509,0.18485,0.11385,0.12413,0.086791,0.17372,0.22425,0.23372,0.22849,0.18893,0.27287,0.43252
0.37172,0.22413,0.32337,0.40566,0.38579,0.41045,0.45208,0.40559,0.4679,0.43983,0.43372,0.58672,0.41292,0.37128,0.41628,0.39234,0.45231,0.34874,0.47178,0.50799,0.56507,0.41617,0.55494,0.5223,0.57618,0.49815,0.54387,0.091478,0.12998,0.082413,0.22771,0.30642,0.41211,0.15316,0.22173,0.3817,0.16467,0.065965,0.023739,0.066646,0.06674,0.14511,0.0185,0.028244,0.053087,0.21455,0.11781,0.11506,0.13627,0.38895,0.37995,0.28652,0.36849,0.40516,0.42187,0.44645,0.5235,0.33832,0.43908,0.44145,0.47641,0.45671,0.56761,0.37143,0.38358,0.3983,0.39057,0.39177,0.51249,0.55372,0.64123,0.59632,0.54942,1,0.24956,0.47685,0.4092,0.097161,0.1486,0.38124,0.34541,0.50858,0.014598,0.016202,0.115,0.1146,0.15593,0.27424,0.0095567,0.094528,-0.00017931,0.052764,0.055392,0.16929,0.25399,0.12789,0.17701,0.19859,0.2923,0.428
0.17377,0.23078,0.2531,0.16297,0.15119,0.19931,0.16563,0.059303,0.094382,0.20495,0.14274,0.15243,0.085733,0.22652,0.1438,0.27018,0.18931,0.098663,0.11289,0.24762,0.40338,0.21099,0.28487,0.28606,0.13911,0.38861,0.28974,0.099669,0.011666,0.31245,0.54798,0.43956,0.31761,0.34145,0.40515,0.31705,0.28868,0.22514,0.060106,-0.059584,-0.053664,0.14173,0.28187,0.035723,0.25492,0.1546,0.18573,0.048217,0.054873,0.23523,0.14847,0.23481,0.1389,0.22889,0.1658,0.17979,0.14247,0.044183,0.088139,0.072439,0.21616,0.12643,0.14605,0.076442,0.16666,0.28973,0.29841,0.088556,0.20273,0.26768,0.34673,0.36806,0.31784,0.24956,1,0.5771,0.51001,0.16707,0.095177,0.51142,0.65528,0.47813,0.45468,0.58546,0.61724,0.6176,0.33952,0.51445,0.40612,0.42516,0.13262,0.04538,0.27121,0.27249,0.38551,0.083668,0.064124,0.032989,0.2678,0.30494
0.26346,0.2548,0.28904,0.29841,0.26767,0.30008,0.32006,0.15484,0.19146,0.26681,0.22593,0.30566,0.15481,0.25931,0.26841,0.32961,0.28068,0.18244,0.28362,0.3982,0.51584,0.30614,0.44493,0.4545,0.31707,0.68481,0.45795,0.056402,0.0023135,0.10096,0.31979,0.3423,0.2742,0.3249,0.40931,0.4625,0.27669,0.15944,0.0063524,0.007482,-0.085719,0.041619,0.075871,-0.010415,0.087923,0.17317,0.018035,0.073493,0.078963,0.26508,0.25989,0.28619,0.27134,0.32709,0.28078,0.33284,0.28178,0.1066,0.20833,0.15759,0.29419,0.22456,0.30214,0.13334,0.24906,0.33555,0.34776,0.18135,0.40878,0.43119,0.51611,0.51545,0.49123,0.47685,0.5771,1,0.52854,0.090584,0.072835,0.40355,0.50712,0.4342,0.10517,0.20903,0.33712,0.4113,0.29957,0.4873,0.17385,0.30718,0.048983,0.063124,0.16085,0.17897,0.27558,0.09875,0.092072,0.076791,0.23161,0.3634
0.23525,0.24858,0.32858,0.22657,0.22886,0.31228,0.25568,0.15913,0.2048,0.30506,0.25963,0.26725,0.17927,0.2318,0.19454,0.2575,0.20522,0.14636,0.19894,0.30153,0.35466,0.2855,0.38651,0.35744,0.27229,0.45518,0.47722,0.12078,0.069313,0.1876,0.36431,0.3617,0.29121,0.33332,0.39056,0.31388,0.30461,0.23315,0.14782,0.1716,0.024054,0.13188,0.18849,0.13392,0.18855,0.2743,0.14395,0.17286,0.12938,0.22925,0.2189,0.278,0.19652,0.32415,0.26945,0.25276,0.23109,0.11999,0.16786,0.17426,0.31896,0.24429,0.24704,0.15418,0.19609,0.25733,0.26388,0.13644,0.25229,0.3002,0.33569,0.43601,0.37719,0.4092,0.51001,0.52854,1,0.14888,0.11058,0.3479,0.46889,0.38844,0.24194,0.34407,0.39928,0.40883,0.33585,0.44701,0.23612,0.34238,0.17356,0.2198,0.25113,0.31743,0.30806,0.17976,0.13193,0.097791,0.23292,0.28182
0.12655,0.13113,0.14812,0.11678,0.10499,0.12502,0.10021,0.10422,0.11325,0.1446,0.12167,0.10756,0.099611,0.15893,0.11993,0.12682,0.10227,0.093082,0.090105,0.09182,0.10361,0.12,0.088775,0.11733,0.068076,0.057812,0.11208,0.11632,0.1217,0.15674,0.15085,0.15958,0.12693,0.13914,0.11067,0.089997,0.10574,0.1128,0.15083,0.15078,0.13076,0.13891,0.17057,0.13826,0.13409,0.12325,0.16495,0.12046,0.10655,0.13657,0.11815,0.14542,0.11651,0.12481,0.11698,0.10354,0.099144,0.10308,0.10225,0.10977,0.15146,0.11992,0.10108,0.099454,0.14158,0.16645,0.12877,0.097446,0.092921,0.098475,0.10884,0.13197,0.11666,0.097161,0.16707,0.090584,0.14888,1,0.16846,0.14431,0.20561,0.17001,0.22846,0.19898,0.20745,0.22785,0.1242,0.15343,0.18356,0.15664,0.16433,0.20277,0.19763,0.23509,0.20103,0.12477,0.12134,0.12602,0.15932,0.14562
0.23941,0.14867,0.18802,0.2102,0.20674,0.20406,0.19409,0.24331,0.2395,0.24494,0.21272,0.19177,0.22848,0.29011,0.27013,0.18954,0.17289,0.20496,0.18683,0.16076,0.12305,0.17549,0.08227,0.18126,0.14807,0.086603,0.14986,0.11767,0.333,0.21192,0.097032,0.12767,0.14903,0.16184,0.077115,0.15767,0.09428,0.19481,0.3109,0.26903,0.4206,0.36158,0.33829,0.33665,0.2561,0.1991,0.27578,0.22296,0.21803,0.32343,0.2479,0.18543,0.21833,0.17536,0.22428,0.18974,0.1973,0.25087,0.22614,0.23842,0.25585,0.22735,0.18759,0.23224,0.31027,0.34328,0.19199,0.22723,0.18094,0.16475,0.13246,0.14755,0.16548,0.1486,0.095177,0.072835,0.11058,0.16846,1,0.13752,0.11116,0.19261,0.33357,0.1829,0.23322,0.156,0.093484,0.16705,0.36006,0.2204,0.29509,0.30217,0.38711,0.26327,0.32432,0.22302,0.29069,0.41362,0.40917,0.34589
0.38251,0.26978,0.33273,0.43902,0.32899,0.31785,0.33764,0.27528,0.27094,0.30903,0.25436,0.31186,0.24183,0.59322,0.4129,0.70164,0.52359,0.44027,0.35851,0.53109,0.41817,0.2727,0.35053,0.36556,0.2905,0.3378,0.33673,0.1169,0.11846,0.24334,0.60812,0.49002,0.53886,0.21138,0.27224,0.44447,0.14784,0.16552,0.022299,-0.046114,-0.0024313,0.11983,0.11191,-0.032374,0.11235,0.11147,0.14676,0.11041,0.17393,0.32493,0.37147,0.31516,0.45967,0.33822,0.32598,0.35646,0.30046,0.24749,0.34595,0.24803,0.32082,0.26515,0.28787,0.221,0.54763,0.50416,0.74092,0.48821,0.45153,0.58073,0.50736,0.40738,0.37776,0.38124,0.51142,0.40355,0.3479,0.14431,0.13752,1,0.62992,0.65588,0.28819,0.36742,0.3278,0.32516,0.17078,0.4068,0.097632,0.27422,0.019047,-0.023988,0.023683,0.1769,0.19529,0.15333,0.24175,0.10839,0.20283,0.33939
0.28026,0.27382,0.32758,0.28102,0.24206,0.27127,0.24742,0.1592,0.19233,0.29268,0.22324,0.2678,0.172,0.42374,0.26197,0.45005,0.36099,0.22713,0.2164,0.38285,0.4421,0.29385,0.37167,0.34111,0.21869,0.36235,0.35554,0.15461,0.073953,0.30085,0.59567,0.59853,0.49288,0.26989,0.31782,0.35184,0.21519,0.20504,-0.0027149,-0.047522,-0.087123,0.068395,0.12379,-0.030343,0.13256,0.13251,0.20201,0.10416,0.14559,0.27478,0.25339,0.29588,0.2661,0.30126,0.24892,0.26302,0.23755,0.14127,0.20204,0.17131,0.30723,0.22359,0.25935,0.15979,0.33178,0.38907,0.46074,0.2386,0.30351,0.41284,0.46193,0.46128,0.36341,0.34541,0.65528,0.50712,0.46889,0.20561,0.11116,0.62992,1,0.63936,0.35983,0.45713,0.47428,0.50849,0.25547,0.42206,0.1464,0.34557,0.035592,0.018084,0.1183,0.2929,0.33421,0.14023,0.17896,0.063687,0.18876,0.30814
0.37884,0.25468,0.32625,0.40059,0.33778,0.33091,0.34533,0.29332,0.31167,0.37813,0.30121,0.41086,0.30481,0.52199,0.415,0.54326,0.48937,0.35427,0.31483,0.51285,0.52475,0.34704,0.46593,0.39943,0.39916,0.37056,0.4026,0.1269,0.14567,0.21762,0.46462,0.50036,0.6115,0.164,0.17829,0.36447,0.11068,0.13095,-0.020659,-0.029493,0.038121,0.17095,0.081668,0.023911,0.12913,0.2118,0.24169,0.083884,0.16367,0.43335,0.37294,0.29947,0.40048,0.34048,0.33984,0.35249,0.38695,0.26465,0.32564,0.28638,0.39519,0.3206,0.40811,0.28841,0.48329,0.50953,0.55474,0.41582,0.3965,0.56374,0.59215,0.54059,0.4154,0.50858,0.47813,0.4342,0.38844,0.17001,0.19261,0.65588,0.63936,1,0.22832,0.22966,0.36281,0.28534,0.12406,0.30374,0.1038,0.23065,-0.020013,0.0045817,0.14009,0.27744,0.42374,0.1234,0.23149,0.2132,0.34477,0.48885
0.17911,0.20917,0.23746,0.11088,0.12561,0.17539,0.087342,0.15849,0.1605,0.20978,0.15322,0.075913,0.16239,0.25187,0.13696,0.19083,0.081172,0.136,0.075911,0.11262,0.0081221,0.071823,-0.014993,0.089936,0.031956,0.014738,0.10599,0.15833,0.23032,0.47376,0.40865,0.30528,0.18378,0.35539,0.2176,0.15007,0.21013,0.43377,0.45325,0.28197,0.36355,0.36379,0.58338,0.37833,0.42914,0.1435,0.35747,0.29416,0.21735,0.21308,0.16081,0.22605,0.12196,0.15988,0.15814,0.083305,0.095431,0.18571,0.13324,0.16556,0.21887,0.15001,0.075372,0.1721,0.22788,0.33202,0.21606,0.13899,0.060873,0.10379,-0.0067826,0.043431,0.082905,0.014598,0.45468,0.10517,0.24194,0.22846,0.33357,0.28819,0.35983,0.22832,1,0.71654,0.59687,0.55633,0.25373,0.36877,0.63357,0.56868,0.4834,0.37996,0.48964,0.34511,0.3142,0.30454,0.24653,0.25806,0.34772,0.22909
0.14351,0.21794,0.27124,0.066592,0.10687,0.1928,0.086353,0.11015,0.1208,0.19051,0.13712,0.059369,0.12788,0.18963,0.080286,0.2043,0.059132,0.106,0.068983,0.13396,0.019344,0.064264,0.019571,0.11537,0.019787,0.09191,0.14893,0.13691,0.12626,0.4262,0.5734,0.39006,0.18663,0.44117,0.46393,0.23061,0.31695,0.47424,0.46834,0.21223,0.2048,0.27017,0.57842,0.25492,0.41455,0.11327,0.25628,0.3473,0.20441,0.1485,0.11416,0.22735,0.059096,0.18732,0.15292,0.077053,0.057882,0.12557,0.098456,0.11832,0.19207,0.12396,0.049819,0.13153,0.13444,0.30573,0.2365,0.085619,0.077359,0.11123,-0.0083805,0.0646,0.11097,0.016202,0.58546,0.20903,0.34407,0.19898,0.1829,0.36742,0.45713,0.22966,0.71654,1,0.70315,0.66078,0.38019,0.59741,0.63124,0.67052,0.53578,0.32156,0.38226,0.30627,0.2275,0.3707,0.20537,0.13807,0.24936,0.17125
0.19256,0.23634,0.28652,0.12313,0.14867,0.21555,0.12112,0.12574,0.14117,0.22232,0.1625,0.10506,0.15571,0.20888,0.13854,0.19243,0.10041,0.11349,0.078768,0.18043,0.14673,0.11829,0.10885,0.16486,0.099018,0.19808,0.19963,0.12627,0.13445,0.35389,0.45669,0.39417,0.24914,0.42844,0.34653,0.22394,0.25964,0.39414,0.3569,0.16152,0.23317,0.34358,0.53239,0.33318,0.50023,0.23001,0.35875,0.23793,0.16148,0.25516,0.16556,0.25085,0.11637,0.21672,0.1766,0.11457,0.11562,0.14272,0.11046,0.13697,0.22327,0.15067,0.099412,0.15858,0.17218,0.31097,0.20887,0.11133,0.10342,0.17738,0.092155,0.1701,0.1642,0.115,0.61724,0.33712,0.39928,0.20745,0.23322,0.3278,0.47428,0.36281,0.59687,0.70315,1,0.66317,0.30222,0.48658,0.64943,0.59306,0.41403,0.28147,0.5442,0.38606,0.47616,0.25625,0.17144,0.19984,0.38743,0.3036
0.18076,0.24775,0.2586,0.13808,0.13782,0.18794,0.13107,0.10799,0.1229,0.21448,0.14947,0.11115,0.12235,0.17692,0.12637,0.18376,0.091384,0.098971,0.088167,0.15255,0.14209,0.12298,0.11735,0.1632,0.077018,0.23094,0.1925,0.12854,0.071327,0.32582,0.43472,0.35793,0.18642,0.47223,0.35882,0.20594,0.27837,0.32466,0.26635,0.11847,0.11638,0.23046,0.39998,0.19791,0.35196,0.15075,0.24323,0.17796,0.1136,0.16809,0.15069,0.2532,0.12552,0.20196,0.15578,0.1345,0.11237,0.11179,0.1026,0.11415,0.22004,0.13633,0.10562,0.11883,0.15659,0.22857,0.21208,0.08935,0.10515,0.15984,0.11462,0.19534,0.18006,0.1146,0.6176,0.4113,0.40883,0.22785,0.156,0.32516,0.50849,0.28534,0.55633,0.66078,0.66317,1,0.3318,0.47369,0.50388,0.52805,0.33215,0.24802,0.40119,0.34014,0.33329,0.19623,0.12428,0.11153,0.27611,0.20425
0.14214,0.22411,0.23308,0.1317,0.12818,0.19847,0.16064,0.081427,0.10678,0.18515,0.1565,0.12994,0.082433,0.10515,0.10515,0.116,0.053572,0.051346,0.11126,0.095259,0.16348,0.15403,0.13982,0.23065,0.079236,0.24411,0.22802,0.092383,0.056549,0.16253,0.25801,0.18366,0.054755,0.29896,0.51215,0.19,0.42108,0.19399,0.31173,0.19608,0.082128,0.11894,0.25906,0.12629,0.17379,0.12797,0.064913,0.22162,0.10605,0.11782,0.1274,0.23587,0.11827,0.21329,0.16407,0.16708,0.11391,0.057638,0.090361,0.088662,0.19863,0.13938,0.1206,0.071839,0.097383,0.16166,0.13962,0.0329,0.1362,0.094776,0.1559,0.19226,0.26422,0.15593,0.33952,0.29957,0.33585,0.1242,0.093484,0.17078,0.25547,0.12406,0.25373,0.38019,0.30222,0.3318,1,0.4929,0.28661,0.27703,0.38434,0.24238,0.20334,0.18589,0.13967,0.22152,0.091095,0.07525,0.15323,0.1545
0.30055,0.28952,0.39204,0.29599,0.30586,0.38577,0.34911,0.18287,0.21476,0.29681,0.25051,0.22476,0.17866,0.28938,0.28414,0.37695,0.19035,0.17399,0.26406,0.3209,0.29501,0.24192,0.2351,0.42017,0.16577,0.40278,0.34227,0.10897,0.10647,0.2206,0.46947,0.3428,0.18829,0.41814,0.74016,0.53891,0.43421,0.35937,0.43442,0.20901,0.11527,0.16881,0.401,0.10801,0.22683,0.16293,0.054826,0.42289,0.26951,0.28587,0.2999,0.33412,0.27298,0.38744,0.36232,0.34751,0.21016,0.14937,0.21769,0.18486,0.30926,0.23473,0.20179,0.16238,0.25693,0.49142,0.40893,0.14846,0.39193,0.31401,0.28924,0.30206,0.42445,0.27424,0.51445,0.4873,0.44701,0.15343,0.16705,0.4068,0.42206,0.30374,0.36877,0.59741,0.48658,0.47369,0.4929,1,0.45635,0.53542,0.51412,0.29539,0.2443,0.23769,0.20498,0.46689,0.26718,0.1844,0.27488,0.37382
0.16646,0.19129,0.22984,0.08619,0.13295,0.19828,0.10129,0.14546,0.14985,0.19452,0.15746,0.067507,0.15797,0.13078,0.14192,0.063226,0.013046,0.095252,0.073413,0.055673,0.01332,0.06252,-0.042651,0.12765,0.023817,0.093311,0.096554,0.1071,0.22217,0.31985,0.20489,0.14115,0.026263,0.40253,0.30605,0.19092,0.2544,0.44724,0.60123,0.37609,0.47959,0.45222,0.72082,0.5214,0.52941,0.2405,0.33916,0.35599,0.2122,0.25957,0.15745,0.21475,0.096041,0.16772,0.17364,0.085594,0.082693,0.16857,0.1173,0.15144,0.19694,0.14972,0.065846,0.1694,0.15611,0.35027,0.084502,0.098045,0.07323,0.041819,-0.029479,0.012369,0.11509,0.0095567,0.40612,0.17385,0.23612,0.18356,0.36006,0.097632,0.1464,0.1038,0.63357,0.63124,0.64943,0.50388,0.28661,0.45635,1,0.60278,0.65152,0.49201,0.69668,0.35613,0.43377,0.35284,0.21185,0.32959,0.47328,0.34506
0.17986,0.17894,0.26439,0.10732,0.16298,0.23409,0.12903,0.17033,0.17794,0.23443,0.17239,0.10982,0.18096,0.21195,0.15626,0.22596,0.12331,0.15615,0.13221,0.25944,0.054915,0.098022,0.054446,0.1972,0.080961,0.19735,0.20173,0.10363,0.14305,0.31941,0.37336,0.31166,0.17061,0.40165,0.33373,0.35607,0.2251,0.58841,0.4535,0.31566,0.23331,0.1994,0.51964,0.30659,0.34635,0.1217,0.16667,0.422,0.29024,0.17818,0.16757,0.20676,0.099818,0.20472,0.2078,0.10476,0.11401,0.18438,0.15003,0.17584,0.22618,0.16495,0.098221,0.18446,0.17441,0.41017,0.23568,0.15007,0.17809,0.23752,0.043279,0.090376,0.18485,0.094528,0.42516,0.30718,0.34238,0.15664,0.2204,0.27422,0.34557,0.23065,0.56868,0.67052,0.59306,0.52805,0.27703,0.53542,0.60278,1,0.51071,0.42471,0.44412,0.28126,0.20496,0.44745,0.28285,0.20656,0.24814,0.24003
0.15389,0.21214,0.24751,0.0884,0.12385,0.21554,0.12096,0.15946,0.16442,0.19847,0.17134,0.077332,0.1533,0.10327,0.13511,0.047675,-0.013265,0.088051,0.10169,0.024581,-0.077686,0.062118,-0.069406,0.13258,0.0086953,0.03638,0.10097,0.11111,0.2175,0.22508,0.13602,0.065777,-0.060484,0.35662,0.42384,0.1707,0.3258,0.41434,0.73318,0.49425,0.44213,0.33266,0.60144,0.43784,0.3715,0.17751,0.18302,0.48552,0.2523,0.17415,0.13994,0.23754,0.092965,0.18442,0.18818,0.10317,0.078967,0.16915,0.13376,0.16391,0.194,0.16036,0.065326,0.15712,0.13123,0.29521,0.069305,0.082672,0.083584,0.0028522,-0.071611,-0.029803,0.11385,-0.00017931,0.13262,0.048983,0.17356,0.16433,0.29509,0.019047,0.035592,-0.020013,0.4834,0.53578,0.41403,0.33215,0.38434,0.51412,0.65152,0.51071,1,0.56718,0.49966,0.27739,0.20075,0.48225,0.24064,0.2988,0.30916,0.22118
0.15619,0.17885,0.22219,0.10259,0.13285,0.2117,0.11751,0.17451,0.18338,0.22616,0.19303,0.10836,0.16573,0.10443,0.13642,0.034908,0.013929,0.095419,0.099578,0.052335,-0.049229,0.10512,-0.0057295,0.14145,0.050352,0.062184,0.15607,0.14681,0.22951,0.16641,0.01015,0.029531,-0.040153,0.28131,0.21851,0.12221,0.2227,0.36027,0.54598,0.59576,0.40189,0.25566,0.44352,0.43655,0.26885,0.23214,0.17289,0.41802,0.2553,0.14284,0.15099,0.20713,0.10813,0.17308,0.18777,0.097125,0.11039,0.18191,0.13681,0.18229,0.22278,0.18298,0.099544,0.16688,0.1377,0.25309,0.04616,0.1011,0.072209,0.036259,-0.03034,0.036285,0.12413,0.052764,0.04538,0.063124,0.2198,0.20277,0.30217,-0.023988,0.018084,0.0045817,0.37996,0.32156,0.28147,0.24802,0.24238,0.29539,0.49201,0.42471,0.56718,1,0.48368,0.33825,0.2196,0.3929,0.24637,0.29349,0.26878,0.19616
0.15342,0.18099,0.19996,0.085,0.10804,0.15497,0.071706,0.14403,0.15287,0.183,0.14883,0.072237,0.16132,0.11497,0.12769,0.018847,0.017994,0.084639,0.057504,0.036188,0.036362,0.07835,-0.0094148,0.096681,0.078843,0.10899,0.12335,0.11569,0.24428,0.2496,0.071832,0.10068,0.062602,0.3285,0.14628,0.075841,0.1947,0.33056,0.47749,0.3876,0.48514,0.46277,0.57541,0.64903,0.51864,0.33268,0.43071,0.23558,0.15024,0.25416,0.14265,0.20121,0.098818,0.13544,0.1318,0.060867,0.089417,0.1667,0.10263,0.15648,0.17841,0.14109,0.068915,0.16523,0.14687,0.23135,0.032753,0.097459,0.033783,0.030467,-0.023145,0.042184,0.086791,0.055392,0.27121,0.16085,0.25113,0.19763,0.38711,0.023683,0.1183,0.14009,0.48964,0.38226,0.5442,0.40119,0.20334,0.2443,0.69668,0.44412,0.49966,0.48368,1,0.41678,0.56372,0.22205,0.16129,0.33075,0.47821,0.29842
0.19516,0.19155,0.24717,0.15139,0.16399,0.21809,0.14857,0.15936,0.18074,0.24402,0.2038,0.16551,0.1746,0.21285,0.16051,0.15185,0.12493,0.12081,0.10594,0.14262,0.16457,0.18224,0.17608,0.18259,0.14326,0.14598,0.24025,0.16744,0.18754,0.229,0.21832,0.26133,0.21944,0.24934,0.18297,0.12991,0.18239,0.22793,0.2741,0.28814,0.24797,0.27886,0.32937,0.32914,0.29482,0.3367,0.33906,0.21633,0.17275,0.23956,0.1843,0.21555,0.15055,0.20589,0.19322,0.14059,0.15997,0.16348,0.14211,0.17381,0.25582,0.20086,0.15974,0.17229,0.18785,0.24402,0.14958,0.13207,0.10723,0.1398,0.14099,0.2464,0.17372,0.16929,0.27249,0.17897,0.31743,0.23509,0.26327,0.1769,0.2929,0.27744,0.34511,0.30627,0.38606,0.34014,0.18589,0.23769,0.35613,0.28126,0.27739,0.33825,0.41678,1,0.44114,0.2079,0.18646,0.23407,0.32226,0.26451
0.22997,0.22351,0.24883,0.19622,0.18993,0.2157,0.17538,0.16641,0.18859,0.24802,0.2041,0.19725,0.19509,0.23337,0.21084,0.15646,0.14899,0.12709,0.12166,0.16073,0.32033,0.21879,0.23477,0.22679,0.22204,0.23759,0.25165,0.13488,0.20467,0.21225,0.18216,0.27011,0.29013,0.22093,0.1278,0.14048,0.14187,0.12606,0.18696,0.15372,0.30033,0.41486,0.34149,0.3777,0.38438,0.38436,0.48384,0.095318,0.10666,0.39513,0.21961,0.24528,0.19773,0.21734,0.20058,0.17803,0.19957,0.16752,0.15168,0.17885,0.25982,0.20433,0.19591,0.19133,0.22435,0.29877,0.15967,0.14463,0.14458,0.17244,0.24316,0.31207,0.22425,0.25399,0.38551,0.27558,0.30806,0.20103,0.32432,0.19529,0.33421,0.42374,0.3142,0.2275,0.47616,0.33329,0.13967,0.20498,0.43377,0.20496,0.20075,0.2196,0.56372,0.44114,1,0.10416,0.13947,0.33046,0.53209,0.45283
0.26178,0.16469,0.31741,0.21109,0.28508,0.36001,0.26774,0.23285,0.24556,0.26658,0.24162,0.18211,0.22491,0.23872,0.23491,0.24651,0.1433,0.17859,0.20838,0.227,0.060096,0.14529,0.066596,0.26572,0.10296,0.11139,0.19291,0.106,0.19369,0.18083,0.19702,0.1867,0.10226,0.24679,0.34441,0.35036,0.19449,0.3926,0.46432,0.35907,0.26987,0.18552,0.3921,0.22693,0.19001,0.12702,0.10932,0.59733,0.39935,0.21018,0.27944,0.2238,0.20386,0.30753,0.37726,0.2347,0.17647,0.22937,0.22528,0.24026,0.26825,0.23883,0.16285,0.22132,0.21787,0.44045,0.24433,0.17962,0.25926,0.19876,0.087234,0.096094,0.23372,0.12789,0.083668,0.09875,0.17976,0.12477,0.22302,0.15333,0.14023,0.1234,0.30454,0.3707,0.25625,0.19623,0.22152,0.46689,0.35284,0.44745,0.48225,0.3929,0.22205,0.2079,0.10416,1,0.38534,0.25645,0.21074,0.2552
0.33339,0.16525,0.26168,0.31514,0.31879,0.30325,0.28213,0.25828,0.25749,0.27495,0.23609,0.21111,0.23919,0.38399,0.32487,0.33997,0.21677,0.23212,0.22297,0.26574,0.12106,0.18216,0.11967,0.25074,0.14824,0.10838,0.18493,0.10647,0.24173,0.18088,0.17912,0.20155,0.19937,0.1521,0.14462,0.29,0.08141,0.25451,0.25923,0.23236,0.25202,0.19209,0.24908,0.17216,0.13648,0.12073,0.14985,0.35856,0.36445,0.2663,0.38195,0.22115,0.33067,0.26419,0.33987,0.27313,0.22548,0.25558,0.25397,0.25122,0.27959,0.24328,0.19911,0.23338,0.37751,0.4446,0.34331,0.24812,0.26448,0.26303,0.16413,0.15718,0.22849,0.17701,0.064124,0.092072,0.13193,0.12134,0.29069,0.24175,0.17896,0.23149,0.24653,0.20537,0.17144,0.12428,0.091095,0.26718,0.21185,0.28285,0.24064,0.24637,0.16129,0.18646,0.13947,0.38534,1,0.27666,0.23575,0.2958
0.27818,0.14548,0.18875,0.24191,0.25347,0.23867,0.25645,0.31184,0.30711,0.35509,0.26853,0.26478,0.30056,0.27212,0.31473,0.17757,0.17796,0.22932,0.21826,0.1846,0.13617,0.21347,0.12501,0.20668,0.21384,0.10878,0.17753,0.092137,0.31563,0.15256,0.061726,0.11778,0.16959,0.15072,0.087949,0.16529,0.080058,0.18538,0.32307,0.26898,0.4913,0.4452,0.31516,0.30751,0.2423,0.21865,0.26344,0.25727,0.22153,0.43636,0.29541,0.19013,0.24158,0.1974,0.27649,0.2449,0.26638,0.32116,0.28641,0.30695,0.36865,0.29025,0.26267,0.29954,0.32406,0.37158,0.18701,0.26442,0.20293,0.18532,0.15241,0.19184,0.18893,0.19859,0.032989,0.076791,0.097791,0.12602,0.41362,0.10839,0.063687,0.2132,0.25806,0.13807,0.19984,0.11153,0.07525,0.1844,0.32959,0.20656,0.2988,0.29349,0.33075,0.23407,0.33046,0.25645,0.27666,1,0.55857,0.46794
0.34562,0.21625,0.27464,0.30358,0.3149,0.30874,0.33046,0.36109,0.36493,0.44779,0.32929,0.3389,0.36956,0.31557,0.37194,0.22264,0.22502,0.26484,0.26337,0.22762,0.27767,0.26817,0.21737,0.28448,0.29666,0.239,0.26807,0.11443,0.29712,0.2235,0.17226,0.21946,0.26316,0.26177,0.17076,0.21164,0.16014,0.19772,0.33326,0.23122,0.50211,0.59188,0.41357,0.38641,0.38259,0.31984,0.39341,0.21325,0.17856,0.55898,0.35553,0.26894,0.29468,0.28305,0.33989,0.32314,0.34147,0.36162,0.33429,0.35696,0.45968,0.34781,0.33135,0.36038,0.38271,0.41633,0.23978,0.29802,0.24983,0.23244,0.2527,0.284,0.27287,0.2923,0.2678,0.23161,0.23292,0.15932,0.40917,0.20283,0.18876,0.34477,0.34772,0.24936,0.38743,0.27611,0.15323,0.27488,0.47328,0.24814,0.30916,0.26878,0.47821,0.32226,0.53209,0.21074,0.23575,0.55857,1,0.61779
0.42334,0.2406,0.32461,0.42194,0.41012,0.39306,0.44104,0.36976,0.38842,0.46826,0.36188,0.41424,0.36653,0.44151,0.52786,0.37717,0.33262,0.29958,0.35383,0.37402,0.44637,0.35711,0.33991,0.43935,0.33996,0.3526,0.34684,0.10763,0.24961,0.18329,0.22366,0.2894,0.33711,0.20121,0.2262,0.39595,0.15278,0.17596,0.23038,0.1589,0.3093,0.36806,0.2687,0.1869,0.20543,0.25075,0.24389,0.23586,0.23198,0.63004,0.44551,0.30418,0.40972,0.36745,0.43175,0.43873,0.40645,0.34318,0.38449,0.36601,0.49115,0.37854,0.40241,0.35198,0.49557,0.63661,0.38459,0.33342,0.42456,0.39537,0.47006,0.42644,0.43252,0.428,0.30494,0.3634,0.28182,0.14562,0.34589,0.33939,0.30814,0.48885,0.22909,0.17125,0.3036,0.20425,0.1545,0.37382,0.34506,0.24003,0.22118,0.19616,0.29842,0.26451,0.45283,0.2552,0.2958,0.46794,0.61779,1
