1,0.44245,0.6546,0.79321,0.68262,0.58121,0.67117,0.44203,0.42506,0.44109,0.38978,0.39964,0.38565,0.58677,0.63452,0.53674,0.33764,0.36521,0.38406,0.37634,0.2929,0.30716,0.27822,0.40298,0.31953,0.27508,0.32207,0.12409,0.23636,0.16892,0.22979,0.2682,0.31144,0.20626,0.19697,0.33646,0.14727,0.16314,0.20973,0.17157,0.2581,0.29182,0.19752,0.16837,0.16967,0.19182,0.21713,0.26741,0.27275,0.41106,0.76072,0.55036,0.73922,0.64024,0.60374,0.701,0.45173,0.39692,0.43977,0.40102,0.44373,0.38837,0.36943,0.35372,0.6317,0.48456,0.55217,0.38493,0.40056,0.40612,0.35194,0.33436,0.40027,0.38263,0.15964,0.25667,0.23318,0.1335,0.24723,0.38306,0.26808,0.3781,0.18292,0.1433,0.19326,0.17983,0.14107,0.29736,0.17174,0.18853,0.16874,0.16757,0.15855,0.19868,0.22563,0.27556,0.34363,0.28764,0.34384,0.42182
0.44245,1,0.49751,0.40033,0.2063,0.265,0.22694,0.18883,0.21764,0.25255,0.21689,0.19345,0.17945,0.36357,0.2984,0.28355,0.12554,0.14118,0.16243,0.15501,0.19286,0.20065,0.17447,0.229,0.17095,0.24096,0.24392,0.11998,0.14308,0.18647,0.21668,0.23461,0.19052,0.24928,0.24364,0.18371,0.21831,0.16274,0.2376,0.17982,0.16123,0.20403,0.21858,0.18755,0.20799,0.15937,0.21461,0.1664,0.13156,0.22691,0.2827,0.83031,0.41452,0.33398,0.21494,0.27195,0.21683,0.16711,0.1802,0.2001,0.25471,0.20284,0.18119,0.1568,0.39079,0.23659,0.30411,0.14406,0.1758,0.16772,0.19287,0.2255,0.23345,0.21569,0.22118,0.24228,0.24238,0.12488,0.15493,0.25375,0.25942,0.24418,0.20726,0.20999,0.24012,0.24194,0.21898,0.27875,0.199,0.18271,0.22371,0.18472,0.19736,0.18959,0.22505,0.16142,0.16221,0.1479,0.20975,0.23829
0.6546,0.49751,1,0.60618,0.55438,0.63827,0.57344,0.31724,0.33778,0.37304,0.34746,0.31564,0.30884,0.41334,0.41373,0.41376,0.26164,0.25545,0.30996,0.32711,0.28406,0.27565,0.25875,0.38493,0.26804,0.30601,0.36498,0.15275,0.18349,0.21441,0.3162,0.34098,0.29918,0.29053,0.32571,0.36115,0.23803,0.25113,0.29611,0.23011,0.19425,0.25426,0.27961,0.22,0.24552,0.2193,0.25076,0.32539,0.25213,0.31936,0.55804,0.63239,0.53188,0.76283,0.54899,0.59396,0.336,0.27833,0.31807,0.31263,0.38447,0.33574,0.28625,0.28305,0.40534,0.39358,0.4167,0.25562,0.34944,0.32323,0.29274,0.30735,0.37246,0.32728,0.25068,0.28628,0.32658,0.15191,0.19291,0.33282,0.31988,0.32389,0.23686,0.26847,0.28913,0.25738,0.2349,0.39332,0.23551,0.26703,0.25886,0.22746,0.20966,0.24679,0.24887,0.32278,0.26787,0.19911,0.27652,0.33419
0.79321,0.40033,0.60618,1,0.72159,0.61504,0.78457,0.44993,0.42503,0.42293,0.37184,0.38706,0.36367,0.61823,0.71584,0.66333,0.34098,0.37765,0.42868,0.40596,0.3115,0.31881,0.29517,0.44481,0.32429,0.30578,0.32261,0.11224,0.2059,0.12651,0.21288,0.23548,0.30206,0.17172,0.20042,0.37869,0.13684,0.092816,0.14482,0.11782,0.19113,0.22627,0.11047,0.090886,0.096679,0.15882,0.15271,0.2191,0.25155,0.39921,0.78182,0.53098,0.89217,0.67556,0.64992,0.83498,0.49409,0.39229,0.46906,0.39479,0.42829,0.36752,0.36416,0.32464,0.6944,0.50857,0.68168,0.3932,0.45946,0.45022,0.39222,0.36475,0.44646,0.41316,0.1582,0.29279,0.22792,0.12112,0.21043,0.44319,0.2724,0.40217,0.11829,0.076844,0.13206,0.14589,0.13367,0.30228,0.09655,0.12431,0.1082,0.11093,0.09076,0.15425,0.19019,0.23287,0.32552,0.24767,0.29825,0.42051
0.68262,0.2063,0.55438,0.72159,1,0.69029,0.76111,0.42573,0.41539,0.43564,0.3936,0.40649,0.37599,0.4755,0.57886,0.49179,0.32536,0.33643,0.39665,0.38238,0.31164,0.31089,0.29266,0.43744,0.31999,0.29086,0.3316,0.10564,0.20242,0.13062,0.20423,0.24465,0.27966,0.17961,0.21932,0.37812,0.13792,0.14961,0.17851,0.14633,0.21038,0.24585,0.16156,0.12044,0.12396,0.17649,0.16242,0.29798,0.30305,0.39331,0.71902,0.35784,0.64537,0.69375,0.70441,0.74576,0.46456,0.37746,0.43249,0.38909,0.44079,0.39073,0.37654,0.34385,0.51737,0.47501,0.49683,0.35369,0.43157,0.40532,0.36718,0.34265,0.43075,0.39437,0.14599,0.26683,0.23083,0.11146,0.20958,0.33228,0.23526,0.33768,0.12794,0.11028,0.15125,0.1417,0.13318,0.31325,0.1383,0.17089,0.13854,0.14088,0.10788,0.16746,0.18231,0.30376,0.32895,0.26226,0.31191,0.4108
0.58121,0.265,0.63827,0.61504,0.69029,1,0.74396,0.40599,0.41837,0.44308,0.422,0.4122,0.37978,0.41125,0.48419,0.43448,0.30869,0.30516,0.39297,0.3792,0.3257,0.32372,0.31635,0.46822,0.335,0.33031,0.39945,0.12708,0.19632,0.16017,0.2505,0.28571,0.28392,0.23914,0.30782,0.41295,0.20356,0.21889,0.26691,0.21996,0.20984,0.25033,0.23271,0.16958,0.17595,0.21884,0.18534,0.40201,0.3037,0.36993,0.60876,0.41101,0.53806,0.77243,0.73924,0.69934,0.45946,0.35277,0.40566,0.38943,0.45733,0.41264,0.38073,0.34702,0.42953,0.45545,0.43721,0.3174,0.43141,0.38734,0.36564,0.36401,0.4561,0.41586,0.19415,0.29968,0.30973,0.13014,0.20328,0.31946,0.26255,0.32895,0.17235,0.19133,0.21597,0.18702,0.20077,0.39191,0.20166,0.23755,0.22686,0.21454,0.15418,0.21776,0.20782,0.37382,0.31074,0.24454,0.30655,0.39923
0.67117,0.22694,0.57344,0.78457,0.76111,0.74396,1,0.48385,0.47388,0.46455,0.42586,0.45906,0.41842,0.45992,0.63105,0.49525,0.33746,0.34929,0.46075,0.39574,0.35386,0.34197,0.33809,0.49071,0.36997,0.34502,0.3727,0.10459,0.18564,0.1064,0.2033,0.23733,0.27385,0.18417,0.27996,0.40912,0.16749,0.11466,0.17318,0.13036,0.18218,0.23409,0.12373,0.083907,0.093298,0.17206,0.128,0.28472,0.24224,0.41586,0.71018,0.38726,0.67827,0.75397,0.76561,0.8808,0.54309,0.42232,0.49638,0.44326,0.47737,0.42822,0.43377,0.38055,0.53918,0.482,0.51296,0.37065,0.49292,0.42799,0.42216,0.39623,0.49042,0.45774,0.15851,0.31752,0.25313,0.10537,0.1912,0.34103,0.2392,0.34603,0.085406,0.0876,0.12357,0.13432,0.16048,0.35129,0.10354,0.13527,0.13245,0.11953,0.070876,0.14846,0.16761,0.28492,0.28898,0.2583,0.32214,0.43943
0.44203,0.18883,0.31724,0.44993,0.42573,0.40599,0.48385,1,0.69147,0.51968,0.51817,0.58047,0.58536,0.40788,0.49485,0.40144,0.47443,0.60645,0.5706,0.44753,0.2627,0.31835,0.27818,0.38916,0.43773,0.21664,0.32014,0.10918,0.24521,0.15688,0.17745,0.21878,0.30433,0.1771,0.09295,0.2893,0.1057,0.19704,0.22705,0.2073,0.30208,0.31315,0.20178,0.19979,0.16398,0.17211,0.20439,0.2582,0.21691,0.39797,0.44096,0.27704,0.39868,0.37315,0.46248,0.46744,0.54492,0.69973,0.62725,0.64689,0.5209,0.51904,0.49348,0.54549,0.46956,0.40066,0.38951,0.58074,0.43459,0.43631,0.3375,0.30378,0.37017,0.42267,0.055074,0.15819,0.16664,0.10825,0.24652,0.28728,0.15391,0.30484,0.16669,0.11952,0.13027,0.11459,0.087277,0.19505,0.15501,0.19201,0.17832,0.18839,0.15354,0.16737,0.15816,0.25389,0.27094,0.31995,0.35649,0.37167
0.42506,0.21764,0.33778,0.42503,0.41539,0.41837,0.47388,0.69147,1,0.54741,0.55277,0.57971,0.59638,0.39475,0.47484,0.3792,0.40808,0.44714,0.58386,0.43727,0.32758,0.35264,0.31908,0.47047,0.47838,0.25593,0.38427,0.1227,0.24093,0.16238,0.19639,0.24542,0.3159,0.1939,0.12926,0.33256,0.13274,0.20338,0.2341,0.21604,0.28595,0.30595,0.20811,0.2064,0.17259,0.19439,0.21883,0.27032,0.22412,0.41441,0.42566,0.29922,0.38336,0.38197,0.46512,0.45289,0.5653,0.62632,0.61564,0.80053,0.57186,0.55941,0.52428,0.56641,0.45019,0.41451,0.37787,0.47747,0.49834,0.44674,0.39556,0.36098,0.44202,0.48502,0.093125,0.1984,0.21409,0.11791,0.24635,0.28519,0.18936,0.32789,0.16757,0.12831,0.14583,0.13033,0.11221,0.22658,0.15611,0.19698,0.18057,0.19569,0.16148,0.18906,0.18412,0.26602,0.27447,0.31786,0.3648,0.39602
0.44109,0.25255,0.37304,0.42293,0.43564,0.44308,0.46455,0.51968,0.54741,1,0.57029,0.58712,0.53402,0.42271,0.48638,0.36707,0.39605,0.37774,0.43066,0.38746,0.4059,0.45827,0.37397,0.44208,0.38817,0.29666,0.40098,0.1433,0.25463,0.21036,0.24894,0.315,0.35046,0.24428,0.20224,0.32364,0.19366,0.23081,0.25154,0.23353,0.31259,0.3544,0.23876,0.20047,0.19473,0.24133,0.24144,0.28512,0.25125,0.51582,0.44092,0.32519,0.37778,0.40913,0.46822,0.44163,0.50974,0.46391,0.47277,0.51461,0.72954,0.52651,0.51298,0.48656,0.43833,0.43043,0.36177,0.3988,0.40144,0.39318,0.43466,0.43058,0.43963,0.44909,0.20506,0.27174,0.3081,0.14911,0.25079,0.31884,0.29012,0.38851,0.21861,0.2009,0.22919,0.22028,0.19134,0.308,0.203,0.2486,0.21522,0.2331,0.18897,0.25329,0.24723,0.28341,0.29037,0.36554,0.4516,0.47616
0.38978,0.21689,0.34746,0.37184,0.3936,0.422,0.42586,0.51817,0.55277,0.57029,1,0.59672,0.52674,0.35362,0.40827,0.31745,0.38236,0.36892,0.44809,0.35448,0.3602,0.40149,0.36875,0.4273,0.38678,0.27073,0.39183,0.12553,0.21932,0.16133,0.20115,0.25949,0.29669,0.20466,0.18823,0.29607,0.17439,0.18591,0.22606,0.2133,0.25026,0.27806,0.20292,0.1842,0.16754,0.2178,0.2116,0.26131,0.22112,0.38693,0.39299,0.29059,0.33311,0.39175,0.43804,0.4067,0.48325,0.44849,0.47031,0.52051,0.56884,0.54968,0.51868,0.4958,0.37301,0.3644,0.31406,0.39159,0.40416,0.36132,0.4138,0.4008,0.42401,0.44341,0.14272,0.22798,0.26521,0.12788,0.21994,0.2657,0.22128,0.31135,0.16176,0.14563,0.16964,0.15519,0.16502,0.2631,0.16501,0.18856,0.18877,0.20304,0.15625,0.21174,0.20092,0.25846,0.25015,0.27622,0.32945,0.36682
0.39964,0.19345,0.31564,0.38706,0.40649,0.4122,0.45906,0.58047,0.57971,0.58712,0.59672,1,0.62697,0.39669,0.47224,0.35935,0.57433,0.47909,0.54308,0.46223,0.53721,0.47186,0.53341,0.48669,0.53536,0.36743,0.45518,0.11817,0.21007,0.13448,0.20846,0.29842,0.41913,0.16665,0.16655,0.32989,0.15093,0.12331,0.12796,0.13081,0.20713,0.2502,0.11025,0.10242,0.10163,0.20872,0.18667,0.19349,0.18431,0.45563,0.40266,0.26549,0.33616,0.3787,0.44398,0.43665,0.57314,0.47247,0.53655,0.53366,0.58104,0.59183,0.70634,0.5722,0.40482,0.40174,0.34024,0.50915,0.48566,0.47378,0.61087,0.53596,0.49481,0.59434,0.15577,0.30881,0.27342,0.11264,0.19575,0.32177,0.26527,0.42275,0.08237,0.06734,0.11369,0.11968,0.13613,0.23359,0.074968,0.12468,0.092334,0.11606,0.079782,0.17343,0.19619,0.19817,0.22448,0.27044,0.33723,0.41679
0.38565,0.17945,0.30884,0.36367,0.37599,0.37978,0.41842,0.58536,0.59638,0.53402,0.52674,0.62697,1,0.3535,0.42171,0.31486,0.40524,0.38601,0.41042,0.36065,0.29101,0.32636,0.31381,0.34945,0.44056,0.21752,0.33201,0.11242,0.232,0.16407,0.18475,0.24247,0.33481,0.17787,0.094319,0.2526,0.10583,0.19751,0.2133,0.19395,0.29405,0.32903,0.2128,0.21703,0.19563,0.19764,0.2409,0.24038,0.20208,0.40692,0.3861,0.25667,0.32401,0.34442,0.41936,0.39291,0.59987,0.53637,0.49034,0.58168,0.52537,0.54491,0.5976,0.86115,0.39288,0.36444,0.31074,0.43721,0.35562,0.36196,0.33222,0.32901,0.3407,0.42442,0.083805,0.15556,0.18697,0.10417,0.23151,0.24759,0.16488,0.31256,0.16575,0.13381,0.15674,0.12408,0.087008,0.18567,0.16221,0.19146,0.16543,0.17567,0.16883,0.1816,0.19158,0.23973,0.24665,0.30738,0.37226,0.3658
0.58677,0.36357,0.41334,0.61823,0.4755,0.41125,0.45992,0.40788,0.39475,0.42271,0.35362,0.39669,0.3535,1,0.64757,0.73201,0.54564,0.49178,0.42304,0.52518,0.42479,0.34503,0.32593,0.41988,0.31561,0.29545,0.34605,0.17023,0.30734,0.3318,0.45872,0.46414,0.53334,0.22169,0.1859,0.44815,0.12399,0.24444,0.17715,0.13039,0.23429,0.28403,0.24157,0.15226,0.18452,0.17934,0.28608,0.23751,0.32119,0.50243,0.56238,0.42495,0.62578,0.40653,0.439,0.47592,0.38169,0.36576,0.42784,0.36782,0.4061,0.35241,0.3369,0.31801,0.74292,0.60488,0.6876,0.48786,0.46307,0.51377,0.44385,0.36074,0.3986,0.38317,0.22482,0.2563,0.23293,0.16031,0.29798,0.59247,0.41141,0.53001,0.2514,0.19061,0.21174,0.18285,0.1098,0.29628,0.14267,0.21967,0.12163,0.11407,0.12752,0.21429,0.2357,0.25013,0.39214,0.28091,0.31359,0.44702
0.63452,0.2984,0.41373,0.71584,0.57886,0.48419,0.63105,0.49485,0.47484,0.48638,0.40827,0.47224,0.42171,0.64757,1,0.57721,0.44536,0.4474,0.48984,0.45591,0.40528,0.35255,0.31897,0.45827,0.35829,0.30384,0.32458,0.11563,0.25372,0.16394,0.21475,0.25647,0.34326,0.17467,0.16747,0.41385,0.11675,0.15079,0.19331,0.14582,0.25979,0.27997,0.18685,0.13023,0.12038,0.16724,0.17139,0.23921,0.25711,0.55491,0.62883,0.39624,0.66928,0.4759,0.53929,0.64099,0.48188,0.43387,0.51114,0.44262,0.4656,0.40885,0.41838,0.38012,0.72653,0.6482,0.5699,0.4651,0.50301,0.47809,0.46582,0.37463,0.44529,0.43093,0.13938,0.2692,0.19965,0.12262,0.27029,0.41676,0.25401,0.42472,0.13503,0.080428,0.14197,0.13155,0.10771,0.29274,0.14808,0.16788,0.15032,0.14279,0.13086,0.16464,0.20583,0.24949,0.33644,0.31837,0.36764,0.53728
0.53674,0.28355,0.41376,0.66333,0.49179,0.43448,0.49525,0.40144,0.3792,0.36707,0.31745,0.35935,0.31486,0.73201,0.57721,1,0.57713,0.54266,0.49396,0.64974,0.41847,0.30839,0.33383,0.45491,0.33109,0.34298,0.35595,0.1371,0.20374,0.24197,0.532,0.46461,0.54421,0.21255,0.25361,0.57674,0.12058,0.23004,0.10949,0.054357,0.096108,0.15732,0.16005,0.044949,0.11308,0.13141,0.17971,0.22533,0.29558,0.39658,0.53942,0.37027,0.6588,0.43828,0.46127,0.51239,0.37356,0.34414,0.44075,0.34584,0.36743,0.3184,0.30689,0.28447,0.64523,0.5903,0.84848,0.51401,0.55749,0.62206,0.45848,0.3638,0.433,0.40057,0.26579,0.31797,0.25621,0.1317,0.19496,0.7024,0.43756,0.54871,0.19445,0.20653,0.19461,0.19025,0.1145,0.3721,0.075375,0.23297,0.06299,0.044729,0.033618,0.15659,0.16034,0.25685,0.34712,0.18761,0.21812,0.38077
0.33764,0.12554,0.26164,0.34098,0.32536,0.30869,0.33746,0.47443,0.40808,0.39605,0.38236,0.57433,0.40524,0.54564,0.44536,0.57713,1,0.67189,0.5381,0.60121,0.54294,0.36917,0.43032,0.42263,0.40922,0.33125,0.36644,0.1188,0.18153,0.16519,0.37271,0.39495,0.54566,0.13197,0.12091,0.43001,0.078512,0.14911,0.037926,0.036196,0.096606,0.14311,0.081896,0.044022,0.068149,0.13352,0.15594,0.13717,0.18519,0.3808,0.33298,0.19466,0.31478,0.28861,0.33609,0.32269,0.36968,0.38313,0.4701,0.3716,0.38702,0.40604,0.47717,0.36427,0.45465,0.44196,0.50128,0.65352,0.52209,0.57202,0.6016,0.42637,0.41094,0.45938,0.19143,0.27756,0.21167,0.10392,0.17242,0.52536,0.35181,0.49536,0.0827,0.0632,0.10246,0.097558,0.059351,0.19345,0.01968,0.12963,-0.00079359,0.017606,0.02624,0.12911,0.14629,0.15065,0.22036,0.17856,0.21605,0.3274
0.36521,0.14118,0.25545,0.37765,0.33643,0.30516,0.34929,0.60645,0.44714,0.37774,0.36892,0.47909,0.38601,0.49178,0.4474,0.54266,0.67189,1,0.56496,0.53021,0.3147,0.2736,0.27806,0.33709,0.36385,0.23527,0.28589,0.09609,0.20578,0.14563,0.28129,0.26522,0.3881,0.14865,0.091991,0.34748,0.073119,0.16848,0.14427,0.12005,0.20444,0.22038,0.14811,0.12535,0.1177,0.13022,0.15623,0.18569,0.18922,0.33142,0.35895,0.21305,0.35521,0.28227,0.3444,0.34054,0.34568,0.4887,0.53168,0.41105,0.37261,0.38874,0.38668,0.35632,0.47824,0.39495,0.49118,0.69534,0.46794,0.50829,0.39796,0.28371,0.31805,0.36298,0.094767,0.18046,0.15204,0.09532,0.20479,0.44161,0.21633,0.36232,0.13796,0.11082,0.11774,0.10494,0.059334,0.18137,0.10265,0.16668,0.10283,0.10337,0.093182,0.12712,0.12276,0.18911,0.23755,0.23371,0.25983,0.29939
0.38406,0.16243,0.30996,0.42868,0.39665,0.39297,0.46075,0.5706,0.58386,0.43066,0.44809,0.54308,0.41042,0.42304,0.48984,0.49396,0.5381,0.56496,1,0.54066,0.44868,0.35399,0.34824,0.51697,0.42666,0.34689,0.37378,0.093451,0.18604,0.10467,0.21182,0.22793,0.3034,0.15393,0.18317,0.50252,0.12714,0.13605,0.15341,0.11799,0.16329,0.17863,0.11694,0.080292,0.070352,0.13163,0.099579,0.21503,0.19724,0.36498,0.38783,0.24576,0.37937,0.36769,0.42628,0.45165,0.41883,0.45815,0.61702,0.52557,0.45072,0.46287,0.45664,0.38089,0.43811,0.45324,0.46623,0.53885,0.70298,0.5443,0.52827,0.38438,0.49867,0.48183,0.11785,0.28788,0.20712,0.093162,0.18952,0.36686,0.21135,0.32128,0.081136,0.077698,0.087453,0.09704,0.11815,0.27658,0.084067,0.14825,0.12014,0.10876,0.066314,0.11452,0.11845,0.22513,0.23517,0.2247,0.25893,0.36312
0.37634,0.15501,0.32711,0.40596,0.38238,0.3792,0.39574,0.44753,0.43727,0.38746,0.35448,0.46223,0.36065,0.52518,0.45591,0.64974,0.60121,0.53021,0.54066,1,0.5167,0.34107,0.4352,0.50169,0.48457,0.46758,0.45808,0.11472,0.17054,0.19324,0.43312,0.45586,0.55484,0.22461,0.22623,0.59025,0.11419,0.29855,0.078808,0.071999,0.077063,0.13433,0.13692,0.06354,0.12471,0.15821,0.15339,0.21637,0.25022,0.39865,0.38382,0.23491,0.37645,0.36046,0.39499,0.38009,0.38676,0.36412,0.44948,0.3907,0.38671,0.3646,0.38848,0.32339,0.44196,0.52131,0.57782,0.49732,0.58344,0.69224,0.52358,0.42599,0.47393,0.51643,0.25282,0.39683,0.30649,0.095821,0.16512,0.53585,0.37866,0.51772,0.11687,0.1402,0.18175,0.15835,0.098396,0.33165,0.066261,0.27283,0.038031,0.058887,0.043934,0.14661,0.15972,0.24265,0.27946,0.18927,0.22068,0.38129
0.2929,0.19286,0.28406,0.3115,0.31164,0.3257,0.35386,0.2627,0.32758,0.4059,0.3602,0.53721,0.29101,0.42479,0.40528,0.41847,0.54294,0.3147,0.44868,0.5167,1,0.462,0.58633,0.56174,0.46368,0.56898,0.49541,0.12548,0.1278,0.19341,0.38091,0.46308,0.53855,0.192,0.27833,0.49176,0.19092,0.095019,-0.030179,-0.033001,0.0077322,0.17062,0.098121,0.030334,0.1182,0.23068,0.2394,0.054294,0.12199,0.51687,0.29152,0.23804,0.27389,0.3247,0.32244,0.35039,0.36986,0.1845,0.33378,0.27879,0.39787,0.35502,0.45084,0.24081,0.3186,0.433,0.36083,0.30389,0.53025,0.49289,0.73436,0.59203,0.55699,0.56905,0.40643,0.51488,0.35683,0.10567,0.12672,0.42327,0.43852,0.53073,0.010324,0.023542,0.15789,0.15214,0.16514,0.30127,0.019095,0.063817,-0.059476,-0.043661,0.044101,0.16968,0.32201,0.077389,0.1347,0.14007,0.271,0.4536
0.30716,0.20065,0.27565,0.31881,0.31089,0.32372,0.34197,0.31835,0.35264,0.45827,0.40149,0.47186,0.32636,0.34503,0.35255,0.30839,0.36917,0.2736,0.35399,0.34107,0.462,1,0.43051,0.41738,0.32141,0.34268,0.38434,0.12941,0.20334,0.14396,0.21775,0.29971,0.32684,0.16596,0.20183,0.31197,0.16696,0.11183,0.092191,0.11482,0.13569,0.17227,0.091376,0.072662,0.080324,0.21956,0.16873,0.15287,0.17722,0.37182,0.30835,0.24625,0.28549,0.3109,0.33084,0.33782,0.35428,0.26026,0.32636,0.31612,0.44543,0.3862,0.4129,0.28968,0.31337,0.34006,0.28992,0.2818,0.37164,0.34247,0.47484,0.46404,0.41833,0.42267,0.22008,0.31077,0.29126,0.12221,0.18162,0.28513,0.29678,0.3561,0.081696,0.074048,0.12878,0.13335,0.16014,0.25276,0.071083,0.11173,0.0767,0.11009,0.084819,0.18705,0.21728,0.15998,0.19445,0.21799,0.26755,0.363
0.27822,0.17447,0.25875,0.29517,0.29266,0.31635,0.33809,0.27818,0.31908,0.37397,0.36875,0.53341,0.31381,0.32593,0.31897,0.33383,0.43032,0.27806,0.34824,0.4352,0.58633,0.43051,1,0.44711,0.46818,0.51702,0.51816,0.11165,0.11088,0.11289,0.29129,0.39483,0.47126,0.18968,0.2283,0.33445,0.16287,0.071262,-0.039211,0.021776,0.0060727,0.11678,-0.0033217,0.0055295,0.060796,0.27262,0.17991,0.05856,0.10536,0.36062,0.27902,0.21855,0.26001,0.30962,0.31248,0.33162,0.3837,0.20471,0.29914,0.27675,0.38054,0.35921,0.46568,0.26831,0.27805,0.29876,0.30659,0.2865,0.38548,0.43036,0.57908,0.58656,0.45572,0.56202,0.29196,0.4522,0.39035,0.087442,0.080294,0.35349,0.37046,0.47145,-0.017875,0.018851,0.11185,0.12343,0.14406,0.23739,-0.043135,0.05603,-0.06387,-0.0054992,-0.0068391,0.17425,0.23566,0.072707,0.12311,0.12495,0.21121,0.34248
0.40298,0.229,0.38493,0.44481,0.43744,0.46822,0.49071,0.38916,0.47047,0.44208,0.4273,0.48669,0.34945,0.41988,0.45827,0.45491,0.42263,0.33709,0.51697,0.50169,0.56174,0.41738,0.44711,1,0.40255,0.49444,0.48451,0.1261,0.1626,0.15274,0.28588,0.3363,0.34786,0.24214,0.355,0.55814,0.25865,0.20508,0.17473,0.14438,0.098337,0.15534,0.16597,0.084841,0.10394,0.20597,0.12987,0.26711,0.25061,0.41439,0.42289,0.31003,0.40513,0.44959,0.47454,0.48318,0.43384,0.32202,0.43875,0.41203,0.46853,0.42556,0.43467,0.31849,0.39528,0.50369,0.43509,0.33845,0.58794,0.49741,0.56995,0.49581,0.60983,0.53051,0.29469,0.45773,0.36432,0.12046,0.18312,0.37308,0.33929,0.40782,0.096533,0.12406,0.17768,0.17672,0.23899,0.43014,0.13908,0.21401,0.14972,0.14578,0.10739,0.19175,0.22711,0.28271,0.26332,0.21207,0.28165,0.45157
0.31953,0.17095,0.26804,0.32429,0.31999,0.335,0.36997,0.43773,0.47838,0.38817,0.38678,0.53536,0.44056,0.31561,0.35829,0.33109,0.40922,0.36385,0.42666,0.48457,0.46368,0.32141,0.46818,0.40255,1,0.42314,0.4914,0.083987,0.16118,0.097292,0.20214,0.27446,0.44028,0.15474,0.11992,0.29403,0.10465,0.10275,0.067923,0.092536,0.16357,0.25384,0.081317,0.15845,0.15688,0.23242,0.22676,0.10767,0.1141,0.38899,0.32106,0.23179,0.29289,0.31844,0.34991,0.35344,0.47271,0.35868,0.40338,0.43196,0.40337,0.40067,0.48373,0.39135,0.33293,0.30327,0.31663,0.38096,0.40007,0.46288,0.46282,0.43935,0.39606,0.5824,0.13359,0.3157,0.27146,0.067701,0.15253,0.29283,0.20752,0.40441,0.031269,0.018384,0.10372,0.079323,0.07932,0.16302,0.027702,0.087636,0.019797,0.057342,0.089997,0.14531,0.22318,0.11433,0.16022,0.2232,0.29787,0.34168
0.27508,0.24096,0.30601,0.30578,0.29086,0.33031,0.34502,0.21664,0.25593,0.29666,0.27073,0.36743,0.21752,0.29545,0.30384,0.34298,0.33125,0.23527,0.34689,0.46758,0.56898,0.34268,0.51702,0.49444,0.42314,1,0.54956,0.088416,0.075447,0.12777,0.3123,0.40394,0.35932,0.40235,0.39718,0.50101,0.27071,0.22736,0.070367,0.094021,0.008805,0.13405,0.12385,0.12763,0.17624,0.25869,0.14433,0.11199,0.11163,0.33325,0.27272,0.28171,0.27084,0.34149,0.30586,0.34357,0.30212,0.15313,0.25071,0.21331,0.30023,0.26104,0.31774,0.17306,0.26088,0.31898,0.31631,0.21216,0.43185,0.42165,0.49221,0.48654,0.4882,0.50409,0.3936,0.69106,0.46049,0.05263,0.078365,0.32903,0.35449,0.36809,-0.0010608,0.08414,0.20171,0.22866,0.24682,0.40247,0.091657,0.19873,0.040635,0.060177,0.11247,0.14577,0.23776,0.12074,0.11148,0.10174,0.22519,0.35396
0.32207,0.24392,0.36498,0.32261,0.3316,0.39945,0.3727,0.32014,0.38427,0.40098,0.39183,0.45518,0.33201,0.34605,0.32458,0.35595,0.36644,0.28589,0.37378,0.45808,0.49541,0.38434,0.51816,0.48451,0.4914,0.54956,1,0.14476,0.15393,0.19567,0.35873,0.4292,0.43053,0.32354,0.33973,0.40481,0.27794,0.25312,0.15923,0.20769,0.1027,0.2048,0.17786,0.19573,0.2035,0.2988,0.2374,0.20449,0.18061,0.35708,0.32006,0.30635,0.29271,0.39339,0.37694,0.36428,0.387,0.26345,0.33103,0.34208,0.42801,0.39145,0.41479,0.29721,0.31296,0.33916,0.33345,0.287,0.40984,0.42335,0.47314,0.51125,0.47706,0.54866,0.30015,0.46502,0.48394,0.11284,0.14821,0.3436,0.35602,0.40853,0.10541,0.15132,0.21135,0.20118,0.23894,0.35038,0.10023,0.20919,0.10808,0.15782,0.1315,0.24084,0.25139,0.20199,0.19161,0.17996,0.26314,0.35104
0.12409,0.11998,0.15275,0.11224,0.10564,0.12708,0.10459,0.10918,0.1227,0.1433,0.12553,0.11817,0.11242,0.17023,0.11563,0.1371,0.1188,0.09609,0.093451,0.11472,0.12548,0.12941,0.11165,0.1261,0.083987,0.088416,0.14476,1,0.1461,0.19593,0.19019,0.23418,0.17633,0.19572,0.12004,0.10951,0.12421,0.16748,0.16296,0.18971,0.13709,0.15015,0.19667,0.18126,0.16667,0.15638,0.23422,0.13012,0.11719,0.14397,0.11596,0.13924,0.10964,0.12581,0.11568,0.10411,0.10178,0.10546,0.10604,0.11457,0.14428,0.12061,0.10279,0.10382,0.13121,0.13882,0.11845,0.095784,0.092849,0.094811,0.10175,0.11329,0.10778,0.09346,0.093783,0.05145,0.11561,0.11443,0.11994,0.12026,0.15319,0.13104,0.16097,0.13551,0.12092,0.1236,0.092582,0.11183,0.10723,0.10603,0.11748,0.14528,0.11539,0.16675,0.13118,0.11206,0.11277,0.097155,0.11567,0.11382
0.23636,0.14308,0.18349,0.2059,0.20242,0.19632,0.18564,0.24521,0.24093,0.25463,0.21932,0.21007,0.232,0.30734,0.25372,0.20374,0.18153,0.20578,0.18604,0.17054,0.1278,0.20334,0.11088,0.1626,0.16118,0.075447,0.15393,0.1461,1,0.2487,0.12614,0.18342,0.20265,0.15225,0.056217,0.14114,0.079282,0.20241,0.27746,0.25574,0.4343,0.361,0.30919,0.31333,0.24295,0.20972,0.31666,0.21491,0.24498,0.30918,0.23571,0.17692,0.20767,0.16817,0.20864,0.17939,0.18748,0.23362,0.21548,0.23151,0.23814,0.21699,0.17612,0.21376,0.28037,0.27665,0.18892,0.21257,0.16336,0.15496,0.11169,0.11565,0.14112,0.14379,0.01038,0.0073177,0.071152,0.12507,0.34611,0.12655,0.072867,0.15558,0.23829,0.12899,0.1333,0.070689,0.059882,0.11323,0.22581,0.15564,0.22629,0.23382,0.24905,0.19326,0.20639,0.20094,0.25371,0.32775,0.3047,0.25803
0.16892,0.18647,0.21441,0.12651,0.13062,0.16017,0.1064,0.15688,0.16238,0.21036,0.16133,0.13448,0.16407,0.3318,0.16394,0.24197,0.16519,0.14563,0.10467,0.19324,0.19341,0.14396,0.11289,0.15274,0.097292,0.12777,0.19567,0.19593,0.2487,1,0.49691,0.47842,0.34692,0.36988,0.20931,0.2,0.19939,0.43082,0.30642,0.19701,0.2759,0.35082,0.51407,0.34452,0.42164,0.16325,0.46163,0.20202,0.19059,0.29277,0.14757,0.20393,0.12312,0.15376,0.14262,0.10557,0.1184,0.15429,0.13358,0.15719,0.19987,0.14666,0.10423,0.14973,0.20158,0.24953,0.19429,0.12504,0.10289,0.13112,0.089725,0.10897,0.12525,0.093022,0.31841,0.10614,0.19082,0.15817,0.21675,0.2476,0.30864,0.22492,0.47532,0.42158,0.35549,0.32847,0.1677,0.22705,0.31993,0.31388,0.22721,0.16864,0.25516,0.23018,0.22289,0.18275,0.17968,0.15379,0.22308,0.19273
0.22979,0.21668,0.3162,0.21288,0.20423,0.2505,0.2033,0.17745,0.19639,0.24894,0.20115,0.20846,0.18475,0.45872,0.21475,0.532,0.37271,0.28129,0.21182,0.43312,0.38091,0.21775,0.29129,0.28588,0.20214,0.3123,0.35873,0.19019,0.12614,0.49691,1,0.75263,0.61084,0.42679,0.46668,0.41789,0.27747,0.42093,0.18849,0.018256,0.011063,0.21611,0.38722,0.11977,0.34861,0.14661,0.36237,0.18589,0.18278,0.32288,0.20358,0.249,0.19256,0.26455,0.22158,0.20745,0.16913,0.16093,0.19794,0.1783,0.25231,0.19205,0.16624,0.16622,0.27377,0.33608,0.45328,0.22945,0.26807,0.34843,0.27908,0.28161,0.2631,0.23445,0.55539,0.32043,0.37229,0.15276,0.098375,0.61263,0.60757,0.47518,0.40705,0.5721,0.45776,0.44363,0.25685,0.46882,0.20031,0.36448,0.1307,0.0072165,0.081284,0.21831,0.19677,0.19252,0.17748,0.063969,0.16646,0.23466
0.2682,0.23461,0.34098,0.23548,0.24465,0.28571,0.23733,0.21878,0.24542,0.315,0.25949,0.29842,0.24247,0.46414,0.25647,0.46461,0.39495,0.26522,0.22793,0.45586,0.46308,0.29971,0.39483,0.3363,0.27446,0.40394,0.4292,0.23418,0.18342,0.47842,0.75263,1,0.6837,0.45389,0.35065,0.40347,0.23105,0.44708,0.16584,0.081908,0.080261,0.26033,0.35792,0.21894,0.38737,0.23395,0.5054,0.19862,0.21104,0.39255,0.24562,0.27597,0.21599,0.29363,0.25814,0.2371,0.23309,0.20115,0.22867,0.22863,0.31274,0.24822,0.24301,0.21542,0.29591,0.35945,0.38581,0.24313,0.28608,0.36555,0.34785,0.35194,0.30582,0.30762,0.44719,0.33372,0.36621,0.16043,0.1294,0.49614,0.60331,0.5051,0.31456,0.40064,0.39969,0.36998,0.18532,0.34927,0.14597,0.31408,0.075858,0.033761,0.11217,0.25986,0.27418,0.19189,0.2032,0.12326,0.21391,0.29106
0.31144,0.19052,0.29918,0.30206,0.27966,0.28392,0.27385,0.30433,0.3159,0.35046,0.29669,0.41913,0.33481,0.53334,0.34326,0.54421,0.54566,0.3881,0.3034,0.55484,0.53855,0.32684,0.47126,0.34786,0.44028,0.35932,0.43053,0.17633,0.20265,0.34692,0.61084,0.6837,1,0.24537,0.1519,0.35989,0.099789,0.26926,0.029894,0.0096939,0.11075,0.2815,0.19474,0.16762,0.28186,0.24819,0.44982,0.097634,0.17356,0.46557,0.2966,0.24108,0.28853,0.28149,0.28277,0.26798,0.32148,0.26761,0.30084,0.29411,0.3393,0.29598,0.33955,0.28804,0.38509,0.38511,0.46546,0.38055,0.34113,0.48847,0.45183,0.41007,0.3222,0.42134,0.32777,0.27615,0.29745,0.13034,0.15433,0.54594,0.4966,0.62542,0.19351,0.19621,0.25646,0.20083,0.059712,0.19491,0.031232,0.17603,-0.048024,-0.035533,0.075671,0.21734,0.29811,0.10795,0.20342,0.1753,0.26132,0.3377
0.20626,0.24928,0.29053,0.17172,0.17961,0.23914,0.18417,0.1771,0.1939,0.24428,0.20466,0.16665,0.17787,0.22169,0.17467,0.21255,0.13197,0.14865,0.15393,0.22461,0.192,0.16596,0.18968,0.24214,0.15474,0.40235,0.32354,0.19572,0.15225,0.36988,0.42679,0.45389,0.24537,1,0.44518,0.29484,0.34633,0.49326,0.43877,0.32996,0.25297,0.34402,0.54407,0.43474,0.49989,0.27741,0.39323,0.28044,0.17658,0.24232,0.18973,0.27951,0.1634,0.24146,0.20288,0.1815,0.15588,0.17054,0.16494,0.18259,0.24849,0.18817,0.14178,0.16274,0.19218,0.2195,0.19516,0.13484,0.16268,0.16545,0.11866,0.17129,0.21547,0.16566,0.34894,0.33388,0.34215,0.13611,0.15649,0.216,0.27886,0.17112,0.34114,0.43025,0.42518,0.46578,0.30474,0.41806,0.39431,0.39459,0.34466,0.27548,0.32076,0.25292,0.22384,0.24251,0.15222,0.14628,0.25235,0.20946
0.19697,0.24364,0.32571,0.20042,0.21932,0.30782,0.27996,0.09295,0.12926,0.20224,0.18823,0.16655,0.094319,0.1859,0.16747,0.25361,0.12091,0.091991,0.18317,0.22623,0.27833,0.20183,0.2283,0.355,0.11992,0.39718,0.33973,0.12004,0.056217,0.20931,0.46668,0.35065,0.1519,0.44518,1,0.41093,0.51699,0.31654,0.41954,0.19856,0.039924,0.13634,0.36761,0.11976,0.24226,0.16903,0.07505,0.36043,0.19161,0.1971,0.19772,0.27925,0.1782,0.32105,0.26068,0.27475,0.13999,0.062025,0.13678,0.10032,0.22517,0.17159,0.14971,0.084268,0.13165,0.2741,0.24768,0.060924,0.26234,0.19146,0.24153,0.26109,0.34722,0.22071,0.4093,0.41185,0.39579,0.11176,0.072584,0.27337,0.32646,0.17791,0.21,0.45555,0.34848,0.35716,0.51176,0.7374,0.30116,0.33179,0.41608,0.21299,0.14325,0.18633,0.12416,0.34663,0.15003,0.079817,0.1568,0.23424
0.33646,0.18371,0.36115,0.37869,0.37812,0.41295,0.40912,0.2893,0.33256,0.32364,0.29607,0.32989,0.2526,0.44815,0.41385,0.57674,0.43001,0.34748,0.50252,0.59025,0.49176,0.31197,0.33445,0.55814,0.29403,0.50101,0.40481,0.10951,0.14114,0.2,0.41789,0.40347,0.35989,0.29484,0.41093,1,0.20044,0.36949,0.22487,0.12002,0.057704,0.096164,0.26343,0.070336,0.12785,0.13586,0.085098,0.34242,0.31092,0.37075,0.35429,0.26128,0.34531,0.38744,0.40423,0.39674,0.2815,0.24389,0.35926,0.29436,0.33299,0.29811,0.27946,0.23593,0.36343,0.59525,0.52175,0.31678,0.65222,0.5266,0.46177,0.35698,0.5131,0.39142,0.32342,0.46019,0.31686,0.094472,0.16322,0.44328,0.34747,0.36657,0.15589,0.23862,0.23158,0.21217,0.19413,0.54666,0.21035,0.37193,0.18893,0.13391,0.093658,0.14079,0.14704,0.36658,0.30361,0.17585,0.21244,0.41203
0.14727,0.21831,0.23803,0.13684,0.13792,0.20356,0.16749,0.1057,0.13274,0.19366,0.17439,0.15093,0.10583,0.12399,0.11675,0.12058,0.078512,0.073119,0.12714,0.11419,0.19092,0.16696,0.16287,0.25865,0.10465,0.27071,0.27794,0.12421,0.079282,0.19939,0.27747,0.23105,0.099789,0.34633,0.51699,0.20044,1,0.23731,0.35662,0.22824,0.11038,0.16732,0.30738,0.20723,0.24081,0.16656,0.14603,0.22261,0.11199,0.1499,0.1367,0.23702,0.12753,0.21628,0.16773,0.17474,0.13058,0.086724,0.11755,0.11201,0.20991,0.16021,0.13848,0.09534,0.11055,0.14174,0.12494,0.060395,0.14299,0.099832,0.16308,0.19429,0.2474,0.16695,0.28551,0.27369,0.30372,0.10567,0.09904,0.1473,0.21385,0.11065,0.20706,0.30768,0.25953,0.27192,0.42093,0.42617,0.25292,0.22174,0.32484,0.22268,0.19938,0.18847,0.14335,0.19794,0.088348,0.083761,0.15993,0.16235
0.16314,0.16274,0.25113,0.092816,0.14961,0.21889,0.11466,0.19704,0.20338,0.23081,0.18591,0.12331,0.19751,0.24444,0.15079,0.23004,0.14911,0.16848,0.13605,0.29855,0.095019,0.11183,0.071262,0.20508,0.10275,0.22736,0.25312,0.16748,0.20241,0.43082,0.42093,0.44708,0.26926,0.49326,0.31654,0.36949,0.23731,1,0.52477,0.40915,0.31178,0.28892,0.64414,0.48579,0.4771,0.17708,0.34861,0.44364,0.31387,0.22773,0.15517,0.20068,0.094822,0.1846,0.18982,0.093396,0.11635,0.20418,0.1635,0.20119,0.22798,0.17653,0.098808,0.1927,0.1719,0.34044,0.18166,0.15306,0.1621,0.18392,0.023609,0.050259,0.15468,0.080825,0.22475,0.16356,0.23644,0.11679,0.208,0.17275,0.21102,0.14224,0.44029,0.47091,0.39324,0.3216,0.20091,0.37332,0.45731,0.59779,0.42253,0.369,0.34606,0.23455,0.13605,0.40257,0.26848,0.20167,0.20633,0.19637
0.20973,0.2376,0.29611,0.14482,0.17851,0.26691,0.17318,0.22705,0.2341,0.25154,0.22606,0.12796,0.2133,0.17715,0.19331,0.10949,0.037926,0.14427,0.15341,0.078808,-0.030179,0.092191,-0.039211,0.17473,0.067923,0.070367,0.15923,0.16296,0.27746,0.30642,0.18849,0.16584,0.029894,0.43877,0.41954,0.22487,0.35662,0.52477,1,0.57922,0.53987,0.4561,0.72336,0.59144,0.49353,0.24665,0.3274,0.53954,0.29515,0.25819,0.2017,0.28074,0.15639,0.2314,0.23863,0.15661,0.13687,0.23462,0.20065,0.23335,0.25661,0.21762,0.11555,0.2144,0.20248,0.31277,0.11558,0.14742,0.12937,0.044411,-0.0407,-0.012785,0.13196,0.038517,0.057222,0.01372,0.15082,0.1534,0.31801,0.031993,0.0026793,-0.0093871,0.45351,0.4625,0.35587,0.25619,0.31381,0.44071,0.60186,0.46366,0.73564,0.55047,0.47922,0.28662,0.18481,0.46999,0.27184,0.32919,0.34179,0.24859
0.17157,0.17982,0.23011,0.11782,0.14633,0.21996,0.13036,0.2073,0.21604,0.23353,0.2133,0.13081,0.19395,0.13039,0.14582,0.054357,0.036196,0.12005,0.11799,0.071999,-0.033001,0.11482,0.021776,0.14438,0.092536,0.094021,0.20769,0.18971,0.25574,0.19701,0.018256,0.081908,0.0096939,0.32996,0.19856,0.12002,0.22824,0.40915,0.57922,1,0.44753,0.30884,0.47763,0.53413,0.31767,0.27539,0.25736,0.42402,0.26175,0.15735,0.16732,0.21742,0.13081,0.18336,0.19315,0.11395,0.13751,0.21289,0.16549,0.21523,0.23801,0.20606,0.11818,0.19061,0.16103,0.21087,0.056122,0.13062,0.07853,0.043226,-0.028661,0.02869,0.11211,0.070021,-0.06493,0.00229,0.16525,0.15063,0.27094,-0.04053,-0.052156,-0.026573,0.28871,0.21259,0.16083,0.10958,0.19763,0.21027,0.37769,0.32606,0.49678,0.59396,0.38717,0.28953,0.14001,0.3617,0.23804,0.27102,0.23434,0.1599
0.2581,0.16123,0.19425,0.19113,0.21038,0.20984,0.18218,0.30208,0.28595,0.31259,0.25026,0.20713,0.29405,0.23429,0.25979,0.096108,0.096606,0.20444,0.16329,0.077063,0.0077322,0.13569,0.0060727,0.098337,0.16357,0.008805,0.1027,0.13709,0.4343,0.2759,0.011063,0.080261,0.11075,0.25297,0.039924,0.057704,0.11038,0.31178,0.53987,0.44753,1,0.67847,0.59478,0.62223,0.49083,0.31354,0.47606,0.31029,0.23478,0.40903,0.25782,0.20254,0.20274,0.16324,0.22648,0.16486,0.19961,0.3017,0.2392,0.28664,0.27655,0.24313,0.1713,0.27331,0.27974,0.26092,0.10661,0.22718,0.091624,0.066328,-0.022736,-0.0012452,0.068697,0.078753,-0.067065,-0.086158,0.018122,0.13265,0.43001,-0.0014928,-0.095385,0.044324,0.36378,0.1986,0.22895,0.10254,0.076925,0.10616,0.47369,0.24293,0.44263,0.4041,0.48703,0.25602,0.29333,0.2694,0.25647,0.50115,0.51149,0.30695
0.29182,0.20403,0.25426,0.22627,0.24585,0.25033,0.23409,0.31315,0.30595,0.3544,0.27806,0.2502,0.32903,0.28403,0.27997,0.15732,0.14311,0.22038,0.17863,0.13433,0.17062,0.17227,0.11678,0.15534,0.25384,0.13405,0.2048,0.15015,0.361,0.35082,0.21611,0.26033,0.2815,0.34402,0.13634,0.096164,0.16732,0.28892,0.4561,0.30884,0.67847,1,0.61699,0.60777,0.60418,0.37555,0.61531,0.22557,0.16863,0.54302,0.28238,0.24848,0.22413,0.22435,0.25789,0.22167,0.24373,0.30812,0.25482,0.30268,0.32171,0.26822,0.2077,0.29792,0.29421,0.24048,0.16002,0.2313,0.11882,0.10965,0.05854,0.10595,0.12474,0.15437,0.13082,0.041833,0.1277,0.14251,0.37019,0.11641,0.064457,0.17605,0.35893,0.26782,0.3456,0.22503,0.1189,0.1652,0.44777,0.20573,0.34197,0.26305,0.46774,0.28885,0.42035,0.19175,0.19719,0.45855,0.60285,0.37015
0.19752,0.21858,0.27961,0.11047,0.16156,0.23271,0.12373,0.20178,0.20811,0.23876,0.20292,0.11025,0.2128,0.24157,0.18685,0.16005,0.081896,0.14811,0.11694,0.13692,0.098121,0.091376,-0.0033217,0.16597,0.081317,0.12385,0.17786,0.19667,0.30919,0.51407,0.38722,0.35792,0.19474,0.54407,0.36761,0.26343,0.30738,0.64414,0.72336,0.47763,0.59478,0.61699,1,0.71712,0.73292,0.31162,0.5824,0.44451,0.29016,0.37942,0.18593,0.2537,0.12397,0.19733,0.20126,0.10575,0.11269,0.21055,0.16081,0.20746,0.2324,0.18582,0.086349,0.20649,0.19509,0.33758,0.13553,0.13434,0.10754,0.065525,-0.031372,-0.0033042,0.11528,0.028835,0.2703,0.071403,0.18122,0.17094,0.34906,0.11198,0.11939,0.083081,0.58086,0.5681,0.52698,0.38597,0.25909,0.39807,0.7179,0.51971,0.60109,0.44563,0.57693,0.33438,0.34287,0.39261,0.25681,0.32262,0.41692,0.28192
0.16837,0.18755,0.22,0.090886,0.12044,0.16958,0.083907,0.19979,0.2064,0.20047,0.1842,0.10242,0.21703,0.15226,0.13023,0.044949,0.044022,0.12535,0.080292,0.06354,0.030334,0.072662,0.0055295,0.084841,0.15845,0.12763,0.19573,0.18126,0.31333,0.34452,0.11977,0.21894,0.16762,0.43474,0.11976,0.070336,0.20723,0.48579,0.59144,0.53413,0.62223,0.60777,0.71712,1,0.6901,0.4051,0.64311,0.29345,0.18565,0.2918,0.16092,0.22428,0.12239,0.1475,0.14534,0.073261,0.12279,0.21947,0.14688,0.21387,0.20823,0.17972,0.094609,0.21204,0.17694,0.16591,0.042844,0.14128,0.031683,0.018175,-0.065639,-0.016303,0.041057,0.045277,0.028208,-0.0071149,0.12955,0.13509,0.34402,-0.02745,-0.033118,0.030762,0.37469,0.24748,0.3314,0.18383,0.13172,0.11019,0.51313,0.31219,0.43976,0.43459,0.65257,0.33262,0.37937,0.22849,0.17624,0.31647,0.39507,0.19434
0.16967,0.20799,0.24552,0.096679,0.12396,0.17595,0.093298,0.16398,0.17259,0.19473,0.16754,0.10163,0.19563,0.18452,0.12038,0.11308,0.068149,0.1177,0.070352,0.12471,0.1182,0.080324,0.060796,0.10394,0.15688,0.17624,0.2035,0.16667,0.24295,0.42164,0.34861,0.38737,0.28186,0.49989,0.24226,0.12785,0.24081,0.4771,0.49353,0.31767,0.49083,0.60418,0.73292,0.6901,1,0.34452,0.6505,0.2297,0.14692,0.3352,0.1518,0.23611,0.11307,0.17042,0.14311,0.08771,0.11222,0.1732,0.12061,0.17348,0.19408,0.15204,0.08151,0.18,0.16214,0.16709,0.10094,0.11415,0.042269,0.058163,-0.019978,0.033794,0.067283,0.063047,0.25643,0.089649,0.18784,0.13052,0.25959,0.11016,0.13358,0.12903,0.42307,0.40735,0.50323,0.34455,0.17954,0.22591,0.52405,0.33989,0.36625,0.26351,0.51996,0.29618,0.39026,0.18423,0.1346,0.24879,0.38745,0.21171
0.19182,0.15937,0.2193,0.15882,0.17649,0.21884,0.17206,0.17211,0.19439,0.24133,0.2178,0.20872,0.19764,0.17934,0.16724,0.13141,0.13352,0.13022,0.13163,0.15821,0.23068,0.21956,0.27262,0.20597,0.23242,0.25869,0.2988,0.15638,0.20972,0.16325,0.14661,0.23395,0.24819,0.27741,0.16903,0.13586,0.16656,0.17708,0.24665,0.27539,0.31354,0.37555,0.31162,0.4051,0.34452,1,0.41159,0.15509,0.12531,0.29442,0.18834,0.19071,0.15843,0.20546,0.19765,0.16379,0.1815,0.15775,0.15139,0.18261,0.24058,0.20339,0.1771,0.17578,0.17099,0.17643,0.12531,0.13459,0.13045,0.142,0.16145,0.2375,0.18722,0.22114,0.15879,0.17898,0.27318,0.12312,0.2068,0.11639,0.13268,0.21602,0.1468,0.11872,0.23966,0.15453,0.13262,0.16836,0.24226,0.13267,0.18874,0.23206,0.33809,0.34091,0.38571,0.13414,0.12522,0.22543,0.32949,0.25862
0.21713,0.21461,0.25076,0.15271,0.16242,0.18534,0.128,0.20439,0.21883,0.24144,0.2116,0.18667,0.2409,0.28608,0.17139,0.17971,0.15594,0.15623,0.099579,0.15339,0.2394,0.16873,0.17991,0.12987,0.22676,0.14433,0.2374,0.23422,0.31666,0.46163,0.36237,0.5054,0.44982,0.39323,0.07505,0.085098,0.14603,0.34861,0.3274,0.25736,0.47606,0.61531,0.5824,0.64311,0.6505,0.41159,1,0.14735,0.14603,0.41737,0.19893,0.24831,0.17006,0.18374,0.1677,0.12814,0.17762,0.2161,0.16438,0.22231,0.24129,0.20097,0.15254,0.22054,0.2283,0.19242,0.15142,0.16618,0.073991,0.10415,0.083958,0.12363,0.092279,0.13381,0.18654,0.021785,0.14398,0.16339,0.28298,0.15482,0.2053,0.25029,0.35787,0.25203,0.35812,0.24139,0.068479,0.056393,0.33219,0.16578,0.18597,0.1711,0.43304,0.33724,0.49313,0.11088,0.15234,0.27213,0.39833,0.24938
0.26741,0.1664,0.32539,0.2191,0.29798,0.40201,0.28472,0.2582,0.27032,0.28512,0.26131,0.19349,0.24038,0.23751,0.23921,0.22533,0.13717,0.18569,0.21503,0.21637,0.054294,0.15287,0.05856,0.26711,0.10767,0.11199,0.20449,0.13012,0.21491,0.20202,0.18589,0.19862,0.097634,0.28044,0.36043,0.34242,0.22261,0.44364,0.53954,0.42402,0.31029,0.22557,0.44451,0.29345,0.2297,0.15509,0.14735,1,0.40292,0.21666,0.28254,0.23108,0.20633,0.31603,0.36046,0.24709,0.19429,0.2528,0.23965,0.2624,0.28598,0.25311,0.1683,0.2357,0.21863,0.40206,0.2136,0.18709,0.24021,0.1799,0.076138,0.084955,0.22818,0.1255,0.047984,0.076371,0.17354,0.12291,0.22867,0.11698,0.10068,0.087649,0.30323,0.34861,0.23432,0.17552,0.22365,0.42968,0.36571,0.43218,0.49155,0.42373,0.24018,0.2237,0.087201,0.59558,0.36689,0.26299,0.21898,0.24576
0.27275,0.13156,0.25213,0.25155,0.30305,0.3037,0.24224,0.21691,0.22412,0.25125,0.22112,0.18431,0.20208,0.32119,0.25711,0.29558,0.18519,0.18922,0.19724,0.25022,0.12199,0.17722,0.10536,0.25061,0.1141,0.11163,0.18061,0.11719,0.24498,0.19059,0.18278,0.21104,0.17356,0.17658,0.19161,0.31092,0.11199,0.31387,0.29515,0.26175,0.23478,0.16863,0.29016,0.18565,0.14692,0.12531,0.14603,0.40292,1,0.22595,0.29899,0.1855,0.25166,0.24885,0.29871,0.226,0.1799,0.20771,0.20841,0.21538,0.24641,0.21454,0.15702,0.19342,0.26084,0.38676,0.2705,0.18995,0.23874,0.22172,0.13243,0.12677,0.21998,0.14609,0.061342,0.084404,0.13522,0.11182,0.22351,0.17722,0.14426,0.16895,0.23111,0.21307,0.16351,0.12048,0.11254,0.28204,0.22524,0.30304,0.26411,0.26579,0.15816,0.17943,0.10583,0.40294,0.37131,0.23029,0.18347,0.24071
0.41106,0.22691,0.31936,0.39921,0.39331,0.36993,0.41586,0.39797,0.41441,0.51582,0.38693,0.45563,0.40692,0.50243,0.55491,0.39658,0.3808,0.33142,0.36498,0.39865,0.51687,0.37182,0.36062,0.41439,0.38899,0.33325,0.35708,0.14397,0.30918,0.29277,0.32288,0.39255,0.46557,0.24232,0.1971,0.37075,0.1499,0.22773,0.25819,0.15735,0.40903,0.54302,0.37942,0.2918,0.3352,0.29442,0.41737,0.21666,0.22595,1,0.41273,0.29128,0.36883,0.33674,0.39883,0.4013,0.39642,0.35428,0.38603,0.38609,0.47164,0.37709,0.38306,0.3618,0.4656,0.53223,0.36166,0.33538,0.38635,0.36635,0.4183,0.37869,0.3837,0.40011,0.23566,0.26845,0.23166,0.14066,0.31902,0.32587,0.27236,0.43843,0.20827,0.15333,0.25806,0.17866,0.12046,0.29024,0.25776,0.18696,0.18444,0.14595,0.25443,0.24242,0.39052,0.21707,0.27067,0.43297,0.55558,0.63176
0.76072,0.2827,0.55804,0.78182,0.71902,0.60876,0.71018,0.44096,0.42566,0.44092,0.39299,0.40266,0.3861,0.56238,0.62883,0.53942,0.33298,0.35895,0.38783,0.38382,0.29152,0.30835,0.27902,0.42289,0.32106,0.27272,0.32006,0.11596,0.23571,0.14757,0.20358,0.24562,0.2966,0.18973,0.19772,0.35429,0.1367,0.15517,0.2017,0.16732,0.25782,0.28238,0.18593,0.16092,0.1518,0.18834,0.19893,0.28254,0.29899,0.41273,1,0.45691,0.77459,0.66134,0.66451,0.74566,0.47115,0.39947,0.45008,0.40423,0.45804,0.39831,0.38376,0.36035,0.65151,0.5208,0.57779,0.38992,0.42559,0.42266,0.36726,0.34103,0.42143,0.39154,0.13898,0.25475,0.22007,0.12603,0.25244,0.37671,0.24525,0.37487,0.16591,0.11783,0.16726,0.15255,0.12964,0.30396,0.16295,0.17906,0.1568,0.16087,0.14425,0.18729,0.21072,0.29894,0.39333,0.30275,0.35073,0.44384
0.55036,0.83031,0.63239,0.53098,0.35784,0.41101,0.38726,0.27704,0.29922,0.32519,0.29059,0.26549,0.25667,0.42495,0.39624,0.37027,0.19466,0.21305,0.24576,0.23491,0.23804,0.24625,0.21855,0.31003,0.23179,0.28171,0.30635,0.13924,0.17692,0.20393,0.249,0.27597,0.24108,0.27951,0.27925,0.26128,0.23702,0.20068,0.28074,0.21742,0.20254,0.24848,0.2537,0.22428,0.23611,0.19071,0.24831,0.23108,0.1855,0.29128,0.45691,1,0.56417,0.50884,0.36209,0.4407,0.30494,0.24975,0.27335,0.28325,0.34202,0.28308,0.25627,0.23759,0.50254,0.3333,0.40158,0.22791,0.26941,0.25109,0.26061,0.27889,0.30909,0.28495,0.22595,0.27313,0.27375,0.1415,0.19232,0.31094,0.28457,0.29748,0.22489,0.22015,0.253,0.24767,0.23176,0.3279,0.22052,0.21027,0.24852,0.21134,0.21056,0.21581,0.24556,0.22705,0.22607,0.19779,0.26627,0.3089
0.73922,0.41452,0.53188,0.89217,0.64537,0.53806,0.67827,0.39868,0.38336,0.37778,0.33311,0.33616,0.32401,0.62578,0.66928,0.6588,0.31478,0.35521,0.37937,0.37645,0.27389,0.28549,0.26001,0.40513,0.29289,0.27084,0.29271,0.10964,0.20767,0.12312,0.19256,0.21599,0.28853,0.1634,0.1782,0.34531,0.12753,0.094822,0.15639,0.13081,0.20274,0.22413,0.12397,0.12239,0.11307,0.15843,0.17006,0.20633,0.25166,0.36883,0.77459,0.56417,1,0.60058,0.58263,0.76034,0.45678,0.36099,0.43592,0.36431,0.40039,0.33635,0.3323,0.29957,0.74627,0.52143,0.72645,0.39564,0.43385,0.44053,0.37304,0.33408,0.41118,0.37658,0.13138,0.26337,0.19644,0.11892,0.21907,0.46101,0.25377,0.40053,0.12602,0.063523,0.12055,0.1283,0.11905,0.27664,0.10338,0.11287,0.11086,0.11526,0.10097,0.15295,0.18884,0.22257,0.34011,0.2457,0.28633,0.40574
0.64024,0.33398,0.76283,0.67556,0.69375,0.77243,0.75397,0.37315,0.38197,0.40913,0.39175,0.3787,0.34442,0.40653,0.4759,0.43828,0.28861,0.28227,0.36769,0.36046,0.3247,0.3109,0.30962,0.44959,0.31844,0.34149,0.39339,0.12581,0.16817,0.15376,0.26455,0.29363,0.28149,0.24146,0.32105,0.38744,0.21628,0.1846,0.2314,0.18336,0.16324,0.22435,0.19733,0.1475,0.17042,0.20546,0.18374,0.31603,0.24885,0.33674,0.66134,0.50884,0.60058,1,0.72743,0.7715,0.43688,0.32216,0.38339,0.35467,0.43277,0.38482,0.35485,0.31474,0.43796,0.42549,0.45524,0.29392,0.41966,0.37599,0.36682,0.36447,0.44593,0.40378,0.22524,0.32292,0.32197,0.13042,0.17576,0.33757,0.29202,0.33542,0.16062,0.18824,0.22178,0.2041,0.21627,0.39226,0.1752,0.20995,0.19916,0.17869,0.142,0.2072,0.21311,0.32202,0.27137,0.20367,0.28081,0.37175
0.60374,0.21494,0.54899,0.64992,0.70441,0.73924,0.76561,0.46248,0.46512,0.46822,0.43804,0.44398,0.41936,0.439,0.53929,0.46127,0.33609,0.3444,0.42628,0.39499,0.32244,0.33084,0.31248,0.47454,0.34991,0.30586,0.37694,0.11568,0.20864,0.14262,0.22158,0.25814,0.28277,0.20288,0.26068,0.40423,0.16773,0.18982,0.23863,0.19315,0.22648,0.25789,0.20126,0.14534,0.14311,0.19765,0.1677,0.36046,0.29871,0.39883,0.66451,0.36209,0.58263,0.72743,1,0.74012,0.50465,0.41429,0.46674,0.4429,0.49028,0.44253,0.41935,0.3907,0.49279,0.50008,0.47909,0.37093,0.47642,0.41796,0.38764,0.37096,0.4696,0.43099,0.1611,0.28142,0.26998,0.12371,0.22364,0.33279,0.24188,0.3429,0.15935,0.15571,0.17861,0.15923,0.16602,0.36869,0.17688,0.21703,0.20055,0.19017,0.1299,0.1944,0.19134,0.39376,0.34923,0.28205,0.33529,0.43496
0.701,0.27195,0.59396,0.83498,0.74576,0.69934,0.8808,0.46744,0.45289,0.44163,0.4067,0.43665,0.39291,0.47592,0.64099,0.51239,0.32269,0.34054,0.45165,0.38009,0.35039,0.33782,0.33162,0.48318,0.35344,0.34357,0.36428,0.10411,0.17939,0.10557,0.20745,0.2371,0.26798,0.1815,0.27475,0.39674,0.17474,0.093396,0.15661,0.11395,0.16486,0.22167,0.10575,0.073261,0.08771,0.16379,0.12814,0.24709,0.226,0.4013,0.74566,0.4407,0.76034,0.7715,0.74012,1,0.53383,0.4137,0.49938,0.4273,0.46753,0.41292,0.42071,0.3601,0.5817,0.48556,0.55414,0.36429,0.49729,0.42715,0.42958,0.40001,0.49028,0.45174,0.17593,0.32977,0.25395,0.11019,0.18635,0.36211,0.25621,0.35451,0.085353,0.084683,0.12249,0.14215,0.16988,0.35534,0.093191,0.11691,0.12113,0.10357,0.064617,0.14334,0.17163,0.25655,0.28121,0.24706,0.31516,0.43786
0.45173,0.21683,0.336,0.49409,0.46456,0.45946,0.54309,0.54492,0.5653,0.50974,0.48325,0.57314,0.59987,0.38169,0.48188,0.37356,0.36968,0.34568,0.41883,0.38676,0.36986,0.35428,0.3837,0.43384,0.47271,0.30212,0.387,0.10178,0.18748,0.1184,0.16913,0.23309,0.32148,0.15588,0.13999,0.2815,0.13058,0.11635,0.13687,0.13751,0.19961,0.24373,0.11269,0.12279,0.11222,0.1815,0.17762,0.19429,0.1799,0.39642,0.47115,0.30494,0.45678,0.43688,0.50465,0.53383,1,0.54732,0.52411,0.55392,0.54451,0.51191,0.5829,0.58697,0.45731,0.40075,0.39364,0.42359,0.41044,0.44443,0.46616,0.43975,0.45139,0.53679,0.13878,0.2779,0.23592,0.10474,0.20078,0.30826,0.22993,0.3982,0.10378,0.066544,0.12349,0.12027,0.11676,0.21473,0.092568,0.12857,0.095728,0.12155,0.097593,0.16974,0.2004,0.20077,0.23846,0.27534,0.34476,0.41203
0.39692,0.16711,0.27833,0.39229,0.37746,0.35277,0.42232,0.69973,0.62632,0.46391,0.44849,0.47247,0.53637,0.36576,0.43387,0.34414,0.38313,0.4887,0.45815,0.36412,0.1845,0.26026,0.20471,0.32202,0.35868,0.15313,0.26345,0.10546,0.23362,0.15429,0.16093,0.20115,0.26761,0.17054,0.062025,0.24389,0.086724,0.20418,0.23462,0.21289,0.3017,0.30812,0.21055,0.21947,0.1732,0.15775,0.2161,0.2528,0.20771,0.35428,0.39947,0.24975,0.36099,0.32216,0.41429,0.4137,0.54732,1,0.65597,0.65256,0.49776,0.50905,0.45903,0.53036,0.44546,0.3731,0.35975,0.59168,0.39737,0.41541,0.27866,0.25044,0.31688,0.36205,0.040239,0.11121,0.1298,0.1062,0.25073,0.25808,0.13404,0.27471,0.18902,0.13232,0.13984,0.11506,0.065544,0.16127,0.17316,0.20028,0.18239,0.19182,0.16827,0.16692,0.15553,0.24734,0.26403,0.32523,0.35542,0.3428
0.43977,0.1802,0.31807,0.46906,0.43249,0.40566,0.49638,0.62725,0.61564,0.47277,0.47031,0.53655,0.49034,0.42784,0.51114,0.44075,0.4701,0.53168,0.61702,0.44948,0.33378,0.32636,0.29914,0.43875,0.40338,0.25071,0.33103,0.10604,0.21548,0.13358,0.19794,0.22867,0.30084,0.16494,0.13678,0.35926,0.11755,0.1635,0.20065,0.16549,0.2392,0.25482,0.16081,0.14688,0.12061,0.15139,0.16438,0.23965,0.20841,0.38603,0.45008,0.27335,0.43592,0.38339,0.46674,0.49938,0.52411,0.65597,1,0.61534,0.51688,0.52174,0.50751,0.47764,0.50357,0.45286,0.46065,0.61335,0.57724,0.51162,0.46043,0.3574,0.44332,0.45664,0.095399,0.21619,0.17828,0.10801,0.23053,0.35814,0.19881,0.33826,0.14325,0.11125,0.11928,0.1146,0.10293,0.23363,0.12993,0.1695,0.15416,0.14767,0.11227,0.14935,0.14755,0.2444,0.26627,0.29201,0.33238,0.3937
0.40102,0.2001,0.31263,0.39479,0.38909,0.38943,0.44326,0.64689,0.80053,0.51461,0.52051,0.53366,0.58168,0.36782,0.44262,0.34584,0.3716,0.41105,0.52557,0.3907,0.27879,0.31612,0.27675,0.41203,0.43196,0.21331,0.34208,0.11457,0.23151,0.15719,0.1783,0.22863,0.29411,0.18259,0.10032,0.29436,0.11201,0.20119,0.23335,0.21523,0.28664,0.30268,0.20746,0.21387,0.17348,0.18261,0.22231,0.2624,0.21538,0.38609,0.40423,0.28325,0.36431,0.35467,0.4429,0.4273,0.55392,0.65256,0.61534,1,0.55344,0.54779,0.50189,0.56674,0.43552,0.39307,0.35732,0.46566,0.4794,0.42601,0.35656,0.32347,0.421,0.45905,0.071324,0.16448,0.1836,0.11581,0.24407,0.26162,0.16755,0.30287,0.17208,0.12452,0.13973,0.12085,0.092448,0.19725,0.15741,0.19234,0.17936,0.19338,0.16355,0.18212,0.17457,0.26006,0.26747,0.31767,0.35779,0.37398
0.44373,0.25471,0.38447,0.42829,0.44079,0.45733,0.47737,0.5209,0.57186,0.72954,0.56884,0.58104,0.52537,0.4061,0.4656,0.36743,0.38702,0.37261,0.45072,0.38671,0.39787,0.44543,0.38054,0.46853,0.40337,0.30023,0.42801,0.14428,0.23814,0.19987,0.25231,0.31274,0.3393,0.24849,0.22517,0.33299,0.20991,0.22798,0.25661,0.23801,0.27655,0.32171,0.2324,0.20823,0.19408,0.24058,0.24129,0.28598,0.24641,0.47164,0.45804,0.34202,0.40039,0.43277,0.49028,0.46753,0.54451,0.49776,0.51688,0.55344,1,0.60171,0.56905,0.51406,0.45769,0.44925,0.38017,0.42549,0.44243,0.41745,0.49405,0.48041,0.47413,0.4836,0.21429,0.29478,0.32226,0.15695,0.26437,0.33094,0.30295,0.40472,0.22955,0.20267,0.23186,0.22737,0.20416,0.31949,0.20759,0.24372,0.21551,0.23532,0.18721,0.26615,0.25757,0.28758,0.29557,0.37848,0.46038,0.49523
0.38837,0.20284,0.33574,0.36752,0.39073,0.41264,0.42822,0.51904,0.55941,0.52651,0.54968,0.59183,0.54491,0.35241,0.40885,0.3184,0.40604,0.38874,0.46287,0.3646,0.35502,0.3862,0.35921,0.42556,0.40067,0.26104,0.39145,0.12061,0.21699,0.14666,0.19205,0.24822,0.29598,0.18817,0.17159,0.29811,0.16021,0.17653,0.21762,0.20606,0.24313,0.26822,0.18582,0.17972,0.15204,0.20339,0.20097,0.25311,0.21454,0.37709,0.39831,0.28308,0.33635,0.38482,0.44253,0.41292,0.51191,0.50905,0.52174,0.54779,0.60171,1,0.59221,0.53774,0.39667,0.38414,0.3258,0.45701,0.43649,0.3922,0.45966,0.4384,0.4289,0.4656,0.12858,0.22791,0.24958,0.12585,0.23388,0.27629,0.22083,0.32932,0.15874,0.13191,0.15521,0.14448,0.14786,0.24723,0.15687,0.17998,0.17563,0.19176,0.14678,0.20766,0.19881,0.25472,0.25588,0.29676,0.34455,0.38184
0.36943,0.18119,0.28625,0.36416,0.37654,0.38073,0.43377,0.49348,0.52428,0.51298,0.51868,0.70634,0.5976,0.3369,0.41838,0.30689,0.47717,0.38668,0.45664,0.38848,0.45084,0.4129,0.46568,0.43467,0.48373,0.31774,0.41479,0.10279,0.17612,0.10423,0.16624,0.24301,0.33955,0.14178,0.14971,0.27946,0.13848,0.098808,0.11555,0.11818,0.1713,0.2077,0.086349,0.094609,0.08151,0.1771,0.15254,0.1683,0.15702,0.38306,0.38376,0.25627,0.3323,0.35485,0.41935,0.42071,0.5829,0.45903,0.50751,0.50189,0.56905,0.59221,1,0.59717,0.39045,0.37805,0.31603,0.4828,0.43906,0.44096,0.59704,0.53868,0.45789,0.57237,0.14486,0.30148,0.2495,0.10609,0.19243,0.2935,0.25232,0.41585,0.082077,0.053996,0.10344,0.11291,0.12493,0.20538,0.071926,0.10944,0.078714,0.1059,0.075477,0.16775,0.19561,0.17661,0.2084,0.26792,0.33,0.40143
0.35372,0.1568,0.28305,0.32464,0.34385,0.34702,0.38055,0.54549,0.56641,0.48656,0.4958,0.5722,0.86115,0.31801,0.38012,0.28447,0.36427,0.35632,0.38089,0.32339,0.24081,0.28968,0.26831,0.31849,0.39135,0.17306,0.29721,0.10382,0.21376,0.14973,0.16622,0.21542,0.28804,0.16274,0.084268,0.23593,0.09534,0.1927,0.2144,0.19061,0.27331,0.29792,0.20649,0.21204,0.18,0.17578,0.22054,0.2357,0.19342,0.3618,0.36035,0.23759,0.29957,0.31474,0.3907,0.3601,0.58697,0.53036,0.47764,0.56674,0.51406,0.53774,0.59717,1,0.37498,0.35593,0.29075,0.43716,0.34009,0.34112,0.31752,0.30672,0.31358,0.38596,0.075956,0.13648,0.16256,0.10448,0.23618,0.22968,0.15432,0.29833,0.17668,0.13739,0.15826,0.1218,0.077838,0.17098,0.17196,0.1934,0.1671,0.17656,0.17051,0.17941,0.18691,0.23632,0.24166,0.30803,0.36449,0.35316
0.6317,0.39079,0.40534,0.6944,0.51737,0.42953,0.53918,0.46956,0.45019,0.43833,0.37301,0.40482,0.39288,0.74292,0.72653,0.64523,0.45465,0.47824,0.43811,0.44196,0.3186,0.31337,0.27805,0.39528,0.33293,0.26088,0.31296,0.13121,0.28037,0.20158,0.27377,0.29591,0.38509,0.19218,0.13165,0.36343,0.11055,0.1719,0.20248,0.16103,0.27974,0.29421,0.19509,0.17694,0.16214,0.17099,0.2283,0.21863,0.26084,0.4656,0.65151,0.50254,0.74627,0.43796,0.49279,0.5817,0.45731,0.44546,0.50357,0.43552,0.45769,0.39667,0.39045,0.37498,1,0.63385,0.69481,0.54345,0.46653,0.49804,0.43809,0.35242,0.39534,0.39705,0.15821,0.24355,0.19689,0.14119,0.31454,0.54191,0.31413,0.48702,0.22631,0.13476,0.17355,0.15952,0.10043,0.25978,0.16502,0.18621,0.15119,0.14614,0.154,0.18992,0.22167,0.23268,0.38429,0.33458,0.38103,0.49877
0.48456,0.23659,0.39358,0.50857,0.47501,0.45545,0.482,0.40066,0.41451,0.43043,0.3644,0.40174,0.36444,0.60488,0.6482,0.5903,0.44196,0.39495,0.45324,0.52131,0.433,0.34006,0.29876,0.50369,0.30327,0.31898,0.33916,0.13882,0.27665,0.24953,0.33608,0.35945,0.38511,0.2195,0.2741,0.59525,0.14174,0.34044,0.31277,0.21087,0.26092,0.24048,0.33758,0.16591,0.16709,0.17643,0.19242,0.40206,0.38676,0.53223,0.5208,0.3333,0.52143,0.42549,0.50008,0.48556,0.40075,0.3731,0.45286,0.39307,0.44925,0.38414,0.37805,0.35593,0.63385,1,0.59828,0.43277,0.58094,0.54051,0.50236,0.37867,0.49237,0.40885,0.27887,0.32973,0.25675,0.1665,0.3437,0.49833,0.37071,0.50601,0.32787,0.30119,0.30089,0.22501,0.15788,0.49413,0.35549,0.42262,0.30748,0.25744,0.23278,0.24861,0.28731,0.45222,0.4529,0.37426,0.40897,0.64414
0.55217,0.30411,0.4167,0.68168,0.49683,0.43721,0.51296,0.38951,0.37787,0.36177,0.31406,0.34024,0.31074,0.6876,0.5699,0.84848,0.50128,0.49118,0.46623,0.57782,0.36083,0.28992,0.30659,0.43509,0.31663,0.31631,0.33345,0.11845,0.18892,0.19429,0.45328,0.38581,0.46546,0.19516,0.24768,0.52175,0.12494,0.18166,0.11558,0.056122,0.10661,0.16002,0.13553,0.042844,0.10094,0.12531,0.15142,0.2136,0.2705,0.36166,0.57779,0.40158,0.72645,0.45524,0.47909,0.55414,0.39364,0.35975,0.46065,0.35732,0.38017,0.3258,0.31603,0.29075,0.69481,0.59828,1,0.52904,0.57135,0.62899,0.46109,0.36656,0.44083,0.39967,0.28956,0.33471,0.26161,0.1331,0.19819,0.73877,0.44543,0.55609,0.21695,0.23791,0.20908,0.21583,0.13573,0.40079,0.096789,0.24242,0.085521,0.057332,0.047049,0.15503,0.16156,0.25812,0.35278,0.19823,0.23471,0.387
0.38493,0.14406,0.25562,0.3932,0.35369,0.3174,0.37065,0.58074,0.47747,0.3988,0.39159,0.50915,0.43721,0.48786,0.4651,0.51401,0.65352,0.69534,0.53885,0.49732,0.30389,0.2818,0.2865,0.33845,0.38096,0.21216,0.287,0.095784,0.21257,0.12504,0.22945,0.24313,0.38055,0.13484,0.060924,0.31678,0.060395,0.15306,0.14742,0.13062,0.22718,0.2313,0.13434,0.14128,0.11415,0.13459,0.16618,0.18709,0.18995,0.33538,0.38992,0.22791,0.39564,0.29392,0.37093,0.36429,0.42359,0.59168,0.61335,0.46566,0.42549,0.45701,0.4828,0.43716,0.54345,0.43277,0.52904,1,0.49503,0.56062,0.48016,0.32789,0.33949,0.40771,0.086081,0.17976,0.1429,0.10059,0.22974,0.49145,0.22861,0.42528,0.14188,0.09159,0.11249,0.095291,0.041657,0.15734,0.10475,0.16156,0.097652,0.10855,0.10248,0.13552,0.13898,0.1935,0.2546,0.26991,0.29414,0.33219
0.40056,0.1758,0.34944,0.45946,0.43157,0.43141,0.49292,0.43459,0.49834,0.40144,0.40416,0.48566,0.35562,0.46307,0.50301,0.55749,0.52209,0.46794,0.70298,0.58344,0.53025,0.37164,0.38548,0.58794,0.40007,0.43185,0.40984,0.092849,0.16336,0.10289,0.26807,0.28608,0.34113,0.16268,0.26234,0.65222,0.14299,0.1621,0.12937,0.07853,0.091624,0.11882,0.10754,0.031683,0.042269,0.13045,0.073991,0.24021,0.23874,0.38635,0.42559,0.26941,0.43385,0.41966,0.47642,0.49729,0.41044,0.39737,0.57724,0.4794,0.44243,0.43649,0.43906,0.34009,0.46653,0.58094,0.57135,0.49503,1,0.62804,0.61525,0.44274,0.59266,0.51881,0.20836,0.40825,0.25679,0.095762,0.1834,0.45334,0.29375,0.3978,0.068587,0.088433,0.11242,0.11469,0.13947,0.39996,0.089893,0.19861,0.10372,0.080449,0.046178,0.11419,0.14264,0.27904,0.27941,0.21101,0.2477,0.43617
0.40612,0.16772,0.32323,0.45022,0.40532,0.38734,0.42799,0.43631,0.44674,0.39318,0.36132,0.47378,0.36196,0.51377,0.47809,0.62206,0.57202,0.50829,0.5443,0.69224,0.49289,0.34247,0.43036,0.49741,0.46288,0.42165,0.42335,0.094811,0.15496,0.13112,0.34843,0.36555,0.48847,0.16545,0.19146,0.5266,0.099832,0.18392,0.044411,0.043226,0.066328,0.10965,0.065525,0.018175,0.058163,0.142,0.10415,0.1799,0.22172,0.36635,0.42266,0.25109,0.44053,0.37599,0.41796,0.42715,0.44443,0.41541,0.51162,0.42601,0.41745,0.3922,0.44096,0.34112,0.49804,0.54051,0.62899,0.56062,0.62804,1,0.59783,0.47025,0.51223,0.56605,0.27099,0.42946,0.30692,0.10506,0.17222,0.58485,0.40452,0.57015,0.11077,0.1213,0.18146,0.16828,0.10083,0.322,0.055776,0.25445,0.023482,0.049038,0.043729,0.14783,0.17227,0.21781,0.27668,0.19698,0.2333,0.40278
0.35194,0.19287,0.29274,0.39222,0.36718,0.36564,0.42216,0.3375,0.39556,0.43466,0.4138,0.61087,0.33222,0.44385,0.46582,0.45848,0.6016,0.39796,0.52827,0.52358,0.73436,0.47484,0.57908,0.56995,0.46282,0.49221,0.47314,0.10175,0.11169,0.089725,0.27908,0.34785,0.45183,0.11866,0.24153,0.46177,0.16308,0.023609,-0.0407,-0.028661,-0.022736,0.05854,-0.031372,-0.065639,-0.019978,0.16145,0.083958,0.076138,0.13243,0.4183,0.36726,0.26061,0.37304,0.36682,0.38764,0.42958,0.46616,0.27866,0.46043,0.35656,0.49405,0.45966,0.59704,0.31752,0.43809,0.50236,0.46109,0.48016,0.61525,0.59783,1,0.66686,0.60892,0.64674,0.35305,0.51538,0.34244,0.11185,0.13508,0.51271,0.45677,0.60073,0.0014829,0.0025109,0.10496,0.12996,0.15799,0.29673,-0.017301,0.059227,-0.052912,-0.025184,-0.012548,0.15075,0.24647,0.1061,0.17702,0.15551,0.25072,0.47683
0.33436,0.2255,0.30735,0.36475,0.34265,0.36401,0.39623,0.30378,0.36098,0.43058,0.4008,0.53596,0.32901,0.36074,0.37463,0.3638,0.42637,0.28371,0.38438,0.42599,0.59203,0.46404,0.58656,0.49581,0.43935,0.48654,0.51125,0.11329,0.11565,0.10897,0.28161,0.35194,0.41007,0.17129,0.26109,0.35698,0.19429,0.050259,-0.012785,0.02869,-0.0012452,0.10595,-0.0033042,-0.016303,0.033794,0.2375,0.12363,0.084955,0.12677,0.37869,0.34103,0.27889,0.33408,0.36447,0.37096,0.40001,0.43975,0.25044,0.3574,0.32347,0.48041,0.4384,0.53868,0.30672,0.35242,0.37867,0.36656,0.32789,0.44274,0.47025,0.66686,1,0.52813,0.6007,0.37406,0.52288,0.44195,0.13206,0.1475,0.41434,0.45955,0.54415,0.046952,0.069756,0.17852,0.20776,0.19647,0.30677,0.017128,0.099156,-0.016521,0.039289,0.048182,0.25092,0.31072,0.10916,0.16616,0.19095,0.27842,0.42971
0.40027,0.23345,0.37246,0.44646,0.43075,0.4561,0.49042,0.37017,0.44202,0.43963,0.42401,0.49481,0.3407,0.3986,0.44529,0.433,0.41094,0.31805,0.49867,0.47393,0.55699,0.41833,0.45572,0.60983,0.39606,0.4882,0.47706,0.10778,0.14112,0.12525,0.2631,0.30582,0.3222,0.21547,0.34722,0.5131,0.2474,0.15468,0.13196,0.11211,0.068697,0.12474,0.11528,0.041057,0.067283,0.18722,0.092279,0.22818,0.21998,0.3837,0.42143,0.30909,0.41118,0.44593,0.4696,0.49028,0.45139,0.31688,0.44332,0.421,0.47413,0.4289,0.45789,0.31358,0.39534,0.49237,0.44083,0.33949,0.59266,0.51223,0.60892,0.52813,1,0.56137,0.33067,0.49996,0.38791,0.12219,0.16909,0.3942,0.36639,0.4284,0.092246,0.12477,0.1813,0.19547,0.27004,0.43722,0.12648,0.20664,0.13181,0.12923,0.09569,0.18454,0.22285,0.25566,0.24586,0.19529,0.26966,0.44521
0.38263,0.21569,0.32728,0.41316,0.39437,0.41586,0.45774,0.42267,0.48502,0.44909,0.44341,0.59434,0.42442,0.38317,0.43093,0.40057,0.45938,0.36298,0.48183,0.51643,0.56905,0.42267,0.56202,0.53051,0.5824,0.50409,0.54866,0.09346,0.14379,0.093022,0.23445,0.30762,0.42134,0.16566,0.22071,0.39142,0.16695,0.080825,0.038517,0.070021,0.078753,0.15437,0.028835,0.045277,0.063047,0.22114,0.13381,0.1255,0.14609,0.40011,0.39154,0.28495,0.37658,0.40378,0.43099,0.45174,0.53679,0.36205,0.45664,0.45905,0.4836,0.4656,0.57237,0.38596,0.39705,0.40885,0.39967,0.40771,0.51881,0.56605,0.64674,0.6007,0.56137,1,0.25168,0.47888,0.41127,0.098116,0.15462,0.38875,0.33796,0.51698,0.018867,0.022374,0.12644,0.12453,0.15813,0.27722,0.020691,0.10805,0.01614,0.06014,0.068943,0.17499,0.25588,0.14521,0.1905,0.20849,0.29411,0.4364
0.15964,0.22118,0.25068,0.1582,0.14599,0.19415,0.15851,0.055074,0.093125,0.20506,0.14272,0.15577,0.083805,0.22482,0.13938,0.26579,0.19143,0.094767,0.11785,0.25282,0.40643,0.22008,0.29196,0.29469,0.13359,0.3936,0.30015,0.093783,0.01038,0.31841,0.55539,0.44719,0.32777,0.34894,0.4093,0.32342,0.28551,0.22475,0.057222,-0.06493,-0.067065,0.13082,0.2703,0.028208,0.25643,0.15879,0.18654,0.047984,0.061342,0.23566,0.13898,0.22595,0.13138,0.22524,0.1611,0.17593,0.13878,0.040239,0.095399,0.071324,0.21429,0.12858,0.14486,0.075956,0.15821,0.27887,0.28956,0.086081,0.20836,0.27099,0.35305,0.37406,0.33067,0.25168,1,0.5809,0.51489,0.16371,0.093247,0.51396,0.66404,0.47736,0.4376,0.58162,0.6218,0.62243,0.33869,0.51407,0.39297,0.41431,0.13006,0.040391,0.26795,0.27326,0.38999,0.088745,0.067203,0.030616,0.25411,0.31163
0.25667,0.24228,0.28628,0.29279,0.26683,0.29968,0.31752,0.15819,0.1984,0.27174,0.22798,0.30881,0.15556,0.2563,0.2692,0.31797,0.27756,0.18046,0.28788,0.39683,0.51488,0.31077,0.4522,0.45773,0.3157,0.69106,0.46502,0.05145,0.0073177,0.10614,0.32043,0.33372,0.27615,0.33388,0.41185,0.46019,0.27369,0.16356,0.01372,0.00229,-0.086158,0.041833,0.071403,-0.0071149,0.089649,0.17898,0.021785,0.076371,0.084404,0.26845,0.25475,0.27313,0.26337,0.32292,0.28142,0.32977,0.2779,0.11121,0.21619,0.16448,0.29478,0.22791,0.30148,0.13648,0.24355,0.32973,0.33471,0.17976,0.40825,0.42946,0.51538,0.52288,0.49996,0.47888,0.5809,1,0.53513,0.087864,0.069694,0.39801,0.50115,0.43005,0.095443,0.20709,0.34153,0.41577,0.30015,0.48388,0.17407,0.30523,0.05387,0.064786,0.16865,0.18459,0.279,0.10865,0.096501,0.075895,0.22542,0.37
0.23318,0.24238,0.32658,0.22792,0.23083,0.30973,0.25313,0.16664,0.21409,0.3081,0.26521,0.27342,0.18697,0.23293,0.19965,0.25621,0.21167,0.15204,0.20712,0.30649,0.35683,0.29126,0.39035,0.36432,0.27146,0.46049,0.48394,0.11561,0.071152,0.19082,0.37229,0.36621,0.29745,0.34215,0.39579,0.31686,0.30372,0.23644,0.15082,0.16525,0.018122,0.1277,0.18122,0.12955,0.18784,0.27318,0.14398,0.17354,0.13522,0.23166,0.22007,0.27375,0.19644,0.32197,0.26998,0.25395,0.23592,0.1298,0.17828,0.1836,0.32226,0.24958,0.2495,0.16256,0.19689,0.25675,0.26161,0.1429,0.25679,0.30692,0.34244,0.44195,0.38791,0.41127,0.51489,0.53513,1,0.14658,0.10903,0.35494,0.47448,0.39076,0.23763,0.34627,0.40615,0.41657,0.34104,0.45088,0.23064,0.34375,0.1747,0.21518,0.24929,0.31665,0.30243,0.1863,0.13744,0.099317,0.22759,0.28755
0.1335,0.12488,0.15191,0.12112,0.11146,0.13014,0.10537,0.10825,0.11791,0.14911,0.12788,0.11264,0.10417,0.16031,0.12262,0.1317,0.10392,0.09532,0.093162,0.095821,0.10567,0.12221,0.087442,0.12046,0.067701,0.05263,0.11284,0.11443,0.12507,0.15817,0.15276,0.16043,0.13034,0.13611,0.11176,0.094472,0.10567,0.11679,0.1534,0.15063,0.13265,0.14251,0.17094,0.13509,0.13052,0.12312,0.16339,0.12291,0.11182,0.14066,0.12603,0.1415,0.11892,0.13042,0.12371,0.11019,0.10474,0.1062,0.10801,0.11581,0.15695,0.12585,0.10609,0.10448,0.14119,0.1665,0.1331,0.10059,0.095762,0.10506,0.11185,0.13206,0.12219,0.098116,0.16371,0.087864,0.14658,1,0.16914,0.14938,0.20365,0.17112,0.22941,0.19879,0.20402,0.22575,0.12267,0.15507,0.18327,0.15994,0.16661,0.20225,0.19326,0.23292,0.19393,0.12773,0.12709,0.13063,0.15859,0.14935
0.24723,0.15493,0.19291,0.21043,0.20958,0.20328,0.1912,0.24652,0.24635,0.25079,0.21994,0.19575,0.23151,0.29798,0.27029,0.19496,0.17242,0.20479,0.18952,0.16512,0.12672,0.18162,0.080294,0.18312,0.15253,0.078365,0.14821,0.11994,0.34611,0.21675,0.098375,0.1294,0.15433,0.15649,0.072584,0.16322,0.09904,0.208,0.31801,0.27094,0.43001,0.37019,0.34906,0.34402,0.25959,0.2068,0.28298,0.22867,0.22351,0.31902,0.25244,0.19232,0.21907,0.17576,0.22364,0.18635,0.20078,0.25073,0.23053,0.24407,0.26437,0.23388,0.19243,0.23618,0.31454,0.3437,0.19819,0.22974,0.1834,0.17222,0.13508,0.1475,0.16909,0.15462,0.093247,0.069694,0.10903,0.16914,1,0.13974,0.10393,0.1939,0.34506,0.18916,0.23524,0.15498,0.095889,0.16811,0.36648,0.23484,0.30587,0.30637,0.39269,0.26865,0.31912,0.22744,0.29593,0.41968,0.4145,0.34505
0.38306,0.25375,0.33282,0.44319,0.33228,0.31946,0.34103,0.28728,0.28519,0.31884,0.2657,0.32177,0.24759,0.59247,0.41676,0.7024,0.52536,0.44161,0.36686,0.53585,0.42327,0.28513,0.35349,0.37308,0.29283,0.32903,0.3436,0.12026,0.12655,0.2476,0.61263,0.49614,0.54594,0.216,0.27337,0.44328,0.1473,0.17275,0.031993,-0.04053,-0.0014928,0.11641,0.11198,-0.02745,0.11016,0.11639,0.15482,0.11698,0.17722,0.32587,0.37671,0.31094,0.46101,0.33757,0.33279,0.36211,0.30826,0.25808,0.35814,0.26162,0.33094,0.27629,0.2935,0.22968,0.54191,0.49833,0.73877,0.49145,0.45334,0.58485,0.51271,0.41434,0.3942,0.38875,0.51396,0.39801,0.35494,0.14938,0.13974,1,0.62812,0.65922,0.28894,0.37611,0.33261,0.33841,0.17319,0.40971,0.10348,0.2769,0.031695,-0.015215,0.035623,0.1828,0.20257,0.1634,0.24515,0.11662,0.19812,0.34219
0.26808,0.25942,0.31988,0.2724,0.23526,0.26255,0.2392,0.15391,0.18936,0.29012,0.22128,0.26527,0.16488,0.41141,0.25401,0.43756,0.35181,0.21633,0.21135,0.37866,0.43852,0.29678,0.37046,0.33929,0.20752,0.35449,0.35602,0.15319,0.072867,0.30864,0.60757,0.60331,0.4966,0.27886,0.32646,0.34747,0.21385,0.21102,0.0026793,-0.052156,-0.095385,0.064457,0.11939,-0.033118,0.13358,0.13268,0.2053,0.10068,0.14426,0.27236,0.24525,0.28457,0.25377,0.29202,0.24188,0.25621,0.22993,0.13404,0.19881,0.16755,0.30295,0.22083,0.25232,0.15432,0.31413,0.37071,0.44543,0.22861,0.29375,0.40452,0.45677,0.45955,0.36639,0.33796,0.66404,0.50115,0.47448,0.20365,0.10393,0.62812,1,0.63248,0.36069,0.46895,0.47767,0.52735,0.2575,0.42741,0.14584,0.34306,0.042167,0.016779,0.12076,0.29302,0.33061,0.14226,0.17347,0.06033,0.17649,0.30361
0.3781,0.24418,0.32389,0.40217,0.33768,0.32895,0.34603,0.30484,0.32789,0.38851,0.31135,0.42275,0.31256,0.53001,0.42472,0.54871,0.49536,0.36232,0.32128,0.51772,0.53073,0.3561,0.47145,0.40782,0.40441,0.36809,0.40853,0.13104,0.15558,0.22492,0.47518,0.5051,0.62542,0.17112,0.17791,0.36657,0.11065,0.14224,-0.0093871,-0.026573,0.044324,0.17605,0.083081,0.030762,0.12903,0.21602,0.25029,0.087649,0.16895,0.43843,0.37487,0.29748,0.40053,0.33542,0.3429,0.35451,0.3982,0.27471,0.33826,0.30287,0.40472,0.32932,0.41585,0.29833,0.48702,0.50601,0.55609,0.42528,0.3978,0.57015,0.60073,0.54415,0.4284,0.51698,0.47736,0.43005,0.39076,0.17112,0.1939,0.65922,0.63248,1,0.22862,0.23502,0.35987,0.29483,0.12424,0.30336,0.10329,0.23377,-0.0068453,0.007618,0.14293,0.27767,0.41749,0.13109,0.23783,0.21982,0.34152,0.48762
0.18292,0.20726,0.23686,0.11829,0.12794,0.17235,0.085406,0.16669,0.16757,0.21861,0.16176,0.08237,0.16575,0.2514,0.13503,0.19445,0.0827,0.13796,0.081136,0.11687,0.010324,0.081696,-0.017875,0.096533,0.031269,-0.0010608,0.10541,0.16097,0.23829,0.47532,0.40705,0.31456,0.19351,0.34114,0.21,0.15589,0.20706,0.44029,0.45351,0.28871,0.36378,0.35893,0.58086,0.37469,0.42307,0.1468,0.35787,0.30323,0.23111,0.20827,0.16591,0.22489,0.12602,0.16062,0.15935,0.085353,0.10378,0.18902,0.14325,0.17208,0.22955,0.15874,0.082077,0.17668,0.22631,0.32787,0.21695,0.14188,0.068587,0.11077,0.0014829,0.046952,0.092246,0.018867,0.4376,0.095443,0.23763,0.22941,0.34506,0.28894,0.36069,0.22862,1,0.71318,0.58908,0.54332,0.25309,0.36685,0.62851,0.56779,0.48683,0.38358,0.48947,0.34802,0.30867,0.31305,0.25767,0.2635,0.34208,0.23197
0.1433,0.20999,0.26847,0.076844,0.11028,0.19133,0.0876,0.11952,0.12831,0.2009,0.14563,0.06734,0.13381,0.19061,0.080428,0.20653,0.0632,0.11082,0.077698,0.1402,0.023542,0.074048,0.018851,0.12406,0.018384,0.08414,0.15132,0.13551,0.12899,0.42158,0.5721,0.40064,0.19621,0.43025,0.45555,0.23862,0.30768,0.47091,0.4625,0.21259,0.1986,0.26782,0.5681,0.24748,0.40735,0.11872,0.25203,0.34861,0.21307,0.15333,0.11783,0.22015,0.063523,0.18824,0.15571,0.084683,0.066544,0.13232,0.11125,0.12452,0.20267,0.13191,0.053996,0.13739,0.13476,0.30119,0.23791,0.09159,0.088433,0.1213,0.0025109,0.069756,0.12477,0.022374,0.58162,0.20709,0.34627,0.19879,0.18916,0.37611,0.46895,0.23502,0.71318,1,0.70082,0.65582,0.37635,0.59901,0.627,0.66471,0.5307,0.32093,0.3839,0.30976,0.22973,0.372,0.21245,0.14654,0.24895,0.1872
0.19326,0.24012,0.28913,0.13206,0.15125,0.21597,0.12357,0.13027,0.14583,0.22919,0.16964,0.11369,0.15674,0.21174,0.14197,0.19461,0.10246,0.11774,0.087453,0.18175,0.15789,0.12878,0.11185,0.17768,0.10372,0.20171,0.21135,0.12092,0.1333,0.35549,0.45776,0.39969,0.25646,0.42518,0.34848,0.23158,0.25953,0.39324,0.35587,0.16083,0.22895,0.3456,0.52698,0.3314,0.50323,0.23966,0.35812,0.23432,0.16351,0.25806,0.16726,0.253,0.12055,0.22178,0.17861,0.12249,0.12349,0.13984,0.11928,0.13973,0.23186,0.15521,0.10344,0.15826,0.17355,0.30089,0.20908,0.11249,0.11242,0.18146,0.10496,0.17852,0.1813,0.12644,0.6218,0.34153,0.40615,0.20402,0.23524,0.33261,0.47767,0.35987,0.58908,0.70082,1,0.6631,0.30599,0.48963,0.64954,0.5843,0.41492,0.27786,0.54735,0.38809,0.47898,0.25235,0.17093,0.20623,0.39081,0.31735
0.17983,0.24194,0.25738,0.14589,0.1417,0.18702,0.13432,0.11459,0.13033,0.22028,0.15519,0.11968,0.12408,0.18285,0.13155,0.19025,0.097558,0.10494,0.09704,0.15835,0.15214,0.13335,0.12343,0.17672,0.079323,0.22866,0.20118,0.1236,0.070689,0.32847,0.44363,0.36998,0.20083,0.46578,0.35716,0.21217,0.27192,0.3216,0.25619,0.10958,0.10254,0.22503,0.38597,0.18383,0.34455,0.15453,0.24139,0.17552,0.12048,0.17866,0.15255,0.24767,0.1283,0.2041,0.15923,0.14215,0.12027,0.11506,0.1146,0.12085,0.22737,0.14448,0.11291,0.1218,0.15952,0.22501,0.21583,0.095291,0.11469,0.16828,0.12996,0.20776,0.19547,0.12453,0.62243,0.41577,0.41657,0.22575,0.15498,0.33841,0.52735,0.29483,0.54332,0.65582,0.6631,1,0.33063,0.4755,0.49499,0.51681,0.323,0.23871,0.39323,0.34163,0.33776,0.19783,0.13057,0.11263,0.27069,0.22307
0.14107,0.21898,0.2349,0.13367,0.13318,0.20077,0.16048,0.087277,0.11221,0.19134,0.16502,0.13613,0.087008,0.1098,0.10771,0.1145,0.059351,0.059334,0.11815,0.098396,0.16514,0.16014,0.14406,0.23899,0.07932,0.24682,0.23894,0.092582,0.059882,0.1677,0.25685,0.18532,0.059712,0.30474,0.51176,0.19413,0.42093,0.20091,0.31381,0.19763,0.076925,0.1189,0.25909,0.13172,0.17954,0.13262,0.068479,0.22365,0.11254,0.12046,0.12964,0.23176,0.11905,0.21627,0.16602,0.16988,0.11676,0.065544,0.10293,0.092448,0.20416,0.14786,0.12493,0.077838,0.10043,0.15788,0.13573,0.041657,0.13947,0.10083,0.15799,0.19647,0.27004,0.15813,0.33869,0.30015,0.34104,0.12267,0.095889,0.17319,0.2575,0.12424,0.25309,0.37635,0.30599,0.33063,1,0.4892,0.2884,0.27614,0.38309,0.24232,0.20981,0.19521,0.13904,0.2268,0.098264,0.076353,0.14975,0.1647
0.29736,0.27875,0.39332,0.30228,0.31325,0.39191,0.35129,0.19505,0.22658,0.308,0.2631,0.23359,0.18567,0.29628,0.29274,0.3721,0.19345,0.18137,0.27658,0.33165,0.30127,0.25276,0.23739,0.43014,0.16302,0.40247,0.35038,0.11183,0.11323,0.22705,0.46882,0.34927,0.19491,0.41806,0.7374,0.54666,0.42617,0.37332,0.44071,0.21027,0.10616,0.1652,0.39807,0.11019,0.22591,0.16836,0.056393,0.42968,0.28204,0.29024,0.30396,0.3279,0.27664,0.39226,0.36869,0.35534,0.21473,0.16127,0.23363,0.19725,0.31949,0.24723,0.20538,0.17098,0.25978,0.49413,0.40079,0.15734,0.39996,0.322,0.29673,0.30677,0.43722,0.27722,0.51407,0.48388,0.45088,0.15507,0.16811,0.40971,0.42741,0.30336,0.36685,0.59901,0.48963,0.4755,0.4892,1,0.46177,0.5438,0.51731,0.29821,0.24815,0.24631,0.20106,0.47678,0.27989,0.18719,0.2693,0.38931
0.17174,0.199,0.23551,0.09655,0.1383,0.20166,0.10354,0.15501,0.15611,0.203,0.16501,0.074968,0.16221,0.14267,0.14808,0.075375,0.01968,0.10265,0.084067,0.066261,0.019095,0.071083,-0.043135,0.13908,0.027702,0.091657,0.10023,0.10723,0.22581,0.31993,0.20031,0.14597,0.031232,0.39431,0.30116,0.21035,0.25292,0.45731,0.60186,0.37769,0.47369,0.44777,0.7179,0.51313,0.52405,0.24226,0.33219,0.36571,0.22524,0.25776,0.16295,0.22052,0.10338,0.1752,0.17688,0.093191,0.092568,0.17316,0.12993,0.15741,0.20759,0.15687,0.071926,0.17196,0.16502,0.35549,0.096789,0.10475,0.089893,0.055776,-0.017301,0.017128,0.12648,0.020691,0.39297,0.17407,0.23064,0.18327,0.36648,0.10348,0.14584,0.10329,0.62851,0.627,0.64954,0.49499,0.2884,0.46177,1,0.61025,0.65355,0.49221,0.68995,0.35911,0.42489,0.36063,0.22447,0.3344,0.47395,0.36256
0.18853,0.18271,0.26703,0.12431,0.17089,0.23755,0.13527,0.19201,0.19698,0.2486,0.18856,0.12468,0.19146,0.21967,0.16788,0.23297,0.12963,0.16668,0.14825,0.27283,0.063817,0.11173,0.05603,0.21401,0.087636,0.19873,0.20919,0.10603,0.15564,0.31388,0.36448,0.31408,0.17603,0.39459,0.33179,0.37193,0.22174,0.59779,0.46366,0.32606,0.24293,0.20573,0.51971,0.31219,0.33989,0.13267,0.16578,0.43218,0.30304,0.18696,0.17906,0.21027,0.11287,0.20995,0.21703,0.11691,0.12857,0.20028,0.1695,0.19234,0.24372,0.17998,0.10944,0.1934,0.18621,0.42262,0.24242,0.16156,0.19861,0.25445,0.059227,0.099156,0.20664,0.10805,0.41431,0.30523,0.34375,0.15994,0.23484,0.2769,0.34306,0.23377,0.56779,0.66471,0.5843,0.51681,0.27614,0.5438,0.61025,1,0.51866,0.43606,0.45314,0.28595,0.20782,0.45909,0.2973,0.22567,0.256,0.26557
0.16874,0.22371,0.25886,0.1082,0.13854,0.22686,0.13245,0.17832,0.18057,0.21522,0.18877,0.092334,0.16543,0.12163,0.15032,0.06299,-0.00079359,0.10283,0.12014,0.038031,-0.059476,0.0767,-0.06387,0.14972,0.019797,0.040635,0.10808,0.11748,0.22629,0.22721,0.1307,0.075858,-0.048024,0.34466,0.41608,0.18893,0.32484,0.42253,0.73564,0.49678,0.44263,0.34197,0.60109,0.43976,0.36625,0.18874,0.18597,0.49155,0.26411,0.18444,0.1568,0.24852,0.11086,0.19916,0.20055,0.12113,0.095728,0.18239,0.15416,0.17936,0.21551,0.17563,0.078714,0.1671,0.15119,0.30748,0.085521,0.097652,0.10372,0.023482,-0.052912,-0.016521,0.13181,0.01614,0.13006,0.05387,0.1747,0.16661,0.30587,0.031695,0.042167,-0.0068453,0.48683,0.5307,0.41492,0.323,0.38309,0.51731,0.65355,0.51866,1,0.5687,0.5021,0.28825,0.19943,0.48581,0.25431,0.30865,0.32348,0.24635
0.16757,0.18472,0.22746,0.11093,0.14088,0.21454,0.11953,0.18839,0.19569,0.2331,0.20304,0.11606,0.17567,0.11407,0.14279,0.044729,0.017606,0.10337,0.10876,0.058887,-0.043661,0.11009,-0.0054992,0.14578,0.057342,0.060177,0.15782,0.14528,0.23382,0.16864,0.0072165,0.033761,-0.035533,0.27548,0.21299,0.13391,0.22268,0.369,0.55047,0.59396,0.4041,0.26305,0.44563,0.43459,0.26351,0.23206,0.1711,0.42373,0.26579,0.14595,0.16087,0.21134,0.11526,0.17869,0.19017,0.10357,0.12155,0.19182,0.14767,0.19338,0.23532,0.19176,0.1059,0.17656,0.14614,0.25744,0.057332,0.10855,0.080449,0.049038,-0.025184,0.039289,0.12923,0.06014,0.040391,0.064786,0.21518,0.20225,0.30637,-0.015215,0.016779,0.007618,0.38358,0.32093,0.27786,0.23871,0.24232,0.29821,0.49221,0.43606,0.5687,1,0.47946,0.33841,0.20411,0.39526,0.25554,0.29711,0.27421,0.20564
0.15855,0.19736,0.20966,0.09076,0.10788,0.15418,0.070876,0.15354,0.16148,0.18897,0.15625,0.079782,0.16883,0.12752,0.13086,0.033618,0.02624,0.093182,0.066314,0.043934,0.044101,0.084819,-0.0068391,0.10739,0.089997,0.11247,0.1315,0.11539,0.24905,0.25516,0.081284,0.11217,0.075671,0.32076,0.14325,0.093658,0.19938,0.34606,0.47922,0.38717,0.48703,0.46774,0.57693,0.65257,0.51996,0.33809,0.43304,0.24018,0.15816,0.25443,0.14425,0.21056,0.10097,0.142,0.1299,0.064617,0.097593,0.16827,0.11227,0.16355,0.18721,0.14678,0.075477,0.17051,0.154,0.23278,0.047049,0.10248,0.046178,0.043729,-0.012548,0.048182,0.09569,0.068943,0.26795,0.16865,0.24929,0.19326,0.39269,0.035623,0.12076,0.14293,0.48947,0.3839,0.54735,0.39323,0.20981,0.24815,0.68995,0.45314,0.5021,0.47946,1,0.42103,0.55937,0.22472,0.16759,0.33451,0.48123,0.30475
0.19868,0.18959,0.24679,0.15425,0.16746,0.21776,0.14846,0.16737,0.18906,0.25329,0.21174,0.17343,0.1816,0.21429,0.16464,0.15659,0.12911,0.12712,0.11452,0.14661,0.16968,0.18705,0.17425,0.19175,0.14531,0.14577,0.24084,0.16675,0.19326,0.23018,0.21831,0.25986,0.21734,0.25292,0.18633,0.14079,0.18847,0.23455,0.28662,0.28953,0.25602,0.28885,0.33438,0.33262,0.29618,0.34091,0.33724,0.2237,0.17943,0.24242,0.18729,0.21581,0.15295,0.2072,0.1944,0.14334,0.16974,0.16692,0.14935,0.18212,0.26615,0.20766,0.16775,0.17941,0.18992,0.24861,0.15503,0.13552,0.11419,0.14783,0.15075,0.25092,0.18454,0.17499,0.27326,0.18459,0.31665,0.23292,0.26865,0.1828,0.29302,0.27767,0.34802,0.30976,0.38809,0.34163,0.19521,0.24631,0.35911,0.28595,0.28825,0.33841,0.42103,1,0.43711,0.21524,0.19021,0.23945,0.32905,0.27106
0.22563,0.22505,0.24887,0.19019,0.18231,0.20782,0.16761,0.15816,0.18412,0.24723,0.20092,0.19619,0.19158,0.2357,0.20583,0.16034,0.14629,0.12276,0.11845,0.15972,0.32201,0.21728,0.23566,0.22711,0.22318,0.23776,0.25139,0.13118,0.20639,0.22289,0.19677,0.27418,0.29811,0.22384,0.12416,0.14704,0.14335,0.13605,0.18481,0.14001,0.29333,0.42035,0.34287,0.37937,0.39026,0.38571,0.49313,0.087201,0.10583,0.39052,0.21072,0.24556,0.18884,0.21311,0.19134,0.17163,0.2004,0.15553,0.14755,0.17457,0.25757,0.19881,0.19561,0.18691,0.22167,0.28731,0.16156,0.13898,0.14264,0.17227,0.24647,0.31072,0.22285,0.25588,0.38999,0.279,0.30243,0.19393,0.31912,0.20257,0.33061,0.41749,0.30867,0.22973,0.47898,0.33776,0.13904,0.20106,0.42489,0.20782,0.19943,0.20411,0.55937,0.43711,1,0.096488,0.13385,0.32162,0.52789,0.44553
0.27556,0.16142,0.32278,0.23287,0.30376,0.37382,0.28492,0.25389,0.26602,0.28341,0.25846,0.19817,0.23973,0.25013,0.24949,0.25685,0.15065,0.18911,0.22513,0.24265,0.077389,0.15998,0.072707,0.28271,0.11433,0.12074,0.20199,0.11206,0.20094,0.18275,0.19252,0.19189,0.10795,0.24251,0.34663,0.36658,0.19794,0.40257,0.46999,0.3617,0.2694,0.19175,0.39261,0.22849,0.18423,0.13414,0.11088,0.59558,0.40294,0.21707,0.29894,0.22705,0.22257,0.32202,0.39376,0.25655,0.20077,0.24734,0.2444,0.26006,0.28758,0.25472,0.17661,0.23632,0.23268,0.45222,0.25812,0.1935,0.27904,0.21781,0.1061,0.10916,0.25566,0.14521,0.088745,0.10865,0.1863,0.12773,0.22744,0.1634,0.14226,0.13109,0.31305,0.372,0.25235,0.19783,0.2268,0.47678,0.36063,0.45909,0.48581,0.39526,0.22472,0.21524,0.096488,1,0.39287,0.26215,0.21763,0.27189
0.34363,0.16221,0.26787,0.32552,0.32895,0.31074,0.28898,0.27094,0.27447,0.29037,0.25015,0.22448,0.24665,0.39214,0.33644,0.34712,0.22036,0.23755,0.23517,0.27946,0.1347,0.19445,0.12311,0.26332,0.16022,0.11148,0.19161,0.11277,0.25371,0.17968,0.17748,0.2032,0.20342,0.15222,0.15003,0.30361,0.088348,0.26848,0.27184,0.23804,0.25647,0.19719,0.25681,0.17624,0.1346,0.12522,0.15234,0.36689,0.37131,0.27067,0.39333,0.22607,0.34011,0.27137,0.34923,0.28121,0.23846,0.26403,0.26627,0.26747,0.29557,0.25588,0.2084,0.24166,0.38429,0.4529,0.35278,0.2546,0.27941,0.27668,0.17702,0.16616,0.24586,0.1905,0.067203,0.096501,0.13744,0.12709,0.29593,0.24515,0.17347,0.23783,0.25767,0.21245,0.17093,0.13057,0.098264,0.27989,0.22447,0.2973,0.25431,0.25554,0.16759,0.19021,0.13385,0.39287,1,0.28646,0.2405,0.30585
0.28764,0.1479,0.19911,0.24767,0.26226,0.24454,0.2583,0.31995,0.31786,0.36554,0.27622,0.27044,0.30738,0.28091,0.31837,0.18761,0.17856,0.23371,0.2247,0.18927,0.14007,0.21799,0.12495,0.21207,0.2232,0.10174,0.17996,0.097155,0.32775,0.15379,0.063969,0.12326,0.1753,0.14628,0.079817,0.17585,0.083761,0.20167,0.32919,0.27102,0.50115,0.45855,0.32262,0.31647,0.24879,0.22543,0.27213,0.26299,0.23029,0.43297,0.30275,0.19779,0.2457,0.20367,0.28205,0.24706,0.27534,0.32523,0.29201,0.31767,0.37848,0.29676,0.26792,0.30803,0.33458,0.37426,0.19823,0.26991,0.21101,0.19698,0.15551,0.19095,0.19529,0.20849,0.030616,0.075895,0.099317,0.13063,0.41968,0.11662,0.06033,0.21982,0.2635,0.14654,0.20623,0.11263,0.076353,0.18719,0.3344,0.22567,0.30865,0.29711,0.33451,0.23945,0.32162,0.26215,0.28646,1,0.56859,0.46392
0.34384,0.20975,0.27652,0.29825,0.31191,0.30655,0.32214,0.35649,0.3648,0.4516,0.32945,0.33723,0.37226,0.31359,0.36764,0.21812,0.21605,0.25983,0.25893,0.22068,0.271,0.26755,0.21121,0.28165,0.29787,0.22519,0.26314,0.11567,0.3047,0.22308,0.16646,0.21391,0.26132,0.25235,0.1568,0.21244,0.15993,0.20633,0.34179,0.23434,0.51149,0.60285,0.41692,0.39507,0.38745,0.32949,0.39833,0.21898,0.18347,0.55558,0.35073,0.26627,0.28633,0.28081,0.33529,0.31516,0.34476,0.35542,0.33238,0.35779,0.46038,0.34455,0.33,0.36449,0.38103,0.40897,0.23471,0.29414,0.2477,0.2333,0.25072,0.27842,0.26966,0.29411,0.25411,0.22542,0.22759,0.15859,0.4145,0.19812,0.17649,0.34152,0.34208,0.24895,0.39081,0.27069,0.14975,0.2693,0.47395,0.256,0.32348,0.27421,0.48123,0.32905,0.52789,0.21763,0.2405,0.56859,1,0.61327
0.42182,0.23829,0.33419,0.42051,0.4108,0.39923,0.43943,0.37167,0.39602,0.47616,0.36682,0.41679,0.3658,0.44702,0.53728,0.38077,0.3274,0.29939,0.36312,0.38129,0.4536,0.363,0.34248,0.45157,0.34168,0.35396,0.35104,0.11382,0.25803,0.19273,0.23466,0.29106,0.3377,0.20946,0.23424,0.41203,0.16235,0.19637,0.24859,0.1599,0.30695,0.37015,0.28192,0.19434,0.21171,0.25862,0.24938,0.24576,0.24071,0.63176,0.44384,0.3089,0.40574,0.37175,0.43496,0.43786,0.41203,0.3428,0.3937,0.37398,0.49523,0.38184,0.40143,0.35316,0.49877,0.64414,0.387,0.33219,0.43617,0.40278,0.47683,0.42971,0.44521,0.4364,0.31163,0.37,0.28755,0.14935,0.34505,0.34219,0.30361,0.48762,0.23197,0.1872,0.31735,0.22307,0.1647,0.38931,0.36256,0.26557,0.24635,0.20564,0.30475,0.27106,0.44553,0.27189,0.30585,0.46392,0.61327,1
