1.000000000000000000e+01,4.000000000000000000e+00,1.000000000000000000e+00,1.000000000000000000e+01,9.000000000000000000e+00,9.000000000000000000e+00,9.000000000000000000e+00,9.000000000000000000e+00,8.000000000000000000e+00,9.000000000000000000e+00
1.990000000000000000e+02,2.540000000000000000e+02,2.210000000000000000e+02,3.700000000000000000e+01,1.700000000000000000e+02,2.340000000000000000e+02,7.800000000000000000e+01,3.230000000000000000e+02,1.370000000000000000e+02,1.210000000000000000e+02
3.102888464927673340e-01,3.057885169982910156e-01,3.269121050834655762e-01,3.242913484573364258e-01,3.482254147529602051e-01,3.383577466011047363e-01,3.703017234802246094e-01,3.269428014755249023e-01,3.882300257682800293e-01,3.745881319046020508e-01
3.882108189742842358e-02,1.655100952429761074e-02,3.904049147745927012e-02,4.903777421526372277e-02,3.647804382746399482e-02,2.199380848586569848e-02,6.905636263759143412e-02,3.148127090997320660e-02,4.722911324897541979e-02,4.362727277095081180e-02
3.491099283901957784e-01,3.223395265225886264e-01,3.659525965609248255e-01,3.733291226726001555e-01,3.847034585804242068e-01,3.603515550869704209e-01,4.393580861178160157e-01,3.584240723854981159e-01,4.354591390172554699e-01,4.182154046755528487e-01
1.586861652603511336e-02,1.774223969504910500e-02,2.970167103617375390e-02,3.508207510402167745e-02,2.382780647459072434e-02,2.254740394691675739e-02,6.614958608462803702e-02,1.804689993728159428e-02,1.016997435950820206e-01,3.594496320027745079e-02
3.015227913856506348e-01,2.934061884880065918e-01,3.250665664672851562e-01,3.230195045471191406e-01,3.416725397109985352e-01,3.308519721031188965e-01,3.732991814613342285e-01,3.208269476890563965e-01,3.909518122673034668e-01,3.631404638290405273e-01
3.173914079116857412e-01,3.111484281830557141e-01,3.547682375034589275e-01,3.581015796511408111e-01,3.655003461855892422e-01,3.533993760500356296e-01,4.394487675459622933e-01,3.388738476263379873e-01,4.926515558623855151e-01,3.990854270293179851e-01
3.082102745066954141e-01,3.011160627369318665e-01,3.338750246135086530e-01,3.329335230875170026e-01,3.533139997269254540e-01,3.373588852170040231e-01,3.867855784347891124e-01,3.236629789488983944e-01,3.979989601959942336e-01,3.799159270456236581e-01
7.396760504383786961e-02,8.517546804457618026e-02,8.356337576778338772e-02,9.606043179945483734e-02,8.539233657239396480e-02,1.070768750810774800e-01,8.515560676057772060e-02,1.645607548079925375e-01,9.317282167926807523e-02,1.151025610913544855e-01
3.821778795505331727e-01,3.862915307815078525e-01,4.174384003812917632e-01,4.289939548869715069e-01,4.387063362993191551e-01,4.444357602980814059e-01,4.719411851953666526e-01,4.882237337568907654e-01,4.911717818752622255e-01,4.950184881369781298e-01
3.664057752302400384e-01,4.942036940888704377e-01,2.556979459897404938e-01,3.975563347649310186e-01,3.826413967211200751e-01,3.602478955819919948e-01,4.753534181870965880e-01,3.211678144338944718e-01,3.737413855707367727e-01,4.206595090846278473e-01
8.526191243478804804e-02,4.724734113314852380e-01,1.707193971860282711e-01,1.295032047570529588e-01,2.851082750318127967e-01,2.415756211699064682e-01,4.094684928675216273e-01,1.783903879369792556e-01,4.320362366338793558e-01,3.438641168664015035e-01
7.774105803944575399e-01,8.176639045749333201e-01,4.968782201660236209e-01,7.762067614362342383e-01,5.376541943966659520e-01,5.821616636631354869e-01,5.112182447920656791e-01,6.273434857679103249e-01,1.217840959749282581e-01,5.062997695053842451e-01
1.128387800155221388e-01,1.496425096233245933e-01,4.876581413132836940e-02,1.705205340939478231e-01,2.808285810320489961e-01,1.992660339470955222e-01,4.832785603767306704e-01,8.383131414486220956e-02,6.120716026475829796e-01,3.810609335169228284e-01
3.645188428899635569e-01,6.258819192715574520e-01,3.079805562193560498e-01,3.897841267630459128e-01,3.876037681333215912e-01,3.813367101732936248e-01,4.475910552556873201e-01,3.642494965330943524e-01,2.987800127966566688e-01,4.081105628708330824e-01
1.467640269970660050e-01,3.696583188896035987e-01,1.461808976833508522e-01,1.930157255215754486e-01,3.018608366230941531e-01,2.496775281308205030e-01,4.461745827966502875e-01,1.736872132731782370e-01,4.807717574363719049e-01,3.704830093180490058e-01
6.473749619040023440e-01,7.165738964343499884e-01,4.210727839524271987e-01,6.563510306840154573e-01,4.886636921420345336e-01,5.121587156185957168e-01,4.996125516311263892e-01,5.308910788143568205e-01,2.007862333749662331e-01,4.790905952168179605e-01
4.371259384632636413e-01,6.516922866305882023e-01,3.380250308879361731e-01,4.580952439979984470e-01,4.136529304625353176e-01,4.153378560432801625e-01,4.604201742331787695e-01,4.078705304791605535e-01,2.721793117030406051e-01,4.260996307567858632e-01
8.563916376539540964e-01,6.574297734295695417e-01,4.540599134878263721e-01,8.590473167810041000e-01,5.579662993303450280e-01,5.878845820514240206e-01,5.642003771967557535e-01,6.118829352588258663e-01,2.004892124218906890e-01,5.430578999368912418e-01
1.904675394916938713e-01,2.554514812562821979e-01,1.122468026033015265e-01,2.400122312129444879e-01,3.120120096389622510e-01,2.486036991426096299e-01,4.807854403413346911e-01,1.565989384473171764e-01,5.389231219186533250e-01,3.931544659802992947e-01
6.617325270578392482e-01,7.976147219235015795e-01,4.574597182023371622e-01,6.664182817913121282e-01,4.970503876791822484e-01,5.314891971853791253e-01,4.864116942039008462e-01,5.648859728177306749e-01,1.521193902876238346e-01,4.757159242860680148e-01
1.085219972714172865e-01,1.884811990112176538e-01,6.316660798607304228e-02,1.646297966083843378e-01,2.810001426039672179e-01,2.039472504711652701e-01,4.741485817087767174e-01,9.472580454327754473e-02,5.905751802434341391e-01,3.763059530709438327e-01
7.949701202324656046e-01,9.189453515871721656e-01,5.422489409239756863e-01,7.884209783586451081e-01,5.480036044660544503e-01,6.061629549500130443e-01,4.946242365172810462e-01,6.696438167124394436e-01,6.102495084429441358e-02,5.019746610278721377e-01
7.307762983101053766e-01,8.402288575697799411e-01,4.932747950566186979e-01,7.305581094672605191e-01,5.225911162075133065e-01,5.668217146397399597e-01,4.948661492543977025e-01,6.124032272333580496e-01,1.164948200545886936e-01,4.911725892978511254e-01
4.407860802702547320e-01,5.898368871427169813e-01,3.142178925559462876e-01,4.644005354227720428e-01,4.122749987444742636e-01,4.065666831561103867e-01,4.741559017165185019e-01,3.889700728386675799e-01,3.069395749136373253e-01,4.327716886112578099e-01
1.197443141241467425e-02,1.540071460646287860e-01,2.315420458748973856e-02,7.380165372553092185e-02,2.463553526321529963e-01,1.587095765741460551e-01,4.571211414039025311e-01,3.667054361150130781e-02,6.260344772710392247e-01,3.523994125883816997e-01
5.100214100888997848e-01,6.552348826823350958e-01,3.592197927220294740e-01,5.276913040886048734e-01,4.388523632431491905e-01,4.457601536906731776e-01,4.779364253494824410e-01,4.441913233101582037e-01,2.582601508117260969e-01,4.462022116251578852e-01
8.127932635428152253e-01,9.192563551432277880e-01,5.472085307369750629e-01,8.054625620562212429e-01,5.541412794541707987e-01,6.135091214876223775e-01,4.990220657060093767e-01,6.783388782619591550e-01,5.793902179008866143e-02,5.069404759680786743e-01
6.238280612323993113e-01,7.192820643366294453e-01,4.157709993194612097e-01,6.336953526521268421e-01,4.806878543276636995e-01,5.029712086460649267e-01,4.931559815355309184e-01,5.204456844119685899e-01,2.030802887262345979e-01,4.722453278201500515e-01
1.551708278052158774e-01,1.450042395589038469e-01,5.838961314865887681e-02,2.112399232637922619e-01,2.951771667325743254e-01,2.158213636905478849e-01,4.948382741993898604e-01,1.026867664402038999e-01,6.078157004597976032e-01,3.933461566834013379e-01
9.140811357223192421e-03,1.558547873372204129e-01,2.312631139645831072e-02,7.100633058604553793e-02,2.454603859305613534e-01,1.578565954917033887e-01,4.560287848485695683e-01,3.592193650582323206e-02,6.254406918904491519e-01,3.514367453728083901e-01
4.696405353305223573e-01,5.892777127952163463e-01,3.218210693258727884e-01,4.920378496949987523e-01,4.221661965988828813e-01,4.182832033726786025e-01,4.814959225695049083e-01,4.026917678236085485e-01,3.025511029650714834e-01,4.409080101219100545e-01
1.014167179313151534e-01,2.081858454152651638e-01,6.913944650309281070e-02,1.569376263143408001e-01,2.793982207117151617e-01,2.043105958019073853e-01,4.682859388658414668e-01,9.788385100320307064e-02,5.804710567922116704e-01,3.725162567254747814e-01
5.542372078054935702e-01,6.309860473921211632e-01,3.614920255150413375e-01,5.711019111374158186e-01,4.530126474896517541e-01,4.598307255634624946e-01,4.940319979334052425e-01,4.574032637784259947e-01,2.649065768762915440e-01,4.608054235293287948e-01
7.591860311812242967e-01,9.367844236946250014e-01,5.396940822194645770e-01,7.533694446255436716e-01,5.364675226311423906e-01,5.944791126802446701e-01,4.819680705339562388e-01,6.583547701815367637e-01,5.666666263539786585e-02,4.903192030937623125e-01
6.009171358530983609e-01,7.515420919683504231e-01,4.224901268976155033e-01,6.103092279965215416e-01,4.741897459134357673e-01,4.989501590536594144e-01,4.807340972943264235e-01,5.201795669173501224e-01,1.883782851873063713e-01,4.628806329664452157e-01
5.497444034524886503e-01,7.196424095346236616e-01,3.958187451788486300e-01,5.627854220983525835e-01,4.552464376568094995e-01,4.727105806522180487e-01,4.745333770914957894e-01,4.848560582907978089e-01,2.149623427287260524e-01,4.514535275947860749e-01
1.444698765273299268e-01,3.156646991806409397e-01,1.239106009143230436e-01,1.932668891127170274e-01,2.987718670561945733e-01,2.397746279770527622e-01,4.567902346380175449e-01,1.545431243548092970e-01,5.120096547954053889e-01,3.747689605843379512e-01
1.624940879103737856e-01,3.737880198383992103e-01,1.521037469523228713e-01,2.078813247089822680e-01,3.074419959095991417e-01,2.568010285047218622e-01,4.492569639917525226e-01,1.826491166364092589e-01,4.758445260571737556e-01,3.745137350251716568e-01
3.241139314823703321e-01,5.128786908922005061e-01,2.517128757101803616e-01,3.562393944313053118e-01,3.689047259924890243e-01,3.460393834043427042e-01,4.608946978852993537e-01,3.070211486606135853e-01,3.699671231726644471e-01,4.071042126845600406e-01
8.770067672531481895e-01,9.964401339679005432e-01,5.955734957105347505e-01,8.634137147353845299e-01,5.794952223527181090e-01,6.526039572041665293e-01,4.991027315053831459e-01,7.350769033990052215e-01,3.342064263939957623e-03,5.178879761996479925e-01
5.124369757873767917e-01,8.877879541048998568e-01,4.531138553524384771e-01,5.194655453559583469e-01,4.495914090720996015e-01,4.853570048366014356e-01,4.303452272989811145e-01,5.230473025119766195e-01,1.249351681720878154e-01,4.256505312083516679e-01
1.629792615729707406e-01,6.720718758061171305e-02,2.931621009974765338e-02,2.222372193901872850e-01,2.945454109860314862e-01,2.061013583586336628e-01,5.129164497128178013e-01,8.046007278392854067e-02,6.510115868156376440e-01,4.026358325928675597e-01
9.211488304763663926e-02,4.015612752541681818e-01,1.441472123777575165e-01,1.392742148233297172e-01,2.844415650148099939e-01,2.326075971730017788e-01,4.258805747878205983e-01,1.580032606058514588e-01,4.714525016478864350e-01,3.522575757515405415e-01
2.658286321909662520e-01,3.924292690840927578e-01,1.876093254343866867e-01,3.059216043706861066e-01,3.437443104451656795e-01,3.021878844477920989e-01,4.712649273504537772e-01,2.386864128765410209e-01,4.483280851373377951e-01,4.017673409735399437e-01
1.751562922550216617e-01,5.311513101681670790e-01,2.186311677471300952e-01,2.128679383172846773e-01,3.184982015974402447e-01,2.881086225817200974e-01,4.198140320369490586e-01,2.413247128008800535e-01,3.838272390483741248e-01,3.636969334100914053e-01
6.702235440038305514e-01,7.435801689310058693e-01,4.380987102684493206e-01,6.769920563892676268e-01,4.976656942038864551e-01,5.259935807934730256e-01,4.997360532707377789e-01,5.509269052402312461e-01,1.816208987412808729e-01,4.830277129011972259e-01
1.051769199615435607e-01,1.605907794597676574e-01,5.107692604960506477e-02,1.626925133981281801e-01,2.786622996699318344e-01,1.979478609815489842e-01,4.790913038586109840e-01,8.379573476550991606e-02,6.070635718296646388e-01,3.779146017008450653e-01
2.845609829268314073e-01,5.873124161578047175e-01,2.708264432575827052e-01,3.150169048622287749e-01,3.584850595410741247e-01,3.422088350192168393e-01,4.355658602422447512e-01,3.128226386375265178e-01,3.338734328345585034e-01,3.892264590129457802e-01
1.146959767748488568e-01,3.370516361286075568e-01,1.244085958537075320e-01,1.638059861070549905e-01,2.894521914509605165e-01,2.311396077472435973e-01,4.449035221661913897e-01,1.473364011113787730e-01,5.046426870117781682e-01,3.644737457926694457e-01
6.116974627617544069e-01,6.813631503179664595e-01,3.972772826738297791e-01,6.238052596443975917e-01,4.749038028762180841e-01,4.917112207421495129e-01,4.979774976434539480e-01,5.019304612999807569e-01,2.267346289676490378e-01,4.723076429019436029e-01
3.910301720222618682e-01,6.156863402100967164e-01,3.110845343757056569e-01,4.156158496864214569e-01,3.962792126807166970e-01,3.904944257225083093e-01,4.563415581489135286e-01,3.736224092816847198e-01,3.002821766510105350e-01,4.164699760269781059e-01
7.994560708317155484e-01,6.074179873406853059e-01,4.185634573739503428e-01,8.068295102228033588e-01,5.362710043245570990e-01,5.562794771698177376e-01,5.603105299241297743e-01,5.677306948770752815e-01,2.383667277568705667e-01,5.316693550436498716e-01
1.761246407815475756e-01,2.476483429728858487e-01,1.052274382978723721e-01,2.266405114467261728e-01,3.067509858613212681e-01,2.414380666770069295e-01,4.788116649879299858e-01,1.470784523181093428e-01,5.457238058982046836e-01,3.898477643037357443e-01
6.442335578923018558e-01,7.711493419143573558e-01,4.421018484132770432e-01,6.508720051657984618e-01,4.899096772768915531e-01,5.199335833805464047e-01,4.875154477162425004e-01,5.476094837318784547e-01,1.701026605546132886e-01,4.732284409646401180e-01
1.126969052157241469e-01,1.736496677361581142e-01,5.835265045132896622e-02,1.692969700367369934e-01,2.818027662854675208e-01,2.031936124316952585e-01,4.782676239380551086e-01,9.178326872457846786e-02,5.983718985085200170e-01,3.788296920515615840e-01
7.742598746148878774e-01,9.081643678982174173e-01,5.323083776102530695e-01,7.690910211343493508e-01,5.404277355925376503e-01,5.958969594723801944e-01,4.916734531123727603e-01,6.560592819993378289e-01,7.056675915077820216e-02,4.971556033710349820e-01
6.951654760686150070e-01,8.222570733455063507e-01,4.764090936952631306e-01,6.972950223768210609e-01,5.095886846805798287e-01,5.492635037905153617e-01,4.896750624225764126e-01,5.892339634947381111e-01,1.325782856702196477e-01,4.828346665207168265e-01
3.107075190423449484e-01,5.107307054878371666e-01,2.472149044867936740e-01,3.435075926721578576e-01,3.642064635235732761e-01,3.401958923693985115e-01,4.579833709915880902e-01,2.998413508071970379e-01,3.733824325526389210e-01,4.035436937846937910e-01
2.235560664743473439e-02,1.690581527175724907e-01,3.200479718725151440e-02,8.305383130358652555e-02,2.505638703866204797e-01,1.654570657380604881e-01,4.566009411811672858e-01,4.670276572356395900e-02,6.157372263216408514e-01,3.539343840844318967e-01
3.860599955680194539e-01,5.774768903131568543e-01,2.944167446156695234e-01,4.125910142910737544e-01,3.929432597646180803e-01,3.821167718358253751e-01,4.630160030562589513e-01,3.584616101077495731e-01,3.229342446270920264e-01,4.185652271496799748e-01
8.201651198599326786e-01,9.274818858507418717e-01,5.525062072839569405e-01,8.121442745071961733e-01,5.570248980526518734e-01,6.178918186213450126e-01,4.991629993116239450e-01,6.846402765457623163e-01,5.203433831881398158e-02,5.082552709861327678e-01
5.185929360961702983e-01,6.580190488718109521e-01,3.626612681654067250e-01,5.357675841975769737e-01,4.419163600534273262e-01,4.497304736037289752e-01,4.795054212499842428e-01,4.492531318367897764e-01,2.552700864223835242e-01,4.483498783380121533e-01
1.745031232432992796e-01,1.467298613507654892e-01,6.432576251018037872e-02,2.296615763800745058e-01,3.018936959003059584e-01,2.240200391606304020e-01,4.993207659761036976e-01,1.125818711270452493e-01,6.036749099718896616e-01,3.986057165632742039e-01
4.408678871353791280e-03,1.538335368446048790e-01,2.103223112315318402e-02,6.656955026345377779e-02,2.437481965729539901e-01,1.555842947571712542e-01,4.552629249641468867e-01,3.296567895096986361e-02,6.273681985713791542e-01,3.502952686529731685e-01
4.711493238302547071e-01,5.849612319351923384e-01,3.204997289455189802e-01,4.936772553785114259e-01,4.225007257147364026e-01,4.181840922251230386e-01,4.827682482904326888e-01,4.019769829165033559e-01,3.047722834998173314e-01,4.417248149856370376e-01
6.839455203903228864e-02,1.831927432143303780e-01,5.016087600288800935e-02,1.264698734716233619e-01,2.669861324388770329e-01,1.866461804100725541e-01,4.651981083030441444e-01,7.361668788732116109e-02,6.001456294569402772e-01,3.655446377987032203e-01
5.198961370976342700e-01,5.923394377159346691e-01,3.366814983812437823e-01,5.399907055500213771e-01,4.395655834310472909e-01,4.393597763828903657e-01,4.934436113518846923e-01,4.279389776101779619e-01,2.926009024120325153e-01,4.547105923302379171e-01
7.247769832854645822e-01,9.178300649325313865e-01,5.227604380361470238e-01,7.213009051189072096e-01,5.238361799919204476e-01,5.772496297777958141e-01,4.772815012423636816e-01,6.354365293214793153e-01,7.311569235550953449e-02,4.824077223291010075e-01
6.000703845457270313e-01,7.552279299615242136e-01,4.237382114672395006e-01,6.093319273940529524e-01,4.740558358373717085e-01,4.992155255608589637e-01,4.797582211983258405e-01,5.210027828733648780e-01,1.864095667797860123e-01,4.623069049312725776e-01
5.333458481223019021e-01,7.148653342614889050e-01,3.894549975570464895e-01,5.473094474275644883e-01,4.494079846242182708e-01,4.652060070326948238e-01,4.714177950804154804e-01,4.753556497646549972e-01,2.203686994806587363e-01,4.472945791371024660e-01
1.202470167586421612e-01,3.026199712714916501e-01,1.121095526267849446e-01,1.706781449674533435e-01,2.898925295194366702e-01,2.276951893151798745e-01,4.534291716883753209e-01,1.385091550968056417e-01,5.234185973005280879e-01,3.691722821705542001e-01
1.172079507982755758e-01,3.560841146440975602e-01,1.327208179015041400e-01,1.653474054824727868e-01,2.911263280636743334e-01,2.353274440456867844e-01,4.415880038337244851e-01,1.549056240857712985e-01,4.933535632902635859e-01,3.634402488687943911e-01
2.106557839643536101e-01,4.189644741749524171e-01,1.832814522438030169e-01,2.519221606203870256e-01,3.259163645620967165e-01,2.840124667695962946e-01,4.519522536979341809e-01,2.209567577457532406e-01,4.421625683221181435e-01,3.838851544746537114e-01
8.878077471748455629e-01,9.728500658943972645e-01,5.890453890392080005e-01,8.748185020826297897e-01,5.822015116322502015e-01,6.531081091364036029e-01,5.066958895904329907e-01,7.324022222684397621e-01,1.506413570992684060e-02,5.230679206930776148e-01
5.423866940615049703e-01,8.441458428928445556e-01,4.437406646151740297e-01,5.501031096432057454e-01,4.580232146462703824e-01,4.903692014167701507e-01,4.468882807888658881e-01,5.229037377824300448e-01,1.449948412101587369e-01,4.380265694338782434e-01
1.733351746251732828e-01,5.531472607410803377e-02,2.735735596296311536e-02,2.326860693660017243e-01,2.975971964148972915e-01,2.083653811436200209e-01,5.179738827488334918e-01,8.147881034342988049e-02,6.561197503866044167e-01,4.066232525315359725e-01
8.317298118412551344e-02,3.755958492803843640e-01,1.313110739841724939e-01,1.318938830908467641e-01,2.802625536192496214e-01,2.246371631371958111e-01,4.290231007990248924e-01,1.450184981625876612e-01,4.877537568143775482e-01,3.521222213666190815e-01
3.081155318626903616e-01,3.127258877042115581e-01,2.925648678338651498e-01,3.078686256485407835e-01,3.091596655741816746e-01,3.083383757320640739e-01,3.081329623490395853e-01,3.071018496027968503e-01,3.165112865195829350e-01,3.088122438514965262e-01
3.177064016841085192e-01,3.437228767112349703e-01,3.060189188478376066e-01,3.307278719174567838e-01,2.897985515591529615e-01,2.960204985943903910e-01,2.647380337977994214e-01,3.027288767150672077e-01,2.659163348597896048e-01,2.768564659052188959e-01
2.779076970164897076e-01,2.779845108423694700e-01,2.479739055419219462e-01,2.733418453557050487e-01,3.009703640905577737e-01,2.931932020980813625e-01,3.144027029414942498e-01,2.826371972834074708e-01,3.251960932276676819e-01,3.086290685385153498e-01
3.347988124755196249e-01,3.289033036357520423e-01,3.324642850126906524e-01,3.297209187853893386e-01,3.323533400545674033e-01,3.341627526103570500e-01,3.326845520220717556e-01,3.375348526796825288e-01,3.436048339744994795e-01,3.322395668909662314e-01
3.008645795298033887e-01,3.177122465616954439e-01,2.813920113408059365e-01,3.075209506167008167e-01,2.925373536251423823e-01,2.932730687959399507e-01,2.820052629504244401e-01,2.931271280372811927e-01,2.866698279553131501e-01,2.874026210066873976e-01
3.215776540259609462e-01,3.330429576968974015e-01,3.122665143780393726e-01,3.261361546299214043e-01,3.074917346194793177e-01,3.109409802381917221e-01,2.953135672586401084e-01,3.150649487688636508e-01,3.010579253506133757e-01,3.011422958178278098e-01
2.873957461544889846e-01,2.890213812266010929e-01,2.619751856008779023e-01,2.842608458705048191e-01,3.034052172347028176e-01,2.978430776312409600e-01,3.121744860614342199e-01,2.902454316726779115e-01,3.221690895521697184e-01,3.084863897350646478e-01
2.972668088766588501e-01,3.104392326017336723e-01,2.761916548130453064e-01,3.015406332515352394e-01,2.950104789842634689e-01,2.941585606909132844e-01,2.892535437247468755e-01,2.921197322875959124e-01,2.952159315246401516e-01,2.924078232354452300e-01
2.844440065827256725e-01,2.632472057647322616e-01,2.584064104271370788e-01,2.675523503598696284e-01,3.272198982284681978e-01,3.155590791586921906e-01,3.591945833473483840e-01,3.014622896438819977e-01,3.766357924677924407e-01,3.443508713927703191e-01
3.266119046327795594e-01,3.239623314814101818e-01,3.202216356844608813e-01,3.230296797647618789e-01,3.252123050086641043e-01,3.262200309233242446e-01,3.251049271590857881e-01,3.281837527313083425e-01,3.352380259141049534e-01,3.250154917050110948e-01
2.824703338382434925e-01,2.903357327502914531e-01,2.544587315530409954e-01,2.827896219333618788e-01,2.943938650781894317e-01,2.893874606336365174e-01,2.987247488795624628e-01,2.820130217028108399e-01,3.068645212461704186e-01,2.972667113838390329e-01
3.327722803952223307e-01,3.307991495789792125e-01,3.293239466004833638e-01,3.299230034598100159e-01,3.271552529119957087e-01,3.295214365273820278e-01,3.243407891266144039e-01,3.333237543883381671e-01,3.340613124296398229e-01,3.254506363615509157e-01
2.717635729711790349e-01,2.796705396459716053e-01,2.385959925569554885e-01,2.715342761258181525e-01,2.896781981879921752e-01,2.826055293773273025e-01,2.975287028172007853e-01,2.723395629497343262e-01,3.059933445057199664e-01,2.945587698574311242e-01
2.780463450104544432e-01,2.840746675527853204e-01,2.479696373317728797e-01,2.770341089068938389e-01,2.944848417373046590e-01,2.881756742406136884e-01,3.020756438220336682e-01,2.791434325579993936e-01,3.109470876960001573e-01,2.991208410173125665e-01
3.005901929316183718e-01,3.077833203833342246e-01,2.813256464596066153e-01,3.014792383427373212e-01,3.030365923125529215e-01,3.013813323736340699e-01,3.019970945096004389e-01,2.987501339291287472e-01,3.097810046543170159e-01,3.028146667232894940e-01
3.375648393713013840e-01,3.404647098594087984e-01,3.362520980230344070e-01,3.378757716909135400e-01,3.238858557589732179e-01,3.283614013626421912e-01,3.147326105027547505e-01,3.346795352737129692e-01,3.227316480474495819e-01,3.188197398883557132e-01
2.948961445756874689e-01,3.023264609696897920e-01,2.728819789150798147e-01,2.956215989490958429e-01,3.002921489603201377e-01,2.975900927757569869e-01,3.009150068481482587e-01,2.934748373537882649e-01,3.088023891476711080e-01,3.010296792889460282e-01
2.712147471691429557e-01,2.776668210017610439e-01,2.378342019485923664e-01,2.700891663083812566e-01,2.910390378600152816e-01,2.835076470742216581e-01,3.004887716244247220e-01,2.727296201482530269e-01,3.094395165725236652e-01,2.967560997520007349e-01
2.879477373544964136e-01,2.917816360890246874e-01,2.627151251051466074e-01,2.861581846247093774e-01,3.012171342835202048e-01,2.962967528090447722e-01,3.076525071969559710e-01,2.894001537410118008e-01,3.169181726165082869e-01,3.050819135386972358e-01
3.337936699823711995e-01,3.239493360702880853e-01,3.311143533937338512e-01,3.263090532778178954e-01,3.362581964227803200e-01,3.369165105423053141e-01,3.407688978969672933e-01,3.390300984670532869e-01,3.529932404325594741e-01,3.383230058268446583e-01
3.375468195288066076e-01,3.408520369295615637e-01,3.362111230425989805e-01,3.380983117720568476e-01,3.234321596592414361e-01,3.280023620160479880e-01,3.138901891662497778e-01,3.344168333718659514e-01,3.217591939272750334e-01,3.181653761051323470e-01
2.997606520470204594e-01,3.045009171119994473e-01,2.801831545566141335e-01,2.991437434551643126e-01,3.053726482911900408e-01,3.029625783670423234e-01,3.069975185895026937e-01,2.994940272144252513e-01,3.155979448241438279e-01,3.065428537251986829e-01
3.318907208027065958e-01,3.323166834830501015e-01,3.279334638759496823e-01,3.304237294382801893e-01,3.241320093644067257e-01,3.269081547653342468e-01,3.192744932935999702e-01,3.310706301756572989e-01,3.282498841392086919e-01,3.213865422668552574e-01
2.949230705954307696e-01,2.964486886613190708e-01,2.731298837073105057e-01,2.921316678391692179e-01,3.067984031986303872e-01,3.026717965193072568e-01,3.131621601164932267e-01,2.970893436136219923e-01,3.229511755632873404e-01,3.105036988576366785e-01
2.718408724707944146e-01,2.843627277238543472e-01,2.385479287132921677e-01,2.743654843283549472e-01,2.846360507417351471e-01,2.786958281699667972e-01,2.879669858646100589e-01,2.696032223604288847e-01,2.949422760964663937e-01,2.871784958183141168e-01
2.868408373938629019e-01,2.955411776856491923e-01,2.609038953872945821e-01,2.878916660127266991e-01,2.953817966341080181e-01,2.914251245922044875e-01,2.974464012827327530e-01,2.854437432728538782e-01,3.051790781221188076e-01,2.970061738033993870e-01
2.901372525746925835e-01,3.001702104856718289e-01,2.657403441334995065e-01,2.921586427728223856e-01,2.953538567727036490e-01,2.923591304773298649e-01,2.950247016719705906e-01,2.876039686867228329e-01,3.022238665842690297e-01,2.956827092437850912e-01
3.246423478667143092e-01,3.313451781623417691e-01,3.169744082958494413e-01,3.265272572391089145e-01,3.140666459925128828e-01,3.169570262103436620e-01,3.055070203538540752e-01,3.207223702604013460e-01,3.126890153967631369e-01,3.095343127135223860e-01
3.208793422183638944e-01,3.314142910305434842e-01,3.112647924212841311e-01,3.248460983319384487e-01,3.082104399603737832e-01,3.112989866209567302e-01,2.971704248542580973e-01,3.150013640297239514e-01,3.032366037161964289e-01,3.024617234217010231e-01
3.083405341993465387e-01,3.181841089958581947e-01,2.927138317386124289e-01,3.112238767923790617e-01,3.035018468964035820e-01,3.039913702660731465e-01,2.973043464437615802e-01,3.041226441535428426e-01,3.039894277277930823e-01,3.004769989268636365e-01
2.650164432040624796e-01,2.732049105820332779e-01,2.285907017087551729e-01,2.645935652739847543e-01,2.864256963749771678e-01,2.781127401500230190e-01,2.962455664317290571e-01,2.660883600960065598e-01,3.048326734643644342e-01,2.924429457387785480e-01
2.819190170521166383e-01,3.104828824277890420e-01,2.529128127895962641e-01,2.945419088555646936e-01,2.713873924437062990e-01,2.712860293536840106e-01,2.557459290523086959e-01,2.689308945418416030e-01,2.572341084181807291e-01,2.639435416645339316e-01
3.378779843602842670e-01,3.202465914032999184e-01,3.374392925040627378e-01,3.259721862203727727e-01,3.466045407832790137e-01,3.461693438788037702e-01,3.573400188296669833e-01,3.474453739673615815e-01,3.719443014885200904e-01,3.518160668652084433e-01
3.214371471877970343e-01,3.403777140648141519e-01,3.117950187657994032e-01,3.304422395744463503e-01,2.992084937612095596e-01,3.044405623377552939e-01,2.797978160292296512e-01,3.103931385434373080e-01,2.831380960203294106e-01,2.891220703319521412e-01
3.167629755707185302e-01,3.204075276633636116e-01,3.054094405111925092e-01,3.164036731294256333e-01,3.139936806803887981e-01,3.146155022412094326e-01,3.110320975292903967e-01,3.154815602923948803e-01,3.194484003684356366e-01,3.124940503980291329e-01
3.117691252340000774e-01,3.356868246290618529e-01,2.972972202712325651e-01,3.232221010571195707e-01,2.895173205275863859e-01,2.940796689971927336e-01,2.684747397931676050e-01,2.986547399661445557e-01,2.705168412401486311e-01,2.787568756283390070e-01
2.852156364093705321e-01,2.874171545916017756e-01,2.587252264872321184e-01,2.823071284821035976e-01,3.018209157954834798e-01,2.959754392924367483e-01,3.107543105590549470e-01,2.879307141551805116e-01,3.206322424424716822e-01,3.070252199252728742e-01
3.344197708894844911e-01,3.301663631933274279e-01,3.318449135503154235e-01,3.303000209775401319e-01,3.303818860117364586e-01,3.325154129241230661e-01,3.292400945531886447e-01,3.361948377312452552e-01,3.396432694815145759e-01,3.295131747754582729e-01
3.053896270759615117e-01,3.253538104220553007e-01,2.879857433504115494e-01,3.141452850517157946e-01,2.910832142291538416e-01,2.934510958975811712e-01,2.760117146762762208e-01,2.953098444805400402e-01,2.795291820013254824e-01,2.835220147925321399e-01
3.243435142454128561e-01,3.354864874452051504e-01,3.163752871369610586e-01,3.288580684312655822e-01,3.090526420599756241e-01,3.129602129922215981e-01,2.962686778130376175e-01,3.177533356722359037e-01,3.020295074636719090e-01,3.023414297182373534e-01
2.904137640454304004e-01,2.917785851876311676e-01,2.664553441480079221e-01,2.872850749964751538e-01,3.050084464563326270e-01,2.999684280425254368e-01,3.130281702862759974e-01,2.931236414448976091e-01,3.230114583057765443e-01,3.096490960418163407e-01
3.006396750271798091e-01,3.143454474544923882e-01,2.811695173638832923e-01,3.054119126824658692e-01,2.958949913078282035e-01,2.958263085363387335e-01,2.884971843419766313e-01,2.948348306254255369e-01,2.941811679683065117e-01,2.923847371826815422e-01
2.889173919907689903e-01,2.678712326223832707e-01,2.650280932364287856e-01,2.723550473509000480e-01,3.290053572058722064e-01,3.182485247313747156e-01,3.593459086842483718e-01,3.054017970390360825e-01,3.765972521775991511e-01,3.452128955948983724e-01
3.274726952723828188e-01,3.253010191746785740e-01,3.214799975976914692e-01,3.242213199282587555e-01,3.250621208932055750e-01,3.263524960068211467e-01,3.242031575011700140e-01,3.286688606179042349e-01,3.341550833772587437e-01,3.244616009252069277e-01
2.844608779899722717e-01,2.913547660995573496e-01,2.574418007746696047e-01,2.843078886614656131e-01,2.963306304238970679e-01,2.914750031381828088e-01,3.009456732902665022e-01,2.843974700504978692e-01,3.093355768496886538e-01,2.993154514605226857e-01
3.334708128717548403e-01,3.297895474007681571e-01,3.304189464816538191e-01,3.296411551779005467e-01,3.293386881743393668e-01,3.314267258822958251e-01,3.279552959278061453e-01,3.349918226404938748e-01,3.382041083549346405e-01,3.283617206655775056e-01
2.729795166676649565e-01,2.816211464048190005e-01,2.403714418875337044e-01,2.732530813431316430e-01,2.894005064999320420e-01,2.827415343347593479e-01,2.961313013420916462e-01,2.729885881237290590e-01,3.043208201043819394e-01,2.936808039775165580e-01
2.801057313375162616e-01,2.874492059986632486e-01,2.509741345819110903e-01,2.799874064593197986e-01,2.939365595193382807e-01,2.883452153959860653e-01,2.995619330435159711e-01,2.801995536394515374e-01,3.079445742238935968e-01,2.975202124478734667e-01
3.088595727493100851e-01,3.196219086814313659e-01,2.934503820527479268e-01,3.123181515607761360e-01,3.027177000918389038e-01,3.035303491799508646e-01,2.954529471124650586e-01,3.040317297167638988e-01,3.018256069463450264e-01,2.991319346432841919e-01
3.364199988763373894e-01,3.398366325200232185e-01,3.345378964894694107e-01,3.369775363251706346e-01,3.228181310473897669e-01,3.271967909843985778e-01,3.135423445622514960e-01,3.333336768083361434e-01,3.214110512310455747e-01,3.177087555256842277e-01
3.029082680698681473e-01,3.135223452569231295e-01,2.846391871741716373e-01,3.059598116298823944e-01,3.002849992417561675e-01,2.999076302867021981e-01,2.951434817160367707e-01,2.987589760553477913e-01,3.017519318863591815e-01,2.979014963339470801e-01
2.705384248906102518e-01,2.771315538260676337e-01,2.368273112847275041e-01,2.694606739102738402e-01,2.905889028023418419e-01,2.829605101756435537e-01,3.001261640320436741e-01,2.720343998595351476e-01,3.090528285469609782e-01,2.963630925402788718e-01
2.944860007199680552e-01,3.014583284636046523e-01,2.722905155425267010e-01,2.949166003246761480e-01,3.006169937792575464e-01,2.977245016085143803e-01,3.018222066021964967e-01,2.933837159025227681e-01,3.098701098876206483e-01,3.016628215061337714e-01
3.331213328829114584e-01,3.218262771922228427e-01,3.301694429882758852e-01,3.247363033817761147e-01,3.375605767083550424e-01,3.377372266690027991e-01,3.437075143030605684e-01,3.393063197826878263e-01,3.564205183235670260e-01,3.404831784990568488e-01
3.378001186581437998e-01,3.413137615249622892e-01,3.365790243799286485e-01,3.384893649783016212e-01,3.233133958663244600e-01,3.279831881978166885e-01,3.134842413652156323e-01,3.345183595929608900e-01,3.212780892263726873e-01,3.178936817116490565e-01
2.999551878899750501e-01,3.041738788575272801e-01,2.804897194939326988e-01,2.990379182405882297e-01,3.060311719777364936e-01,3.035325330944787514e-01,3.080992535022703538e-01,2.999864627795649219e-01,3.168615839924311395e-01,3.074271173526677003e-01
3.342625361193393707e-01,3.351440553264279920e-01,3.314310841608773539e-01,3.331939989439152705e-01,3.246654580217033237e-01,3.280118714844079131e-01,3.185756811810411815e-01,3.329309515893522642e-01,3.273293589045528362e-01,3.212412321396500570e-01
2.980918967316746881e-01,2.989302608467370170e-01,2.778484765222990482e-01,2.950606879061135612e-01,3.089364466462650172e-01,3.052579481397736938e-01,3.149157703713301171e-01,3.003627401850021417e-01,3.248261040646639453e-01,3.123873469627067578e-01
2.739189424964101893e-01,2.875657837560151031e-01,2.415868038198163703e-01,2.772251561218502247e-01,2.843050792819221684e-01,2.790402562595428182e-01,2.858495524922211595e-01,2.707918068656842703e-01,2.923967209502108533e-01,2.858873817855108745e-01
2.866615528985107519e-01,2.957705101111952617e-01,2.606239035481838218e-01,2.879462540552565342e-01,2.948541654010040647e-01,2.909616683520014901e-01,2.965804825691405466e-01,2.850337326740229327e-01,3.041871679234589010e-01,2.963067839919522606e-01
2.908914267186491487e-01,3.018509878241345534e-01,2.668249541782535261e-01,2.935053174469442472e-01,2.946636432104804970e-01,2.920395406532094729e-01,2.931814143834831077e-01,2.877201737872657206e-01,3.000582024276637894e-01,2.943830778222816802e-01
3.260886758268106145e-01,3.336108472831245675e-01,3.190881717650785876e-01,3.285392391482282459e-01,3.137963040897787659e-01,3.171655627511723030e-01,3.039579062527365538e-01,3.215275146748812207e-01,3.108302166197144945e-01,3.085774114790983957e-01
3.232124250437607982e-01,3.358923802091625110e-01,3.146455159658477774e-01,3.285822154539739248e-01,3.068687882551039969e-01,3.109291775225250798e-01,2.929642459837817903e-01,3.157995437664798954e-01,2.982655975313788232e-01,2.995980562348340981e-01
3.169359609862953397e-01,3.276069227012026741e-01,3.054181731017500678e-01,3.207725897794993508e-01,3.063408640352500711e-01,3.086976171006828307e-01,2.964796141414086650e-01,3.113651644708235744e-01,3.026265544776456928e-01,3.012708369596880376e-01
2.660033941683227487e-01,2.711287224292068254e-01,2.301607075390960100e-01,2.638082045899948214e-01,2.902252844333326753e-01,2.813620116867020515e-01,3.026997946929833039e-01,2.688402162794469863e-01,3.122426588946951576e-01,2.975977456809220656e-01
2.834476149548593171e-01,3.055149972551329807e-01,2.554061813604615594e-01,2.922814515992471218e-01,2.791995252317607812e-01,2.778215307053761851e-01,2.693759065212292803e-01,2.742584262520516014e-01,2.729089482434536862e-01,2.747368606190993545e-01
3.382290731197897804e-01,3.186447314659295871e-01,3.380282047305376292e-01,3.251784166118997788e-01,3.489057003549941860e-01,3.480656992118712489e-01,3.614261722214501260e-01,3.489492048783186529e-01,3.766485995844304213e-01,3.550339647714332858e-01
3.231447366579682234e-01,3.404474521090802841e-01,3.143823859783578256e-01,3.312653619256821780e-01,3.017547437251923981e-01,3.069213682374757335e-01,2.833711765026381557e-01,3.129277639869645911e-01,2.871852209949432022e-01,2.921693933518226260e-01
4.981945864986916384e+00,3.977874292961535385e+00,6.654906345552591418e+00,4.872319325966487646e+00,4.613845480768254070e+00,4.877345067985825899e+00,3.875022273522600536e+00,5.273378274715537550e+00,3.310745206638074478e+00,4.281438042358398199e+00
4.366946832021452625e-03,2.999084478813023903e-03,4.318551355794921637e-03,4.811545107056611377e-03,3.357692374822392103e-03,3.252158522604776947e-03,4.163270911911333937e-03,3.179587634836395470e-03,4.392362473336667954e-03,3.741368394421521609e-03
2.565468968272473921e-03,2.013008106947438477e-03,3.093826113791635878e-03,3.235979104256291039e-03,1.534079689939803247e-03,1.506304922703903277e-03,1.787342569884525778e-03,1.509053644045633882e-03,3.062222989960115480e-03,1.661950750636971130e-03
8.387706473127120796e-03,5.568744471644090574e-03,7.921781907258857586e-03,8.188493175173299291e-03,6.473237801988006995e-03,6.272053952979773743e-03,8.165749767309282009e-03,6.101659509948069611e-03,8.279903553596226068e-03,7.276258213955392323e-03
1.196779478208119616e-03,8.529479282196295812e-04,1.194391368887041732e-03,2.194443670240703997e-03,1.212071715036159517e-03,1.156587514265903453e-03,1.430940387603201825e-03,1.138260589737164581e-03,1.028072025161159931e-03,1.314475392657164007e-03
4.981759316528940745e-03,3.502292050296938221e-03,5.129587431575668988e-03,5.286171568077978854e-03,3.548640775291642558e-03,3.451775344669914380e-03,4.386441555760700085e-03,3.385262514456132202e-03,5.261534430938124597e-03,3.951109586464558732e-03
2.447999863775764205e-03,1.812700001974082778e-03,2.693228296766683478e-03,3.184719620154052161e-03,1.767205546971372483e-03,1.715772867672744157e-03,2.111972907760610758e-03,1.697514031386172535e-03,2.636668915919630502e-03,1.934299738632016012e-03
7.121534021337185168e-03,4.760569446053406102e-03,6.789530062179386857e-03,7.124671484077416996e-03,5.489450368921726386e-03,5.318605827151066945e-03,6.901690301330478186e-03,5.179213817284151165e-03,7.058257226273892057e-03,6.159990788721711810e-03
5.543057410544732430e-03,3.835068899072802823e-03,5.571408407732531681e-03,5.767414613562683520e-03,4.050732641313788129e-03,3.935033689297885370e-03,5.036677418688552399e-03,3.849919889654961503e-03,5.739595389800539182e-03,4.522407161188628406e-03
8.102749620507230036e-03,5.202450168360864269e-03,7.232084184499291447e-03,8.018874757401320968e-03,6.729153615285267918e-03,6.495845608208017895e-03,8.531489968337269483e-03,6.297285483241034550e-03,7.545569607494954749e-03,7.578157110247257799e-03
2.168850762258484575e-03,1.511228786368458508e-03,2.152848392604759641e-03,2.996848721593190455e-03,1.869444184452114226e-03,1.798657373495252685e-03,2.268020217536067650e-03,1.763737414658352607e-03,2.060188264961483866e-03,2.058008722972977985e-03
7.593653387100132018e-03,5.120057958405677644e-03,7.348827996088979145e-03,7.499333191950747352e-03,5.705781600192492108e-03,5.535905649862356455e-03,7.168012945948434682e-03,5.396033953456918185e-03,7.658617989050372360e-03,6.401821532632708152e-03
1.355407177043581280e-03,9.893052581897827068e-04,1.419033518768169364e-03,2.314432390889152591e-03,1.244449840452166748e-03,1.192580372953036885e-03,1.465514641670310645e-03,1.177059904472920219e-03,1.268581285105535280e-03,1.349020370711719388e-03
8.975422507258310270e-03,6.016786362672921738e-03,8.619281033625934840e-03,8.654687307982873029e-03,6.741154868141896114e-03,6.541289550755593520e-03,8.495397831987281170e-03,6.370399726420086957e-03,9.028590579344830322e-03,7.575698783116644082e-03
8.213340743632190077e-03,5.506390154058423900e-03,7.881269512420793072e-03,8.023469784119450013e-03,6.211085408926577366e-03,6.024416953772622832e-03,7.819115493437004544e-03,5.867618306991792890e-03,8.233587203126141452e-03,6.975746121304794885e-03
5.271005131891758413e-03,3.607588316870310487e-03,5.201177698212906299e-03,5.559215856241001875e-03,3.978696565088889192e-03,3.858145232279967720e-03,4.954895759110848792e-03,3.769433548043245319e-03,5.342999863290074161e-03,4.444033647661244091e-03
6.083051607217482585e-04,5.462101320374751273e-04,8.305796398304423353e-04,1.673946497273180256e-03,5.765687388285331430e-04,5.497332249338325767e-04,6.006007782904504953e-04,5.589404967322183582e-04,6.318697050475110058e-04,5.890907615233127378e-04
6.000200580135808988e-03,4.082651031314269395e-03,5.875958066232764634e-03,6.168231369503447518e-03,4.520338115062848619e-03,4.384348389650653474e-03,5.648918167429883494e-03,4.279617487368986631e-03,6.070543361283419273e-03,5.058012761909303628e-03
9.084555095470053104e-03,6.075173767633883226e-03,8.690294004486983151e-03,8.750644705584995076e-03,6.855118982152595686e-03,6.650258206123189735e-03,8.644085348987804937e-03,6.474548561970585626e-03,9.105810194177698866e-03,7.705713734233764385e-03
6.992187352714471747e-03,4.695494227406947149e-03,6.715096010828797320e-03,7.009378338838396713e-03,5.343695170100749327e-03,5.179643090359633238e-03,6.710910670328659386e-03,5.046750123110655371e-03,6.977015592474635798e-03,5.993515429699458781e-03
1.430411519185840292e-03,9.708296789306849854e-04,1.329639039786007686e-03,2.402562953023738498e-03,1.474462023367155818e-03,1.406780737763512878e-03,1.774337328537527658e-03,1.376779696808183052e-03,1.175661052290232628e-03,1.614151751007802688e-03
5.999764643949646523e-04,5.442643114420129451e-04,8.310795629586664214e-04,1.665673220479849332e-03,5.613741905898230128e-04,5.354501189375012642e-04,5.804027734724216811e-04,5.455035787170889241e-04,6.322296800775632688e-04,5.716395195363449143e-04
5.442629729186415286e-03,3.698003711474737686e-03,5.309538626997118219e-03,5.710653015873903317e-03,4.161558753971368076e-03,4.032854442568051430e-03,5.193683137969464132e-03,3.936295037867004916e-03,5.460934574197109752e-03,4.652715714911951662e-03
1.406198108180629599e-03,1.042715492158682129e-03,1.513954191335582225e-03,2.349161192779118407e-03,1.229580488508112733e-03,1.180927863774069433e-03,1.442207015407120062e-03,1.168164037499248246e-03,1.369878716668331605e-03,1.330837286400641563e-03
6.151950540258626678e-03,4.130733404737000139e-03,5.896631796942719550e-03,6.314191478585837874e-03,4.764495905851470758e-03,4.614567184304583722e-03,5.972398652806579916e-03,4.496825354915415934e-03,6.095446035931731572e-03,5.338096839716555478e-03
8.844118607695603679e-03,5.970967106174300022e-03,8.591452306161706520e-03,8.529988617485091337e-03,6.540804307920774704e-03,6.352109546862516956e-03,8.230364292917350527e-03,6.191674324794353181e-03,8.996542271742983751e-03,7.345995063719303400e-03
7.007219037521863515e-03,4.746750456869336735e-03,6.826784858449876092e-03,7.006239033998388349e-03,5.247539329653633233e-03,5.091927036440286117e-03,6.579020870711975270e-03,4.966605410035449843e-03,7.095304676936534799e-03,5.881808221001924748e-03
6.546428269733892309e-03,4.459194374454121881e-03,6.430196972394234579e-03,6.616606304730003087e-03,4.872540016983875101e-03,4.729354211906451437e-03,6.095874807475133890e-03,4.616564930750089932e-03,6.667055915404880226e-03,5.455900574123894765e-03
2.177370587377946715e-03,1.596520593440379880e-03,2.348778669428660225e-03,2.973782801902277121e-03,1.669374690919957476e-03,1.615250762983120626e-03,1.994967275175572700e-03,1.595339751428027529e-03,2.267336682879339885e-03,1.826008567433837389e-03
2.562650243712633058e-03,1.879140564076841073e-03,2.779861073039708187e-03,3.283597943919852949e-03,1.873728414107764858e-03,1.818125170793124948e-03,2.250192148852845665e-03,1.795774921183849885e-03,2.730500337542362838e-03,2.055588302340123977e-03
4.200310768103069498e-03,2.935618351710203144e-03,4.270694506028294146e-03,4.655304272151255390e-03,3.117193647680157210e-03,3.024713017439679963e-03,3.845669453454237177e-03,2.964396583094617080e-03,4.338443642540925835e-03,3.465803598291429793e-03
9.839466749649429175e-03,6.579705392934845180e-03,9.418856340879543099e-03,9.376325508684363319e-03,7.382951301036329989e-03,7.164793405630515317e-03,9.317751050379116662e-03,6.974922687763206348e-03,9.890686915622661987e-03,8.303208461650481154e-03
7.120721600163503959e-03,4.989793463373031965e-03,7.330583791093596771e-03,7.037032717400021689e-03,4.894165714682630584e-03,4.771867785650734523e-03,6.090823604551640069e-03,4.676277209738915856e-03,7.629798062102770978e-03,5.470190604734754235e-03
1.107603124360524455e-03,6.950047951129387485e-04,8.764128970017987094e-04,2.157755630781172003e-03,1.404267477964370181e-03,1.329581487336534877e-03,1.698114294611780201e-03,1.294186236080697213e-03,6.903663570415723974e-04,1.538864039368078272e-03
2.269631426644039360e-03,1.760744881740576671e-03,2.679684874429108434e-03,3.011430174722538790e-03,1.468413559246630135e-03,1.434328391454859535e-03,1.715667553852717525e-03,1.432231984109597154e-03,2.618761190388474783e-03,1.591404774034924519e-03
3.275451717374405509e-03,2.282778443360798659e-03,3.296223189836401408e-03,3.901912769742481996e-03,2.560420047625042682e-03,2.476894838475009793e-03,3.142791498323551074e-03,2.427309602053224873e-03,3.290363338094936738e-03,2.837958785451143162e-03
3.387489024388846449e-03,2.528364507119100144e-03,3.806914398905261905e-03,3.930158847408509251e-03,2.196904906822031052e-03,2.147463872669929438e-03,2.640867176136121614e-03,2.128308416480075450e-03,3.832107992841770130e-03,2.414616654676070371e-03
7.387972943868693736e-03,4.938323877875871494e-03,7.045925866310971501e-03,7.345618913477542679e-03,5.676559712906366177e-03,5.500955494670430566e-03,7.140565710405731396e-03,5.356505395271415546e-03,7.334486749520537953e-03,6.371816388421162186e-03
1.202566729729770498e-03,8.707073716893439863e-04,1.232735961895218202e-03,2.193982319738414701e-03,1.180161771521954063e-03,1.127509880710126635e-03,1.387123889620031376e-03,1.111721694755373434e-03,1.068695236422093856e-03,1.277389644359353286e-03
4.315384445044764296e-03,3.096585079538009214e-03,4.579980796386010945e-03,4.718862922137634364e-03,2.980078246597797458e-03,2.903326035729321755e-03,3.651971530427781075e-03,2.856869981059437409e-03,4.667489875109185130e-03,3.304756377850869356e-03
2.099241082550589148e-03,1.583705973533871495e-03,2.366293799810981983e-03,2.894114675519948287e-03,1.512761144677427210e-03,1.468336012944913361e-03,1.786318321525925956e-03,1.457399321119001896e-03,2.284262067634431487e-03,1.645990079983521278e-03
6.738589906597397539e-03,4.509923553600155184e-03,6.432422167846446083e-03,6.805280871498007797e-03,5.208009846266001275e-03,5.045027470978514540e-03,6.541315012717268014e-03,4.913826657598027725e-03,6.673285761032389171e-03,5.841039128522131432e-03
5.093404254411032332e-03,3.547921135883321843e-03,5.168978696379005963e-03,5.389675704654028725e-03,3.701730522193849657e-03,3.596775853950502297e-03,4.588276270946474965e-03,3.522644771316778799e-03,5.305400289533634961e-03,4.126416177712598915e-03
7.521016726167834357e-03,4.826356305688991009e-03,6.700597794965732108e-03,7.531921127357534690e-03,6.289543588584159579e-03,6.069164186250718129e-03,7.967596803218842533e-03,5.883936158410050035e-03,6.972375561216646346e-03,7.079646661950068746e-03
2.045109561229805067e-03,1.435031948746771490e-03,2.048762514737226346e-03,2.891828885295827899e-03,1.766091677908069538e-03,1.698858129261907306e-03,2.134666026784854623e-03,1.667498712890588255e-03,1.947736253536649833e-03,1.940564452366330466e-03
7.362098936149875580e-03,4.961559361194876894e-03,7.116528108247811325e-03,7.308834621839742189e-03,5.553568388311087324e-03,5.386980386129705013e-03,6.974577871645174475e-03,5.250738962257027985e-03,7.408547079279934749e-03,6.229779351234486333e-03
1.310091123098302158e-03,9.453397139503225913e-04,1.343040390991779524e-03,2.282051404670233305e-03,1.248171934258274218e-03,1.194211257758583502e-03,1.473308125502997747e-03,1.176934005625288569e-03,1.187389016999047201e-03,1.354183349270488522e-03
8.799060431415029609e-03,5.908643500790982349e-03,8.472009540418190196e-03,8.504835012034880556e-03,6.592669831875733015e-03,6.397965252313255607e-03,8.303724778194392780e-03,6.232237109455860020e-03,8.869455969383275087e-03,7.406941777700898691e-03
7.912781073094069667e-03,5.322629372989155783e-03,7.631556192043833370e-03,7.767884820418781595e-03,5.956640811242534979e-03,5.778881104748650327e-03,7.490564262169239346e-03,5.630981693909777909e-03,7.963728107375273382e-03,6.686532350833592452e-03
4.109119716757874026e-03,2.884297319244816422e-03,4.205383786895078649e-03,4.576080963878115075e-03,3.028520604199650638e-03,2.939679228714909155e-03,3.730356087738834637e-03,2.882907599215597371e-03,4.267609949495804363e-03,3.364759460674884243e-03
7.425851592118624771e-04,6.377269099352832898e-04,9.643542173361886001e-04,1.784568414096655451e-03,6.658674310333599373e-04,6.370412236401671235e-04,7.141771232749673584e-04,6.440674993242916698e-04,7.758969529525949673e-04,6.900518467067452005e-04
4.881674803175279666e-03,3.384200656416464555e-03,4.912252093061232096e-03,5.222599733477275956e-03,3.611189711893823730e-03,3.505272153712685190e-03,4.477661962698008952e-03,3.430879368902146637e-03,5.029925746303010037e-03,4.025468148604188778e-03
9.168199231354683815e-03,6.130637976712801328e-03,8.769986110965733578e-03,8.820135797629026844e-03,6.914736044017857387e-03,6.708309465196892266e-03,8.720271249746424855e-03,6.530947336396176160e-03,9.191683717090854550e-03,7.773229350204991298e-03
6.065213856338210266e-03,4.120919998319269931e-03,5.926483118124355534e-03,6.224076397656238928e-03,4.579206717312569314e-03,4.440977384587927075e-03,5.725204057723106039e-03,4.334039500651512902e-03,6.125229346278125361e-03,5.125010450832344702e-03
1.555386904846478742e-03,1.039530113011772347e-03,1.415292809206771538e-03,2.511755240478299664e-03,1.600215744980170319e-03,1.527201810501760708e-03,1.938132995874081946e-03,1.492031313284225601e-03,1.268666705216331186e-03,1.757531388302294075e-03
5.617816375405606209e-04,5.212643886335486436e-04,8.001768384855237337e-04,1.633060423342590781e-03,5.281279640581511064e-04,5.034104039322120396e-04,5.374089177931080756e-04,5.146618909289406730e-04,5.988136777554020542e-04,5.338300902041054731e-04
5.431215481568062858e-03,3.686150715391505600e-03,5.288560566795262943e-03,5.702791679552945622e-03,4.164512382987848454e-03,4.035116810252369589e-03,5.198392568973359343e-03,3.937966469001664971e-03,5.438543392411058185e-03,4.656352431201046978e-03
1.087883561053730377e-03,8.401055349697395761e-04,1.230638302042541196e-03,2.081503784065500198e-03,9.807962122762299388e-04,9.398900908448504969e-04,1.122433377682935211e-03,9.350278172277553613e-04,1.064164187018093542e-03,1.048515652221342336e-03
5.760738974608861987e-03,3.871087269806596821e-03,5.523350629424958989e-03,5.989263899086627943e-03,4.486268893971687328e-03,4.343613993244337980e-03,5.616897717149169945e-03,4.233556253248717434e-03,5.693222584924861537e-03,5.023024034230607997e-03
8.546145037777551703e-03,5.787262075849667307e-03,8.340290432391898531e-03,8.277180126093561241e-03,6.292497233666122236e-03,6.112312371182863045e-03,7.910018385646656533e-03,5.960409125329723876e-03,8.725205162142351395e-03,7.063844953337005371e-03
7.019632967412330407e-03,4.758288571202831836e-03,6.846409588711879074e-03,7.015300980382135204e-03,5.247829024402027136e-03,5.092682750481938164e-03,6.578669524692193869e-03,4.967745979562915130e-03,7.116286411545213152e-03,5.881911118708979362e-03
6.424661459134973877e-03,4.388105282244558238e-03,6.336949918784895094e-03,6.511789059633576321e-03,4.760762831889932788e-03,4.621895670093316769e-03,5.950925609110487881e-03,4.513351803105923425e-03,6.566093656417324419e-03,5.328656766160508491e-03
1.969026493451711372e-03,1.468352731078475344e-03,2.173824102013723406e-03,2.796912566927473205e-03,1.495034660207508574e-03,1.446919875022883648e-03,1.769995595154260845e-03,1.433027673805130310e-03,2.078312657166999332e-03,1.627890577222162972e-03
2.204924625518258751e-03,1.665373063943990234e-03,2.494312312479146556e-03,2.977529768479765960e-03,1.558091381459232637e-03,1.514135665448188743e-03,1.841717867804565064e-03,1.503319491283764244e-03,2.421631454194279019e-03,1.696536825135000698e-03
3.068393144077453949e-03,2.208383424373038841e-03,3.247290631608069564e-03,3.706080478480858718e-03,2.250019878953492692e-03,2.183657810474837289e-03,2.732397160907819311e-03,2.150150916338364540e-03,3.234492136820090250e-03,2.482150299888906484e-03
9.792520687414322383e-03,6.523125862876386939e-03,9.314112724027467580e-03,9.346955541372473433e-03,7.415363354991372571e-03,7.192708689802481542e-03,9.364724852495327420e-03,6.998915547164955356e-03,9.779090359173897920e-03,8.341647912724304767e-03
7.094076228335205285e-03,4.917100950588781938e-03,7.175439372587269667e-03,7.035722154336112796e-03,5.017595601109262754e-03,4.884174071274859086e-03,6.260564858335684359e-03,4.778624094097103786e-03,7.465369022778395834e-03,5.613720751126389380e-03
1.113598020373993656e-03,6.822374437317222989e-04,8.426421667180665443e-04,2.169073112657221754e-03,1.451875846083834545e-03,1.373541203361418675e-03,1.762607669039400289e-03,1.334836924578110305e-03,6.548127216976667477e-04,1.593920158109168959e-03
2.092140107048085819e-03,1.631634737693900619e-03,2.483658150590339377e-03,2.868292283609324544e-03,1.371456103323820700e-03,1.338282183518371389e-03,1.594254852392637620e-03,1.337516774736605130e-03,2.408099832954681708e-03,1.482379067701319409e-03
